-- MySQL dump 10.13  Distrib 8.0.44, for Win64 (x86_64)
--
-- Host: 127.0.0.1    Database: sga
-- ------------------------------------------------------
-- Server version	8.0.44

/*!40101 SET @OLD_CHARACTER_SET_CLIENT=@@CHARACTER_SET_CLIENT */;
/*!40101 SET @OLD_CHARACTER_SET_RESULTS=@@CHARACTER_SET_RESULTS */;
/*!40101 SET @OLD_COLLATION_CONNECTION=@@COLLATION_CONNECTION */;
/*!50503 SET NAMES utf8 */;
/*!40103 SET @OLD_TIME_ZONE=@@TIME_ZONE */;
/*!40103 SET TIME_ZONE='+00:00' */;
/*!40014 SET @OLD_UNIQUE_CHECKS=@@UNIQUE_CHECKS, UNIQUE_CHECKS=0 */;
/*!40014 SET @OLD_FOREIGN_KEY_CHECKS=@@FOREIGN_KEY_CHECKS, FOREIGN_KEY_CHECKS=0 */;
/*!40101 SET @OLD_SQL_MODE=@@SQL_MODE, SQL_MODE='NO_AUTO_VALUE_ON_ZERO' */;
/*!40111 SET @OLD_SQL_NOTES=@@SQL_NOTES, SQL_NOTES=0 */;

--
-- Table structure for table `bl_contenedor_imo`
--

DROP TABLE IF EXISTS `bl_contenedor_imo`;
/*!40101 SET @saved_cs_client     = @@character_set_client */;
/*!50503 SET character_set_client = utf8mb4 */;
CREATE TABLE `bl_contenedor_imo` (
  `id` int NOT NULL AUTO_INCREMENT,
  `contenedor_id` bigint unsigned NOT NULL,
  `clase_imo` varchar(5) NOT NULL,
  `numero_imo` varchar(10) NOT NULL,
  `created_at` timestamp NULL DEFAULT CURRENT_TIMESTAMP,
  PRIMARY KEY (`id`),
  UNIQUE KEY `uq_contenedor_imo` (`contenedor_id`,`clase_imo`,`numero_imo`),
  CONSTRAINT `fk_imo_contenedor` FOREIGN KEY (`contenedor_id`) REFERENCES `bl_contenedores` (`id`) ON DELETE CASCADE
) ENGINE=InnoDB AUTO_INCREMENT=628 DEFAULT CHARSET=utf8mb4 COLLATE=utf8mb4_0900_ai_ci;
/*!40101 SET character_set_client = @saved_cs_client */;

--
-- Dumping data for table `bl_contenedor_imo`
--

LOCK TABLES `bl_contenedor_imo` WRITE;
/*!40000 ALTER TABLE `bl_contenedor_imo` DISABLE KEYS */;
INSERT INTO `bl_contenedor_imo` VALUES (623,1302,'9','3077','2026-02-02 15:50:45'),(624,1303,'9','3077','2026-02-02 15:50:45'),(625,1304,'9','3077','2026-02-02 15:50:45'),(626,1305,'9','3077','2026-02-02 15:50:45'),(627,1306,'9','3077','2026-02-02 15:50:45');
/*!40000 ALTER TABLE `bl_contenedor_imo` ENABLE KEYS */;
UNLOCK TABLES;

--
-- Table structure for table `bl_contenedor_sellos`
--

DROP TABLE IF EXISTS `bl_contenedor_sellos`;
/*!40101 SET @saved_cs_client     = @@character_set_client */;
/*!50503 SET character_set_client = utf8mb4 */;
CREATE TABLE `bl_contenedor_sellos` (
  `id` bigint unsigned NOT NULL AUTO_INCREMENT,
  `contenedor_id` bigint unsigned NOT NULL,
  `sello` varchar(35) NOT NULL,
  `created_at` timestamp NULL DEFAULT CURRENT_TIMESTAMP,
  PRIMARY KEY (`id`),
  UNIQUE KEY `uq_contenedor_sello` (`contenedor_id`,`sello`),
  KEY `idx_sello` (`sello`),
  CONSTRAINT `fk_sello_contenedor` FOREIGN KEY (`contenedor_id`) REFERENCES `bl_contenedores` (`id`) ON DELETE CASCADE
) ENGINE=InnoDB AUTO_INCREMENT=2424 DEFAULT CHARSET=utf8mb4 COLLATE=utf8mb4_0900_ai_ci;
/*!40101 SET character_set_client = @saved_cs_client */;

--
-- Dumping data for table `bl_contenedor_sellos`
--

LOCK TABLES `bl_contenedor_sellos` WRITE;
/*!40000 ALTER TABLE `bl_contenedor_sellos` DISABLE KEYS */;
INSERT INTO `bl_contenedor_sellos` VALUES (1482,1036,'3385964','2026-01-22 20:17:55'),(1483,1036,'CLOO2204','2026-01-22 20:17:55'),(1484,1037,'3386612','2026-01-22 20:17:56'),(1485,1037,'BZ023016','2026-01-22 20:17:56'),(1486,1038,'BZ023704','2026-01-22 20:17:56'),(1488,1040,'BZ023702','2026-01-22 20:17:56'),(1491,1042,'BZ023785','2026-01-22 20:17:56'),(1493,1044,'0001503','2026-01-22 20:17:56'),(1494,1044,'CL006234','2026-01-22 20:17:56'),(1495,1045,'BZ023781','2026-01-22 20:17:56'),(1496,1046,'BZ023782','2026-01-22 20:17:56'),(1497,1047,'BZ023719','2026-01-22 20:17:56'),(1498,1048,'0001564','2026-01-22 20:17:56'),(1499,1048,'CL006146','2026-01-22 20:17:56'),(1500,1049,'BZ023718','2026-01-22 20:17:56'),(1501,1050,'CL006147','2026-01-22 20:17:56'),(1502,1051,'CL006235','2026-01-22 20:17:56'),(1503,1052,'BZ023720','2026-01-22 20:17:56'),(1504,1053,'774951','2026-01-22 20:17:56'),(1505,1053,'BZ027262','2026-01-22 20:17:56'),(1506,1054,'BZ023701','2026-01-22 20:17:56'),(1507,1055,'BZ027264','2026-01-22 20:17:56'),(1508,1056,'JG65905','2026-01-22 20:17:56'),(1509,1056,'BZ027239','2026-01-22 20:17:56'),(1510,1057,'BZ027261','2026-01-22 20:17:56'),(1511,1058,'CL007865','2026-01-22 20:17:56'),(1512,1059,'CL006249','2026-01-22 20:17:56'),(1513,1060,'CL006200','2026-01-22 20:17:56'),(1514,1061,'0001580','2026-01-22 20:17:56'),(1515,1061,'CL006240','2026-01-22 20:17:56'),(1516,1062,'CL006238','2026-01-22 20:17:56'),(1517,1063,'BZ023705','2026-01-22 20:17:56'),(1518,1064,'BZ023784','2026-01-22 20:17:56'),(1519,1065,'1284503','2026-01-22 20:17:56'),(1520,1065,'BZ023703','2026-01-22 20:17:56'),(1521,1066,'1284528','2026-01-22 20:17:56'),(1522,1066,'BZ023708','2026-01-22 20:17:56'),(2405,1041,'3386059','2026-02-02 15:42:20'),(2406,1041,'CL007774','2026-02-02 15:42:20'),(2407,1302,'0524817','2026-02-02 15:50:45'),(2408,1302,'CL006014','2026-02-02 15:50:45'),(2409,1303,'0525049','2026-02-02 15:50:45'),(2410,1303,'CL006203','2026-02-02 15:50:45'),(2411,1304,'0524814','2026-02-02 15:50:45'),(2412,1304,'CL006204','2026-02-02 15:50:45'),(2413,1305,'0524817','2026-02-02 15:50:45'),(2414,1305,'CL006201','2026-02-02 15:50:45'),(2415,1306,'0525092','2026-02-02 15:50:45'),(2416,1306,'CL006202','2026-02-02 15:50:45'),(2418,1039,'BZ023783','2026-02-03 12:40:43'),(2419,1043,'BZ023786','2026-02-03 12:48:26'),(2420,1318,'CL006015','2026-02-03 18:00:47'),(2421,1319,'CL006115','2026-02-03 18:00:47'),(2422,1320,'CL006113','2026-02-03 18:00:47'),(2423,1321,'CL006114','2026-02-03 18:00:47');
/*!40000 ALTER TABLE `bl_contenedor_sellos` ENABLE KEYS */;
UNLOCK TABLES;

--
-- Table structure for table `bl_contenedores`
--

DROP TABLE IF EXISTS `bl_contenedores`;
/*!40101 SET @saved_cs_client     = @@character_set_client */;
/*!50503 SET character_set_client = utf8mb4 */;
CREATE TABLE `bl_contenedores` (
  `id` bigint unsigned NOT NULL AUTO_INCREMENT,
  `bl_id` int NOT NULL,
  `item_id` bigint unsigned DEFAULT NULL,
  `codigo` varchar(11) NOT NULL,
  `sigla` char(4) DEFAULT NULL,
  `numero` char(6) DEFAULT NULL,
  `digito` char(1) DEFAULT NULL,
  `tipo_cnt` varchar(10) DEFAULT NULL,
  `carga_cnt` char(1) DEFAULT NULL,
  `peso` decimal(12,3) DEFAULT NULL,
  `unidad_peso` char(3) DEFAULT NULL,
  `volumen` decimal(12,3) DEFAULT NULL,
  `unidad_volumen` char(3) DEFAULT NULL,
  `created_at` timestamp NULL DEFAULT CURRENT_TIMESTAMP,
  `updated_at` timestamp NULL DEFAULT CURRENT_TIMESTAMP ON UPDATE CURRENT_TIMESTAMP,
  PRIMARY KEY (`id`),
  UNIQUE KEY `uq_bl_container` (`bl_id`,`codigo`),
  KEY `idx_cont_bl` (`bl_id`),
  KEY `idx_cont_item` (`item_id`),
  CONSTRAINT `fk_cont_bl` FOREIGN KEY (`bl_id`) REFERENCES `bls` (`id`) ON DELETE CASCADE,
  CONSTRAINT `fk_cont_item` FOREIGN KEY (`item_id`) REFERENCES `bl_items` (`id`) ON DELETE SET NULL
) ENGINE=InnoDB AUTO_INCREMENT=1333 DEFAULT CHARSET=utf8mb4 COLLATE=utf8mb4_0900_ai_ci;
/*!40101 SET character_set_client = @saved_cs_client */;

--
-- Dumping data for table `bl_contenedores`
--

LOCK TABLES `bl_contenedores` WRITE;
/*!40000 ALTER TABLE `bl_contenedores` DISABLE KEYS */;
INSERT INTO `bl_contenedores` VALUES (1036,1605,769,'PCIU6145022','PCIU','614502','2','45R1','S',227225.500,'KGM',500.000,'MTQ','2026-01-22 20:17:55','2026-01-22 20:17:55'),(1037,1606,770,'FBIU5713580','FBIU','571358','0','45R1','S',227734.700,'KGM',500.000,'MTQ','2026-01-22 20:17:56','2026-01-22 20:17:56'),(1038,1607,771,'PIDU2013592','PIDU','201359','2','22G1','S',108198.000,'KGM',191.500,'MTQ','2026-01-22 20:17:56','2026-01-22 20:17:56'),(1039,1608,772,'PCIU1315743','PCIU','131574','3','22G1','S',108050.000,'KGM',297.000,'MTQ','2026-01-22 20:17:56','2026-01-22 20:17:56'),(1040,1609,773,'PCIU1952588','PCIU','195258','8','22G1','S',138000.000,'KGM',230.000,'MTQ','2026-01-22 20:17:56','2026-01-22 20:17:56'),(1041,1610,774,'GCXU8010899','GCXU','801089','9','45R1','S',221827.700,'KGM',500.000,'MTQ','2026-01-22 20:17:56','2026-01-22 20:17:56'),(1042,1611,775,'PIDU4486547','PIDU','448654','7','45G1','S',216300.000,'KGM',428.400,'MTQ','2026-01-22 20:17:56','2026-01-22 20:17:56'),(1043,1612,776,'PIDU4055555','PIDU','405555','5','45G1','S',216300.000,'KGM',0.000,'MTQ','2026-01-22 20:17:56','2026-01-22 20:17:56'),(1044,1613,777,'PIDU4348194','PIDU','434819','4','45G1','S',251500.000,'KGM',0.000,'MTQ','2026-01-22 20:17:56','2026-01-22 20:17:56'),(1045,1614,778,'FBIU5413176','FBIU','541317','6','45R1','S',252000.000,'KGM',0.000,'MTQ','2026-01-22 20:17:56','2026-01-22 20:17:56'),(1046,1615,779,'PCIU6144047','PCIU','614404','7','45R1','S',252000.000,'KGM',0.000,'MTQ','2026-01-22 20:17:56','2026-01-22 20:17:56'),(1047,1616,780,'OTPU6612597','OTPU','661259','7','45R1','S',252000.000,'KGM',0.000,'MTQ','2026-01-22 20:17:56','2026-01-22 20:17:56'),(1048,1617,781,'FFAU6246653','FFAU','624665','3','45G1','S',254100.000,'KGM',0.000,'MTQ','2026-01-22 20:17:56','2026-01-22 20:17:56'),(1049,1618,782,'FBIU5165090','FBIU','516509','0','45R1','S',227929.900,'KGM',500.000,'MTQ','2026-01-22 20:17:56','2026-01-22 20:17:56'),(1050,1619,783,'CAAU7968580','CAAU','796858','0','45G1','S',237054.800,'KGM',459.200,'MTQ','2026-01-22 20:17:56','2026-01-22 20:17:56'),(1051,1619,783,'CAAU8282785','CAAU','828278','5','45G1','S',237391.200,'KGM',457.600,'MTQ','2026-01-22 20:17:56','2026-01-22 20:17:56'),(1052,1620,784,'CAIU3316993','CAIU','331699','3','22G1','S',209200.000,'KGM',170.000,'MTQ','2026-01-22 20:17:56','2026-01-22 20:17:56'),(1053,1621,785,'FFAU5810368','FFAU','581036','8','45G1','S',241293.000,'KGM',460.000,'MTQ','2026-01-22 20:17:56','2026-01-22 20:17:56'),(1054,1622,786,'PCIU0131660','PCIU','013166','0','22G1','S',110000.000,'KGM',220.000,'MTQ','2026-01-22 20:17:56','2026-01-22 20:17:56'),(1055,1623,787,'PIDU4479527','PIDU','447952','7','45G1','S',244856.000,'KGM',650.000,'MTQ','2026-01-22 20:17:56','2026-01-22 20:17:56'),(1056,1624,788,'FFAU5291030','FFAU','529103','0','45G1','S',230760.000,'KGM',0.000,'MTQ','2026-01-22 20:17:56','2026-01-22 20:17:56'),(1057,1625,789,'FFAU4954247','FFAU','495424','7','45G1','S',252070.600,'KGM',415.500,'MTQ','2026-01-22 20:17:56','2026-01-22 20:17:56'),(1058,1626,790,'BEAU9733520','BEAU','973352','0','45R1','S',250740.000,'KGM',0.000,'MTQ','2026-01-22 20:17:56','2026-01-22 20:17:56'),(1059,1627,791,'PCIU6135169','PCIU','613516','9','45R1','S',250740.000,'KGM',0.000,'MTQ','2026-01-22 20:17:56','2026-01-22 20:17:56'),(1060,1628,792,'PCIU6126341','PCIU','612634','1','45R1','S',264000.000,'KGM',0.000,'MTQ','2026-01-22 20:17:56','2026-01-22 20:17:56'),(1061,1629,793,'PIDU4507320','PIDU','450732','0','45G1','S',254100.000,'KGM',0.000,'MTQ','2026-01-22 20:17:56','2026-01-22 20:17:56'),(1062,1630,794,'FFAU7522015','FFAU','752201','5','45G1','S',201600.000,'KGM',600.000,'MTQ','2026-01-22 20:17:56','2026-01-22 20:17:56'),(1063,1631,795,'PCIU1592455','PCIU','159245','5','22G1','S',69980.850,'KGM',116.600,'MTQ','2026-01-22 20:17:56','2026-01-22 20:17:56'),(1064,1632,796,'PIDU2018906','PIDU','201890','6','22G1','S',120200.000,'KGM',210.500,'MTQ','2026-01-22 20:17:56','2026-01-22 20:17:56'),(1065,1633,797,'PCIU6106725','PCIU','610672','5','45R1','S',228521.680,'KGM',670.000,'MTQ','2026-01-22 20:17:56','2026-01-22 20:17:56'),(1066,1634,798,'FBIU5240358','FBIU','524035','8','45R1','S',227909.680,'KGM',670.000,'MTQ','2026-01-22 20:17:56','2026-01-22 20:17:56'),(1301,1610,774,'FFFF1234567','FFFF','123456','7','45R1','S',1.000,'KGM',0.000,'MTQ','2026-02-02 15:42:20','2026-02-02 15:42:20'),(1302,1706,891,'PCIU1990459','PCIU','199045','9','22G1',NULL,192000.000,'KGM',0.000,'MTQ','2026-02-02 15:50:45','2026-02-02 15:50:45'),(1303,1706,891,'PCIU1224197','PCIU','122419','7','22G1',NULL,192000.000,'KGM',0.000,'MTQ','2026-02-02 15:50:45','2026-02-02 15:50:45'),(1304,1706,891,'PCIU1091915','PCIU','109191','5','22G1',NULL,192000.000,'KGM',0.000,'MTQ','2026-02-02 15:50:45','2026-02-02 15:50:45'),(1305,1706,891,'PCIU1825639','PCIU','182563','9','22G1',NULL,192000.000,'KGM',0.000,'MTQ','2026-02-02 15:50:45','2026-02-02 15:50:45'),(1306,1706,891,'PCIU1427002','PCIU','142700','2','22G1',NULL,192000.000,'KGM',0.000,'MTQ','2026-02-02 15:50:45','2026-02-02 15:50:45'),(1318,1708,893,'CAAU2099571','CAAU','209957','1','22G1',NULL,116460.000,'KGM',179.200,'MTQ','2026-02-03 18:00:47','2026-02-03 18:00:47'),(1319,1708,894,'CAAU5148875','CAAU','514887','5','45G1',NULL,228820.000,'KGM',352.000,'MTQ','2026-02-03 18:00:47','2026-02-03 18:00:47'),(1320,1708,894,'PCIU9104536','PCIU','910453','6','45G1',NULL,203120.000,'KGM',383.000,'MTQ','2026-02-03 18:00:47','2026-02-03 18:00:47'),(1321,1708,894,'BSIU8004381','BSIU','800438','1','45G1',NULL,228820.000,'KGM',352.000,'MTQ','2026-02-03 18:00:47','2026-02-03 18:00:47'),(1322,1709,896,'BSIU2934360','BSIU','293436','0','22G1',NULL,NULL,'KGM',0.000,'MTQ','2026-02-04 12:13:41','2026-02-04 12:13:41'),(1323,1709,896,'PCIU1222759','PCIU','122275','9','22G1',NULL,NULL,'KGM',0.000,'MTQ','2026-02-04 12:13:41','2026-02-04 12:13:41'),(1324,1709,896,'PCIU1952736','PCIU','195273','6','22G1',NULL,NULL,'KGM',0.000,'MTQ','2026-02-04 12:13:41','2026-02-04 12:13:41'),(1325,1709,896,'PCIU1397818','PCIU','139781','8','22G1',NULL,NULL,'KGM',0.000,'MTQ','2026-02-04 12:13:41','2026-02-04 12:13:41'),(1326,1709,896,'PCIU1924396','PCIU','192439','6','22G1',NULL,NULL,'KGM',0.000,'MTQ','2026-02-04 12:13:41','2026-02-04 12:13:41'),(1327,1709,896,'PCIU1243509','PCIU','124350','9','22G1',NULL,NULL,'KGM',0.000,'MTQ','2026-02-04 12:13:41','2026-02-04 12:13:41'),(1328,1709,896,'PCIU1299365','PCIU','129936','5','22G1',NULL,NULL,'KGM',0.000,'MTQ','2026-02-04 12:13:41','2026-02-04 12:13:41'),(1329,1709,896,'PCIU1061720','PCIU','106172','0','22G1',NULL,NULL,'KGM',0.000,'MTQ','2026-02-04 12:13:41','2026-02-04 12:13:41'),(1330,1709,896,'PCIU1946060','PCIU','194606','0','22G1',NULL,NULL,'KGM',0.000,'MTQ','2026-02-04 12:13:41','2026-02-04 12:13:41'),(1331,1709,896,'PCIU1912796','PCIU','191279','6','22G1',NULL,NULL,'KGM',0.000,'MTQ','2026-02-04 12:13:41','2026-02-04 12:13:41'),(1332,1709,896,'PCIU1499450','PCIU','149945','0','22G1',NULL,NULL,'KGM',0.000,'MTQ','2026-02-04 12:13:41','2026-02-04 12:13:41');
/*!40000 ALTER TABLE `bl_contenedores` ENABLE KEYS */;
UNLOCK TABLES;

--
-- Table structure for table `bl_items`
--

DROP TABLE IF EXISTS `bl_items`;
/*!40101 SET @saved_cs_client     = @@character_set_client */;
/*!50503 SET character_set_client = utf8mb4 */;
CREATE TABLE `bl_items` (
  `id` bigint unsigned NOT NULL AUTO_INCREMENT,
  `bl_id` int NOT NULL,
  `numero_item` int unsigned NOT NULL,
  `descripcion` text,
  `marcas` text,
  `carga_peligrosa` char(1) DEFAULT NULL,
  `tipo_bulto` varchar(10) DEFAULT NULL,
  `cantidad` int unsigned DEFAULT NULL,
  `peso_bruto` decimal(12,3) DEFAULT NULL,
  `unidad_peso` varchar(3) DEFAULT NULL,
  `volumen` decimal(12,3) DEFAULT NULL,
  `unidad_volumen` varchar(3) DEFAULT NULL,
  `created_at` timestamp NULL DEFAULT CURRENT_TIMESTAMP,
  `updated_at` timestamp NULL DEFAULT CURRENT_TIMESTAMP ON UPDATE CURRENT_TIMESTAMP,
  PRIMARY KEY (`id`),
  UNIQUE KEY `uq_bl_item` (`bl_id`,`numero_item`),
  KEY `idx_bl_items_bl` (`bl_id`),
  CONSTRAINT `fk_bl_items_bl` FOREIGN KEY (`bl_id`) REFERENCES `bls` (`id`) ON DELETE CASCADE
) ENGINE=InnoDB AUTO_INCREMENT=899 DEFAULT CHARSET=utf8mb4 COLLATE=utf8mb4_0900_ai_ci;
/*!40101 SET character_set_client = @saved_cs_client */;

--
-- Dumping data for table `bl_items`
--

LOCK TABLES `bl_items` WRITE;
/*!40000 ALTER TABLE `bl_items` DISABLE KEYS */;
INSERT INTO `bl_items` VALUES (769,1605,1,'808 CARTONS IN TOTAL          1X40RH CONTAINER(S) SAID TO CONTAIN:                        FROZEN BONELESS BEEF ROBBED FOREQUARTER                     TOTAL CARTONS: 808            TOTAL NET WEIGHT: 21.977,600 KGS TOTAL GROSS WEIGHT: 22.722,550 KGS                          REC: PJ8YN05CDV-PJ8YN05CEV-PJ8YN05BRV                       HEALTH CERTIFICATE: ECB197232025                            NCM: 0202.30.00               FREIGHT PREPAID TEMPERATURE -21 C             SHIPPER\'S LOAD STOW COUNT WEIGH & SEAL                      SHIPPED ON BOARD','VETERINARIAN        SEAL:SENACSA        PARAGUAY 0891874','N','76',1,22722.550,'KGM',50.000,'MTQ','2026-01-22 20:17:55','2026-01-22 20:17:55'),(770,1606,1,'809 CARTONS IN TOTAL          1X40RH CONTAINER(S) SAID TO CONTAIN:                        FROZEN BONELESS BEEF ROBBED FOREQUARTER                     TOTAL CARTONS: 809            TOTAL NET WEIGHT: 22.004,800 KGS TOTAL GROSS WEIGHT: 22.773,470 KGS                          REC: PGNYN014QV-PGNYN010WV-PGNYN010VV                       HEALTH CERTIFICATE: ECB194082025                            NCM: 0202.30.00               FREIGHT PREPAID TEMPERATURE -21C              SHIPPER\'S LOAD STOW COUNT WEIGH & SEAL                      SHIPPED ON BOARD','VETERINARIAN        SEAL:SENACSA        PARAGUAY 0892992','N','76',1,22773.470,'KGM',50.000,'MTQ','2026-01-22 20:17:56','2026-01-22 20:17:56'),(771,1607,1,'1380 CASES IN TOTAL           1X20GP CONTAINER(S) SAID TO CONTAIN:                        1380 TOTAL CASES              780 TOTAL CASES OF WINE, WITH 06 BOTTLES OF 750 ML EACH     600 TOTAL CASES OF WINE, WITH 24 BOTTLES OF 187,5 ML EACH 10 PALLET                     E25216                        PO: E25216                    HS CODE: 2204.21              ALSO CONSIGNEE / NOTIFY       USCI: 91330212309039384J      SHIPPER\'S LOAD STOW COUNT WEIGH & SEAL SHIPPED ON BOARD','NM','N','73',1,10819.800,'KGM',19.150,'MTQ','2026-01-22 20:17:56','2026-01-22 20:17:56'),(772,1608,1,'1500 CASES IN TOTAL           1X20GP CONTAINER(S) SAID TO CONTAIN:                        10 PALLET WITH: 1.500 CASES   450 CASES DOUBLE LION CABERNET SAUVIGNON 6X750 ML 2025      600 CASES DOUBLE LION MERLOT 6X750ML 2024 450 CASES AND3S MONT MERLOT 6X750ML 2024                    REF. 3984 / 2025              PO: ML-2025NBF010             H.S. CODE: 2204.21            ALSO CONSIGNEE / NOTIFY       USCI: 91330212309039384J      SHIPPER\'S LOAD STOW COUNT WEIG H & SEAL                      SHIPPED ON BOARD','NM','N','73',1,10805.000,'KGM',29.700,'MTQ','2026-01-22 20:17:56','2026-01-22 20:17:56'),(773,1609,1,'1445 CASES IN TOTAL           1X20GP CONTAINER(S) SAID TO CONTAIN:                        1445 CASES OF WINE ON 10 PALLETS                            1445 CASES OF WINES IN BOTTLES 6X750ML                      REF: NINGBO FREE TRAD NV 26266 PO: A05102025CN               H.S. CODE: 2204.21            ALSO CONSIGNEE / NOTIFY       USCI: 91330212309039384J      SHIPPER\'S LOAD STOW COUNT WEIGH & SEAL                      SHIPPED ON BOARD','NM','N','73',1,13800.000,'KGM',23.000,'MTQ','2026-01-22 20:17:56','2026-01-22 20:17:56'),(774,1610,1,'784 CARTONS IN TOTAL          1X40RH CONTAINER(S) SAID TO CONTAIN:                        FROZEN BONELESS BEEF SHANK A  263 CTNS 7.237,770 KGS N.W 7.453,480 KGS G.W.               FROZEN BONELESS BEEF SHANK B  142 CTNS 3.887,680 KGS N.W 4.0 05,380 KGS G.W.               FROZEN BONELESS BEEF SHIN C   136 CTNS 3.730,640 KGS N.W 3.846,240 KGS G.W.               FROZEN BONELESS BEEF SHIN D   58 CTNS1.590,420 KGS N.W 1.639,720 KGS G.W.                 FROZEN BONELESS BEEF SHIN F 185 CTNS 5.080,140 KGS N.W 5.237,950 KGS G.W.               TOTAL CARTONS: 784            TOTAL NET WEIGHT: 21.526,650 KGS                            TOTAL GROSS WEIGHT: 22.182,770 KGS                          REC: PJBYN00PAV-PJBYN00PEV-PJB YN00PFV                       HEALTH CERTIFICATE: ECB200822025                            NCM: 0202.30.00               FREIGHT PREPAID               TEMPERATURE -18 C             SHIPPER\'S LOAD STOW COUNT WEIGH & SEAL SHIPPED ON BOARD','VETERINARIAN SEAL:  SENACSA PARAGUAY    0891900','N','76',6,22182.770,'KGM',50.000,'MTQ','2026-01-22 20:17:56','2026-02-02 15:42:20'),(775,1611,1,'21 PALLETS IN TOTAL           1X40HC CONTAINER(S) SAID TO CONTAIN:                        21 PALLETS.                   840 BAGS ORAFTI HSI 25KG (IP 1T)                            21.000 KGS. NET.              TARIFF CODE H.S.: 1108.2000 ORDERS  2200805264            DHKPO001459-1                 FREIGHT PREPAID               CONTINUED SHIPPER:            LIMITED RUT. 77.894.990-3     PHONE: (56-42) 2458039        CT: MS. NATALY SOLIS.         CONTINUED CONSIGNEE & NOTIFY: BUSINESS REGISTRATION NUMBER: 91110105322176535H            PH: 020-87677195/010-58674850 CT. MS. AMANDA NIE.           EMAIL:  AMANDA.N@DPOINTERNATIONAL.COM                       SHIPPER\'S LOAD STOW COUNT WEIGH & SEAL SHIPPED ON BOARD','N/M','N','78',1,21630.000,'KGM',42.840,'MTQ','2026-01-22 20:17:56','2026-01-22 20:17:56'),(776,1612,1,'21 PALLETS IN TOTAL           1X40HC CONTAINER(S) SAID TO CONTAIN:                        21 PALLETS.                   840 BAGS ORAFTI GR BAG 25KG (1T)                            21.000 KGS. NET.              ORDERS  2200805265 PO. DHKPO001460-1             TARIFF CODE H.S.: 11082000    CONTINUED SHIPPER:            LIMITED RUT. 77.894.990-3     CT: MS. NATALY SOLIS.         CONTINUED CONSIGNEE & NOTIFY: BUSINESS REGISTRATION NUMBER: 91110105322176535H PH: 020-87677195/010-58674850 CT. MS. AMANDA NIE.           EMAIL:  AMANDA.N@DPOINTERNATIONAL.COM                       SHIPPER\'S LOAD STOW COUNT WEIGH & SEAL                      SHIPPED ON BOARD','N/M','N','78',1,0.000,'KGM',0.000,'MTQ','2026-01-22 20:17:56','2026-02-03 12:48:26'),(777,1613,1,'1000 BAGS IN TOTAL            1X40HC CONTAINER(S) SAID TO CONTAIN:                        1000 BAGS                     1000 BAGS SACKS NATURAL CONDITION DEHYDRATED                PLUMS SIZE +144 WITH 25 KG NET EACH ONE REF: 6002273                  H.S. CODE: 0813.20            FREIGHT PREPAID               ALSO SHIPPER                  LOGISTICA@GOODVALLEY.CL       FONO: +56 966465157           ALSO CONSIGNEE / NOTIFY       TELEFONO:0086 15814229808 SUNIA@REFINEINGREDIENTS.COM   SHIPPER\'S LOAD STOW COUNT WEIGH & SEAL                      SHIPPED ON BOARD','NM','N','78',1,25150.000,'KGM',0.000,'MTQ','2026-01-22 20:17:56','2026-01-22 20:17:56'),(778,1614,1,'1200 BAGS IN TOTAL            1X40RH CONTAINER(S) SAID TO CONTAIN:                        1200 BAGS OF FRESH PURPLE GARLIC  X 20 KG EACH              NET WEIGHT: 24.000 KGS        PE: 25038EC01024259T          SEAL IN ARGENTINA BAF08470 NCM: 0703.20.90               TEMPERATURE: 0 C              VENTILATION: 20CBM            HUMIDITY: 70%                 2DO NOTIFY                    CYBELE FOOD LOGISTIC LLC      7208 SAND LAKE ROAD, SUITE 304, ORLANDO, FL 32819 - USA                OFFICE@CYBELEFOODLOGISTIC.COM TAX ID: 88-3822506            ALSO CONSIGNEE AND NOTIFY     TAX ID: 13003043 TEL: 88657921565                           SHIPPER\'S LOAD STOW COUNT WEIGH & SEAL SHIPPED ON BOARD','N/M','N','76',1,25200.000,'KGM',0.000,'MTQ','2026-01-22 20:17:56','2026-01-22 20:17:56'),(779,1615,1,'1200 BAGS IN TOTAL            1X40RH CONTAINER(S) SAID TO CONTAIN:                        1200 BAGS OF FRESH PURPLE GARLIC  X 20 KG EACH              NET WEIGHT: 24.000 KGS        PE: 25038EC01024256Z          SEAL IN ARGENTINA JG65288 NCM: 0703.20.90               TEMPERATURE: 0 C              VENTILATION: 20CBM            HUMIDITY: 70%                 2DO NOTIFY                    CYBELE FOOD LOGISTIC LLC      7208 SAND LAKE ROAD, SUITE 304, ORLANDO, FL 32819 - USA                OFFICE@CYBELEFOODLOGISTIC.COM TAX ID: 88-3822506            ALSO CONSIGNEE AND NOTIFY     TAX ID:13003043 TEL: 88657921565                            SHIPPER\'S LOAD STOW COUNT WEIGH & SEAL SHIPPED ON BOARD','N/M','N','76',1,25200.000,'KGM',0.000,'MTQ','2026-01-22 20:17:56','2026-01-22 20:17:56'),(780,1616,1,'1200 BAGS IN TOTAL            1X40RH CONTAINER(S) SAID TO CONTAIN:                        1200 BAGS OF FRESH PURPLE GARLIC  X 20 KG EACH              NET WEIGHT: 24.000 KGS        PE: 25038EC01024262N          SEAL IN ARGENTINA JG65468 NCM: 0703.20.90               TEMPERATURE: 0 C              VENTILATION: 20CBM            HUMIDITY: 70%                 2DO NOTIFY                    CYBELE FOOD LOGISTIC LLC      7208 SAND LAKE ROAD, SUITE 304, ORLANDO, FL 32819 - USA                OFFICE@CYBELEFOODLOGISTIC.COM TAX ID: 88-3822506            ALSO CONSIGNEE AND NOTIFY     TAX ID:13003043 TEL: 88657921565                            SHIPPER\'S LOAD STOW COUNT WEIGH & SEAL SHIPPED ON BOARD','N/M','N','76',1,25200.000,'KGM',0.000,'MTQ','2026-01-22 20:17:56','2026-01-22 20:17:56'),(781,1617,1,'1000 BAGS IN TOTAL            1X40HC CONTAINER(S) SAID TO CONTAIN:                        1000 BAGS ON 20 PALLETS WITH: 25.000 KG. PRUNES / NATURAL   CONDITION                     SIZE 40-50                    25 KG PER BAG REF. EX319-1-B03CN            FREIGHT PREPAID               ALSO SHIPPER:                 RUT:76.695.412-K              ALSO CONSIGNEE AND NOTIFY:    POST CODE: 361008             CONTACT PERSON: SOPHIE WEI    TEL+86 21-61636702 CONTACT PERSON: FANG JIANG    TEL+86 592-2592372 /18850516303                             USCI: 91350200556202740E      E-MAIL: WEIJING@CHINACND.COM, YANGFAN1@CHINACND.COM         E-MAIL: FANZHANG@CHINACND.COM,E-MAIL: JANICE@CHINACND.COM; XUETING@CHINACND.COM          SHIPPER\'S LOAD STOW COUNT WEIGH & SEAL                      SHIPPED ON BOARD','NM','N','78',1,25410.000,'KGM',0.000,'MTQ','2026-01-22 20:17:56','2026-01-22 20:17:56'),(782,1618,1,'1097 CARTONS IN TOTAL         1X40RH CONTAINER(S) SAID TO CONTAIN:                        1097 CARTONS IN 20 PALLETSCHILLED BONELESS BEEF             MEATTOTAL NET WEIGHT: 21419.00 KGSTOTAL GROSS               WEIGHT WITHOUT PALLETS: 22,792 .99 KGSTOTAL WEIGHT           PALLETS: 707.01 KGSP.E: 25037EC01011363KNCM:                020130MARK: DEVESATEMPERATURE MAINTAINED AT -1,6            CFREIGHT PREPAID STOWED IN REFRIGERATED CONTAINER           SHIPPER\'S LOAD STOW COUNT WEIG H & SEAL                      SHIPPED ON BOARD','NM','N','76',1,22792.990,'KGM',50.000,'MTQ','2026-01-22 20:17:56','2026-01-22 20:17:56'),(783,1619,1,'5960 CASES IN TOTAL           2X40HC CONTAINER(S) SAID TO CONTAIN:                        02X40 HC CONTAINER 42 PALLET WITH 5.960 CASES               CAAU 828278-5                 1.320 CASES OF 06 BOTTLES OF PINOT NOIR SELECTION 2023. 13,5%V. 750 ML. WAVING GOLDFISH                       1.176 CASES OF 06 BOTTLES OF SEMI SWEET CABERNET            SAUVIGNON SELECTION 2025.13,5%V. 750 ML. WAVING             GOLDFISH                      480 CASES OF 06 BOTTLES OF SYR AH RESERVA                    2024.14,0%V. 750 ML. WAVING GOLDFISH                        (G. W: 23.739,12 KGS. / 45.76 M3 21 PALLETS WITH            2.976 CASES)                  CAAU796858-0                  1180 CASES OF 06 BOTTLES OF PI NOT NOIR SELECTION            2023. 13,5%V. 750 ML. WAVING GOLDFISH                       1324 CASES OF 06 BOTTLES OF SEMI SWEET CABERNET             SAUVIGNON SELECTION 2025.13,5%V. 750 ML. WAVING             GOLDFISH 480 CASES OF 06 BOTTLES OF SYRAH RESERVA                    2024.14,0%V. 750 ML. WAVING GOLDFISH                        (G. W: 23.705,48 KGS. / 45.92 M3 21 PALLETS WITH            2.984 CASES)                  REF: CH BH 0125 CONTRACT # 20250923           ALSO CONSIGNEE / NOTIFY       USCI:91440300MA5FEF197L       SHIPPER\'S LOAD STOW COUNT WEIGH & SEAL                      SHIPPED ON BOARD','NM','N','78',2,47444.600,'KGM',91.680,'MTQ','2026-01-22 20:17:56','2026-01-22 20:17:56'),(784,1620,1,'2000 CASES IN TOTAL           1X20GP CONTAINER(S) SAID TO CONTAIN:                        20000.00 KG SEEDLESS RAISINS  THOMPSON JUMBO IN CASES OF    10 KG NW CROP 2025            TOTAL CASES: 2000.00          TOTAL NET WEIGHT: 20000.00 TOTAL GROSS WEIGHT: 20920.00  HS CODE 080620                FREIGHT: PREPAID              * CONTINUE FROM CNEE/NTFY:    DISTRICT, WUHAN, CHINA        USCI: 9142010030357727XJ -    TEL 0086 13926523143          EMAIL:PENGYUNSHAN@HOLLY-FOODS. COM                           SHIPPER\'S LOAD STOW COUNT WEIGH & SEAL                      SHIPPED ON BOARD','PACIFIC NUT','N','73',1,20920.000,'KGM',17.000,'MTQ','2026-01-22 20:17:56','2026-01-22 20:17:56'),(785,1621,1,'3222 CASES IN TOTAL           1X40HC CONTAINER(S) SAID TO CONTAIN:                        1092 CASES RED WINE, CABERNET SAUVIGNON 2023                LOS VASCOS (6X750 ML.) 14.0   1716 CASES RED WINE, CROMAS CABERNET SAUVIGNON GRAN RESERVA                  2022 LOS VASCOS (6X750 ML.) 14.0                            156 CASES RED WINE, CABERNET SAUVIGNON 2023                 LAS HUERTAS (6X750 ML.) 14.0  90 CASES WHITE WINE, SAUVIGNON BLANC 2025 LAS HUERTAS (6X750 ML.) 12.0  TOTAL PALLETS: 20             TOTAL VOLUME: 44,20 M3        TOTAL CASES: 3054             PDA. ARANCELARIA: 2204.2161  2204.2141                      P. O.: 25000374               REF. V-0178/25 GW: 22970,10                  168 TOTAL CASES ON 1 PALLET STANDARD                        168 CASES OF WINE 6X750 ML    NCM: 2204.21                  REF. 10014393                 25000376                      GW: 1159,20 M3: 1,80                      ALSO CONSIGNEE / NOTIFY       TEL: (852) 2251 9318          E-MAIL: A.LEUNG@MANUPORT-LIQUIDS.HK                         BUSINESS REGISTRATION         NO.:75779903-000-10-24-4      SHIPPER\'S LOAD STOW COUNT WEIG H & SEAL                      SHIPPED ON BOARD','NM','N','78',1,24129.300,'KGM',46.000,'MTQ','2026-01-22 20:17:56','2026-01-22 20:17:56'),(786,1622,1,'1400 CASES IN TOTAL           1X20GP CONTAINER(S) SAID TO CONTAIN:                        1400 CASES OF WINE ON 10 PALLETS                            1400 CASES OF WINES IN BOTTLES 6X750ML                      REF: WENZHOU ZHILI NV 26265 PO: A11092025CL               P.A. 220421                   ALSO CONSIGNEE / NOTIFY       USCI: 91330212309039384J      SHIPPER\'S LOAD STOW COUNT WEIGH & SEAL                      SHIPPED ON BOARD','NM','N','73',1,11000.000,'KGM',22.000,'MTQ','2026-01-22 20:17:56','2026-01-22 20:17:56'),(787,1623,1,'960 BAGS IN TOTAL             1X40HC CONTAINER(S) SAID TO CONTAIN:                        24000.00 KG NATURAL CONDITION PRUNES 144/155 IN BAGS OF     25 KG NW CROP 2025            TOTAL BAGS: 960.00            TOTAL PALLETS: 20.00 TOTAL NET WEIGHT: 24000.00    TOTAL GROSS WEIGHT: 24485.60  HS CODE 081320                FREIGHT: PREPAID              * CONTINUE FROM CNEE/ NTFY:   STREETLONGGANG DISTRICT, SHENZHEN                           GUANGDONG TAX ID 914403007488616797     CONTACT PERSON: CUI WENWEI    EMAIL: 2894944586@QQ.COM      TELEPHONE:+8613802236499      CHINA                         SHIPPER\'S LOAD STOW COUNT WEIGH & SEAL                      SHIPPED ON BOARD','PACIFIC NUT','N','78',1,24485.600,'KGM',65.000,'MTQ','2026-01-22 20:17:56','2026-01-22 20:17:56'),(788,1624,1,'72 DRUMS IN TOTAL             1X40HC CONTAINER(S) SAID TO CONTAIN:                        16056 LITERS WHITE GRAPE JUICECONCENTRATE 68 BRIX           QUANTITY: 72 DRUMS 300KG NET WEIGHT / 313 KG                GROSS WEIGHT / 18 PALLETS 540 KG                            NET WEIGHT: 21.600 KG.        GROSS WEIGHT 23.076 KG.       TOTAL NET WEIGHT: 21.600 KG   TOTAL GROSS WEIGHT: 23.076 KG INVOICE: E TICKET N A-135     NCN O PA: 2009.69.00.910D     TOTAL: 21.6 TN NO. DE PERMISO DE EMBARQUE    25038EC03007510M              CONTINUED SHIPPER:            TEL: + +54 263 4461107        CONTACTO: CAROLINA BENEDETTI  C.U.I.T. 30-70788880-2        CONTINUED CONSIGNEE-NOTIFY:   NAME: VANESSA KO PHONE: +886 2 2657 9169 EXT. #108                           EMAIL: VANESSA.KO@LNTCORPORATION.COM.TW                     TAX ID: 82810160              SHIPPER\'S LOAD STOW COUNT WEIGH & SEAL                      SHIPPED ON BOARD','N/M','N','78',1,23076.000,'KGM',0.000,'MTQ','2026-01-22 20:17:56','2026-01-22 20:17:56'),(789,1625,1,'3166 CASES IN TOTAL           1X40HC CONTAINER(S) SAID TO CONTAIN:                        3166 CASES ON 21 PALLETS      1149 CASES OF WINE 6X750ML P1216 BLEND                      697CASES OF WINE 6X750ML STONE MANOR RESERVA CABERNET SAUVIGNON 2024       336 CASES OF WINE 6X750ML VIA MELFI ESTATE                  CABERNET SAUVIGNON 2023       264 CASES OF WINE 6X750ML VIA MELFI ESTATE                  CHARDONNAY 2024               720 CASES OF WINE 6X750ML FELI Z VINEYARD RESERVA            SYRAH 2023                    REF: TZZC246-G                H.S.CODE: 2204.21             ALSO CONSIGNEE / NOTIFY       USCI: 91330212309039384J      SHIPPER\'S LOAD STOW COUNT WEIGH & SEAL SHIPPED ON BOARD','NM','N','78',1,25207.060,'KGM',41.550,'MTQ','2026-01-22 20:17:56','2026-01-22 20:17:56'),(790,1626,1,'3492 CASES IN TOTAL           1X40RH CONTAINER(S) SAID TO CONTAIN:                        3492 CASES FRESH AVOCADOS     ON 20 PALLETS                 H.S 0804.40                   REF. PH133                    CONTROLLED ATMOSPHERE CO2 6% O2 4%                  TEMP: 5 C                     VENT: 0 CBM                   ***CONTINUE CONSIGNEE         USCI 91310112MA1GBTFP24       PH: +86-13684990259           ATTN:CAO SHIYING              E-MAIL:OP02-SZ@HUIZHANGUOMAO.C OM                            NOTIFY                        USCI: 913101120781953034      PH: 86-021-64979998           ATTN: RILEY WANG              IMPORT@SUPAFRESH.CN           3492 CASES CERTIFICATED GLOBALGAP FREIGHT PREPAID               SHIPPER\'S LOAD STOW COUNT WEIGH & SEAL                      SHIPPED ON BOARD','CABILFRUT','N','76',1,25074.000,'KGM',0.000,'MTQ','2026-01-22 20:17:56','2026-01-22 20:17:56'),(791,1627,1,'3492 CASES IN TOTAL           1X40RH CONTAINER(S) SAID TO CONTAIN:                        3492 CASES FRESH AVOCADOS     ON 20 PALLETS                 H.S 0804.40                   REF. PH137                    CONTROLLED ATMOSPHERE CO2 6% O2 4%                  TEMP: 5 C                     VENT: 0 CBM                   ***CONTINUE CONSIGNEE         USCI 91310112MA1GBTFP24       PH: +86-13684990259           ATTN:CAO SHIYING              E-MAIL:OP02-SZ@HUIZHANGUOMAO.C OM                            NOTIFY                        USCI: 913101120781953034      PH: 86-021-64979998           ATTN: RILEY WANG              IMPORT@SUPAFRESH.CN           3492 CASES CERTIFICATED GLOBALGAP FREIGHT PREPAID               SHIPPER\'S LOAD STOW COUNT WEIGH & SEAL                      SHIPPED ON BOARD','CABILFRUT','N','76',1,25074.000,'KGM',0.000,'MTQ','2026-01-22 20:17:56','2026-01-22 20:17:56'),(792,1628,1,'2400 CASES IN TOTAL           1X40RH CONTAINER(S) SAID TO CONTAIN:                        CASES FRESH AVOCADOS          ON 20 PALLETS                 CONTROLLED ATMOSPHERE         FREIGHT COLLECT               REFRIGERATED CARGO INST. 600-JE                  PALLET : 5490168631           THERMOGRAPH: PBQ6N00FKV       PALLET : 5490168388           THERMOGRAPH: PBQ6N00DCV       **ALSO CONSIGNEE**            SHANZHEN, CHINA. USCI 91440300MAD17M0R0C CONTACT: MR. CHEN / YBT_163_CHEN@VIP.163.COM                **ALSO NOTIFY**               USCI 9144300MAD3JER5L         CONTACT: MR. CHEN / YBT_163_CHEN@VIP.163.COM                SHIPPER\'S LOAD STOW COUNT WEIGH & SEAL SHIPPED ON BOARD','NM','N','76',1,26400.000,'KGM',0.000,'MTQ','2026-01-22 20:17:56','2026-01-22 20:17:56'),(793,1629,1,'1000 BAGS IN TOTAL            1X40HC CONTAINER(S) SAID TO CONTAIN:                        1000 BAGS                     25.000 KG. PRUNES / NATURAL   CONDITION                     SIZE 40-50                    25 KG. PER BAG REF.  EX321-1-B03CN           FREIGHT PREPAID               ALSO SHIPPER:                 RUT:76.695.412-K              ALSO CONSIGNEE AND NOTIFY:    POST CODE: 361008             USCI: 91350200556202740E      CONTACT PERSON: SOPHIE WEI TEL+86 21-61636702            CONTACT PERSON: FANG JIANG    TEL+86 592-2592372 /18850516303                             E-MAIL: WEIJING@CHINACND.COM, YANGFAN1@CHINACND.COM,        FANZHANG@CHINACND.COM,        JANICE@CHINACND.COM; XUETING@CHINACND.COM          SHIPPER\'S LOAD STOW COUNT WEIGH & SEAL                      SHIPPED ON BOARD','NM','N','78',1,25410.000,'KGM',0.000,'MTQ','2026-01-22 20:17:56','2026-01-22 20:17:56'),(794,1630,1,'800 BAGS IN TOTAL             1X40HC CONTAINER(S) SAID TO CONTAIN:                        20000 KGS NET WEIGHT UNPITTED NC PRUNES                     SIZE 40/50, IN 800 BAGS OF 25 KN EACH ONE                   CONTRACT NUMBER: 0810-25 CROP 2025, ORIGIN CHILE.      OP: SAE-M-041125              HS CODE: 081320               SHIPPER CONTINUATION:         ATTN.: FRANCISCO SEGUEL       PH.: +56 9 9825 1797          CONSIGNEE & NOTIFY CONTINUATION: ROAD, SHUIJING COMMUNITY, JIHUA                             STREERLONGGANG DISTRICT, SHENZHEN,                          GUANGDONG, CHINA.             TEL: +86-15-112059839         CONTACT: ZHAN JIXIAO          SHIPPER\'S LOAD STOW COUNT WEIG H & SEAL                      SHIPPED ON BOARD','NM','N','78',1,20160.000,'KGM',60.000,'MTQ','2026-01-22 20:17:56','2026-01-22 20:17:56'),(795,1631,1,'695 CASES IN TOTAL            1X20GP CONTAINER(S) SAID TO CONTAIN:                        691 CASES OF WINE ON 10 PALLETS                             AND 4 SAMPLES                 SHIPPER\'S LOAD STOW COUNT WEIGH & SEAL SHIPPED ON BOARD','NM','N','73',1,6998.085,'KGM',11.660,'MTQ','2026-01-22 20:17:56','2026-01-22 20:17:56'),(796,1632,1,'1400 CASES IN TOTAL           1X20GP CONTAINER(S) SAID TO CONTAIN:                        300 CASES OF RED WINE LIAY-LIAY CABERNET                    SAUVIGNON 2024 (6X750ML) 13.5% - CENTRAL VALLEY             300 CASES OF RED WINE LIAY-LIA Y MERLOT 2024                 (6X750ML) 13.5% - CENTRAL VALLEY                            200 CASES OF RED WINE LIAY-LIAY RESERVA CABERNET            SAUVIGNON 2023 (6X750ML) 14.5% - MAIPO VALLEY               200 CASES OF RED WINE LIAY-LIA Y RESERVA CARMENERE           2023 (6X750ML) 14.5% - MAIPO VALLEY                         200 CASES OF  WHITE WINE LIAY-LIAY RESERVA                  CHARDONNAY 2024 (6X750ML) 13.9% - CENTRAL VALLEY            200 CASES OF  RED WINE LIAY-LI AY GRAN RESERVA               CABERNET SAUVIGNON 2022 (6X750ML) 14.5% - MAIPO VALLEY      TOTAL 1400 CASES ON 10 PALLETSPO: SHTVS002-25 / REF: OV 1755HS CODE 2204.21               SHIPPER\'S LOAD STOW COUNT WEIGH & SEAL SHIPPED ON BOARD','NM','N','73',1,12020.000,'KGM',21.050,'MTQ','2026-01-22 20:17:56','2026-01-22 20:17:56'),(797,1633,1,'1152 CARTONS IN TOTAL         1X40RH CONTAINER(S) SAID TO CONTAIN:                        IN 21 PALLETS WITH            8.000,000 LBS / 3,632 MT ALA MEDIA DE POLLO CONGELADA IQF   (BOLSAS 5 LBS). CONTIENE HASTA UN 15% DE AGUA, POLIFOSFATOS DE SODIO Y SAL.  10.040,000 LBS / 4,554 MT FROZEN CHICKEN WINGS / FIRST AND  SECOND SEGMENT WING (5 LB./2.27 KG. BAG).                   ALITAS DE POLLO CONGELADA / PRIMER Y SEGUNDO                SEGMENTO DEL ALA (BOLSA 5LB./2 ,27 KG.).                     28.040,000 LBS / 12,719 MT CHICKEN WING DRUMMETTES (5LBS).  MUSLITOS DE ALA DE POLLO (2,27 KG).                         PO AGS251102                  REF.: 40550239                20.905,088 KGS.NET 22.852,168 KGS.GROSS          46.080,000 LBS.NET            50.379,604 LBS.GROSS          FREIGHT PREPAID               **ALSO SHIPPER**              BERNARDO O\'HIGGINS- CHILE.    TELEFONO: 722 333400 FAX: (56-72) 2201297 ON BEHALF OF AMPAC TRADING INTERNATIONAL,                   11936 ALTAMAR PL.CALIFORNIA, 90670, SANTA FE SPRINGS,       UNITED STATES, DIRECT 562-777-0022.                         **ALSO CONSIGNEE AND NOTIFY** CONTACT: MR. WON S. HAN , , SHIPPER\'S LOAD STOW COUNT WEIGH & SEAL                      SHIPPED ON BOARD','AGROSUPER           S/ 031637','N','76',1,22852.168,'KGM',67.000,'MTQ','2026-01-22 20:17:56','2026-01-22 20:17:56'),(798,1634,1,'1152 CARTONS IN TOTAL         1X40RH CONTAINER(S) SAID TO CONTAIN:                        IN 21 PALLETS WITH            12.040,000 LBS / 5,461 MT CHICKEN WING DRUMMETTES (5LBS).   MUSLITOS DE ALA DE POLLO (2,27 KG) 4.000,000 LBS / 1,814 MT CHICKEN BREAST TENDERLOINS (10 LBS).                             FILETES DE PECHUGA DE POLLO (4.54 KG).                      4.000,000 LBS / 1,814 MT FROZEN BONELESS SKINLESS CHICKEN   BREAST 6 OZ (10 LBS). PECHUGA DE POLLO DESHUESADA SIN PIEL  CONGELADA 6 OZ (4.54 KG).     12.000,000 LBS / 5,448 MT ALA MEDIA DE POLLO CONGELADA      IQF (BOLSAS 5 LBS). CONTIENE HASTA UN 15% DE AGUA, POLIFOSFATOS                           DE SODIO Y SAL. 14.040,000 LBS / 6,369 MT FROZEN CHICKEN WINGS / FIRST AND  SECOND SEGMENT WING (5 LB./2.27 KG. BAG).                   ALITAS DE POLLO CONGELADA / PRIMER Y SEGUNDO                SEGMENTO DEL ALA (BOLSA 5LB./2,27 KG.). PO AGS251201                  REF.: 40531871                20.906,688 KGS.NET            22.790,968 KGS.GROSS          46.080,000 LBS.NET            50.244,604 LBS.GROSS          FREIGHT PREPAID               **ALSO SHIPPER** BERNARDO O\'HIGGINS- CHILE.    TELEFONO: 722 333400 FAX: (56-72) 2201297                   ON BEHALF OF AMPAC TRADING INTERNATIONAL,                   11936 ALTAMAR PL.CALIFORNIA, 90670, SANTA FE SPRINGS,       UNITED STATES, DIRECT 562-777- 0022.                         **ALSO CONSIGNEE / NOTIFY**   CONTACT: MR. WON S. HAN , ,   SHIPPER\'S LOAD STOW COUNT WEIGH & SEAL                      SHIPPED ON BOARD','AGROSUPER           S/ 042070','N','76',1,22790.968,'KGM',67.000,'MTQ','2026-01-22 20:17:56','2026-01-22 20:17:56'),(891,1706,1,'80 BAGS IN TOTAL              5X20GP CONTAINER(S) SAID TO CONTAIN:                        COPPER CEMENT                 H.S 740100                    UN3077 - CLASS 9 - PG III     ALSO NOTIFY                   TEL :+82 2 6947 2198 - FAX : + 82 2 6947                     3615 ATTN : CJ KIM            SHIPPER\'S LOAD STOW COUNT WEIGH & SEAL                      SHIPPED ON BOARD','N/M','S','73',NULL,NULL,NULL,NULL,NULL,'2026-02-02 15:50:45','2026-02-02 15:50:45'),(893,1708,1,'11160 CASES IN TOTAL          1X20ST, 3X40HC CONTAINER(S) SAID TO CONTAIN:                1 X 40 HC                     20 PALLETS                    2.520CARTON CASES 06X750ML WINE ASC PROFESSIONAL            CHOICE CHARDONNAY 2025 12,5 360CARTON CASES 06X750ML WINE ASC PROFESSIONAL              CHOICE CABERNET SAUVIGNON 2025 13,0                         2.880TOTAL CASES              OP-012721                     CLIENT ORDER: 2025-009-ASC-SH 1 X 40 HC 20 PALLETS                    3.300CARTON CASES 06X750ML WINE ASC PROFESSIONAL            CHOICE CABERNET SAUVIGNON 2025 13,0                         3.300TOTAL CASES              OP-012721                     CLIENT ORDER: 2025-009-ASC-SH 1 X 40 HC                     20 PALLETS                    3.300CARTON CASES 06X750ML WINE ASC PROFESSIONAL            CHOICE CABERNET SAUVIGNON 2025 13,0                         3.300TOTAL CASES              OP-012721 CLIENT ORDER: 2025-009-ASC-SH 1 X 20 DRY                    10 PALLETS                    1.680CARTON CASES 06X750ML WINE ASC PROFESSIONAL            CHOICE CABERNET SAUVIGNON 2025 13,0                         1.680TOTAL CASES OP-012721                     CLIENT ORDER: 2025-009-ASC-SH P.A. 220421                   ALSO CONSIGNEE AND NOTIFY     TEL: +86 21 51607804 FAX:86-21-61397337                     USCI CODE/TAX ID:913101097547872848 RONAN@WENRANSHIPPING.COM      SHIPPER\'S LOAD STOW COUNT WEIGH & SEAL                      SHIPPED ON BOARD','NM','N','73',1,11646.000,'KGM',17.920,'MTQ','2026-02-03 18:00:47','2026-02-03 18:00:47'),(894,1708,2,'.','.','N','78',3,66076.000,'KGM',108.700,'MTQ','2026-02-03 18:00:47','2026-02-03 18:00:47'),(895,1705,1,'OL','N/M','N','80',1,7.000,'KGM',0.000,'MTQ','2026-02-03 19:07:21','2026-02-03 19:07:21'),(896,1709,1,'D2 X 11                       EMPTY CONTAINER (OPUS Co.)    SHIPPER\'S LOAD STOW COUNT WEIGH & SEAL                      SHIPPED ON BOARD','N/A','N','73',11,0.000,'KGM',0.000,'MTQ','2026-02-04 12:13:41','2026-02-04 12:13:41'),(898,1710,1,'DESCRIPCION','N/M','N','80',1,1.000,'KGM',0.000,'MTQ','2026-02-04 12:39:49','2026-02-04 12:39:49');
/*!40000 ALTER TABLE `bl_items` ENABLE KEYS */;
UNLOCK TABLES;

--
-- Table structure for table `bl_transbordos`
--

DROP TABLE IF EXISTS `bl_transbordos`;
/*!40101 SET @saved_cs_client     = @@character_set_client */;
/*!50503 SET character_set_client = utf8mb4 */;
CREATE TABLE `bl_transbordos` (
  `id` int NOT NULL AUTO_INCREMENT,
  `bl_id` int NOT NULL,
  `sec` int NOT NULL,
  `puerto_cod` varchar(5) NOT NULL,
  `puerto_id` int DEFAULT NULL,
  `created_at` timestamp NULL DEFAULT CURRENT_TIMESTAMP,
  PRIMARY KEY (`id`),
  UNIQUE KEY `uq_bl_sec` (`bl_id`,`sec`),
  KEY `idx_puerto` (`puerto_cod`),
  KEY `idx_puerto_id` (`puerto_id`),
  CONSTRAINT `fk_bl_transbordos_bl` FOREIGN KEY (`bl_id`) REFERENCES `bls` (`id`) ON DELETE CASCADE,
  CONSTRAINT `fk_bl_transbordos_puerto` FOREIGN KEY (`puerto_id`) REFERENCES `puertos` (`id`)
) ENGINE=InnoDB AUTO_INCREMENT=82 DEFAULT CHARSET=utf8mb4 COLLATE=utf8mb4_0900_ai_ci;
/*!40101 SET character_set_client = @saved_cs_client */;

--
-- Dumping data for table `bl_transbordos`
--

LOCK TABLES `bl_transbordos` WRITE;
/*!40000 ALTER TABLE `bl_transbordos` DISABLE KEYS */;
INSERT INTO `bl_transbordos` VALUES (71,1611,1,'HKHKG',3,'2026-01-22 20:17:56'),(73,1613,1,'HKHKG',3,'2026-01-22 20:17:56'),(74,1633,1,'HKHKG',3,'2026-01-22 20:17:56'),(75,1634,1,'HKHKG',3,'2026-01-22 20:17:56'),(81,1612,1,'HKHKG',3,'2026-02-03 12:48:26');
/*!40000 ALTER TABLE `bl_transbordos` ENABLE KEYS */;
UNLOCK TABLES;

--
-- Table structure for table `bl_validaciones`
--

DROP TABLE IF EXISTS `bl_validaciones`;
/*!40101 SET @saved_cs_client     = @@character_set_client */;
/*!50503 SET character_set_client = utf8mb4 */;
CREATE TABLE `bl_validaciones` (
  `id` bigint unsigned NOT NULL AUTO_INCREMENT,
  `bl_id` int NOT NULL,
  `nivel` enum('BL','ITEM','CONTENEDOR','TRANSBORDO') NOT NULL,
  `ref_id` bigint unsigned DEFAULT NULL,
  `sec` int DEFAULT NULL,
  `severidad` enum('ERROR','OBS') NOT NULL,
  `campo` varchar(50) NOT NULL,
  `mensaje` varchar(255) NOT NULL,
  `valor_crudo` varchar(255) DEFAULT NULL,
  `created_at` timestamp NULL DEFAULT CURRENT_TIMESTAMP,
  PRIMARY KEY (`id`),
  KEY `idx_bl` (`bl_id`),
  KEY `idx_bl_sev` (`bl_id`,`severidad`),
  KEY `idx_nivel` (`nivel`),
  CONSTRAINT `fk_bl_validaciones_bl` FOREIGN KEY (`bl_id`) REFERENCES `bls` (`id`) ON DELETE CASCADE
) ENGINE=InnoDB AUTO_INCREMENT=6651 DEFAULT CHARSET=utf8mb4 COLLATE=utf8mb4_0900_ai_ci;
/*!40101 SET character_set_client = @saved_cs_client */;

--
-- Dumping data for table `bl_validaciones`
--

LOCK TABLES `bl_validaciones` WRITE;
/*!40000 ALTER TABLE `bl_validaciones` DISABLE KEYS */;
INSERT INTO `bl_validaciones` VALUES (6353,1610,'ITEM',774,1,'ERROR','contenedores','Faltan contenedores para el item: se esperaban 6 (cantidad) y hay 2 en BD. Faltan 4.','{\"esperados\":6,\"reales\":2,\"faltan\":4}','2026-02-04 12:06:49'),(6354,1610,'CONTENEDOR',1301,1,'OBS','sellos','Contenedor FFFF1234567 sin sellos en PMS (no siempre aplica)','FFFF1234567','2026-02-04 12:06:49'),(6379,1706,'BL',NULL,NULL,'ERROR','tipo_servicio_id','Tipo de servicio no existe en mantenedor',NULL,'2026-02-04 12:09:25'),(6380,1706,'BL',NULL,NULL,'ERROR','unidad_peso','Falta unidad_peso (Linea 41)',NULL,'2026-02-04 12:09:25'),(6381,1706,'BL',NULL,NULL,'ERROR','unidad_volumen','Falta unidad_volumen (Linea 41)',NULL,'2026-02-04 12:09:25'),(6382,1706,'ITEM',891,1,'ERROR','cantidad','Cantidad de contenedores debe ser >= 1 para un item (Linea 51)',NULL,'2026-02-04 12:09:25'),(6383,1706,'ITEM',891,1,'ERROR','peso_bruto','peso_bruto debe ser > 0 (Linea 41)',NULL,'2026-02-04 12:09:25'),(6384,1706,'ITEM',891,1,'ERROR','unidad_peso','Falta unidad_peso (Linea 41)',NULL,'2026-02-04 12:09:25'),(6385,1706,'ITEM',891,1,'ERROR','volumen','Falta Volumen debe ser >= 0 (Linea 41)',NULL,'2026-02-04 12:09:25'),(6386,1706,'ITEM',891,1,'ERROR','unidad_volumen','Falta unidad_volumen (Linea 41)',NULL,'2026-02-04 12:09:25'),(6640,1709,'CONTENEDOR',1322,1,'OBS','sellos','Contenedor BSIU2934360 sin sellos en PMS (no siempre aplica)','BSIU2934360','2026-02-04 12:43:13'),(6641,1709,'CONTENEDOR',1323,1,'OBS','sellos','Contenedor PCIU1222759 sin sellos en PMS (no siempre aplica)','PCIU1222759','2026-02-04 12:43:13'),(6642,1709,'CONTENEDOR',1324,1,'OBS','sellos','Contenedor PCIU1952736 sin sellos en PMS (no siempre aplica)','PCIU1952736','2026-02-04 12:43:13'),(6643,1709,'CONTENEDOR',1325,1,'OBS','sellos','Contenedor PCIU1397818 sin sellos en PMS (no siempre aplica)','PCIU1397818','2026-02-04 12:43:13'),(6644,1709,'CONTENEDOR',1326,1,'OBS','sellos','Contenedor PCIU1924396 sin sellos en PMS (no siempre aplica)','PCIU1924396','2026-02-04 12:43:13'),(6645,1709,'CONTENEDOR',1327,1,'OBS','sellos','Contenedor PCIU1243509 sin sellos en PMS (no siempre aplica)','PCIU1243509','2026-02-04 12:43:13'),(6646,1709,'CONTENEDOR',1328,1,'OBS','sellos','Contenedor PCIU1299365 sin sellos en PMS (no siempre aplica)','PCIU1299365','2026-02-04 12:43:13'),(6647,1709,'CONTENEDOR',1329,1,'OBS','sellos','Contenedor PCIU1061720 sin sellos en PMS (no siempre aplica)','PCIU1061720','2026-02-04 12:43:13'),(6648,1709,'CONTENEDOR',1330,1,'OBS','sellos','Contenedor PCIU1946060 sin sellos en PMS (no siempre aplica)','PCIU1946060','2026-02-04 12:43:13'),(6649,1709,'CONTENEDOR',1331,1,'OBS','sellos','Contenedor PCIU1912796 sin sellos en PMS (no siempre aplica)','PCIU1912796','2026-02-04 12:43:13'),(6650,1709,'CONTENEDOR',1332,1,'OBS','sellos','Contenedor PCIU1499450 sin sellos en PMS (no siempre aplica)','PCIU1499450','2026-02-04 12:43:13');
/*!40000 ALTER TABLE `bl_validaciones` ENABLE KEYS */;
UNLOCK TABLES;

--
-- Table structure for table `bl_validaciones_pms`
--

DROP TABLE IF EXISTS `bl_validaciones_pms`;
/*!40101 SET @saved_cs_client     = @@character_set_client */;
/*!50503 SET character_set_client = utf8mb4 */;
CREATE TABLE `bl_validaciones_pms` (
  `id` bigint unsigned NOT NULL AUTO_INCREMENT,
  `bl_id` int NOT NULL,
  `nivel` enum('BL','ITEM','CONTENEDOR','TRANSBORDO') NOT NULL,
  `ref_id` bigint unsigned DEFAULT NULL,
  `sec` int DEFAULT NULL,
  `severidad` enum('ERROR','OBS') NOT NULL,
  `campo` varchar(50) NOT NULL,
  `mensaje` varchar(255) NOT NULL,
  `valor_crudo` varchar(255) DEFAULT NULL,
  `linea_pms` varchar(10) DEFAULT NULL,
  `codigo_pms` varchar(50) DEFAULT NULL,
  `raw_line` text,
  `created_at` timestamp NULL DEFAULT CURRENT_TIMESTAMP,
  PRIMARY KEY (`id`),
  KEY `idx_bl` (`bl_id`),
  KEY `idx_bl_sev` (`bl_id`,`severidad`),
  KEY `idx_nivel` (`nivel`),
  CONSTRAINT `fk_bl_validaciones_pms_bl` FOREIGN KEY (`bl_id`) REFERENCES `bls` (`id`) ON DELETE CASCADE
) ENGINE=InnoDB AUTO_INCREMENT=267 DEFAULT CHARSET=utf8mb4 COLLATE=utf8mb4_0900_ai_ci;
/*!40101 SET character_set_client = @saved_cs_client */;

--
-- Dumping data for table `bl_validaciones_pms`
--

LOCK TABLES `bl_validaciones_pms` WRITE;
/*!40000 ALTER TABLE `bl_validaciones_pms` DISABLE KEYS */;
INSERT INTO `bl_validaciones_pms` VALUES (200,1706,'BL',NULL,NULL,'ERROR','tipo_servicio_id','Tipo de servicio no existe en mantenedor',NULL,NULL,NULL,NULL,'2026-02-02 15:50:45'),(201,1706,'BL',NULL,NULL,'ERROR','unidad_peso','Falta unidad_peso (Linea 41)',NULL,NULL,NULL,NULL,'2026-02-02 15:50:45'),(202,1706,'BL',NULL,NULL,'ERROR','unidad_volumen','Falta unidad_volumen (Linea 41)',NULL,NULL,NULL,NULL,'2026-02-02 15:50:45'),(203,1706,'ITEM',891,1,'ERROR','cantidad','Cantidad de contenedores debe ser >= 1 para un item (Linea 51)',NULL,NULL,NULL,NULL,'2026-02-02 15:50:45'),(204,1706,'ITEM',891,1,'ERROR','peso_bruto','peso_bruto debe ser > 0 (Linea 41)',NULL,NULL,NULL,NULL,'2026-02-02 15:50:45'),(205,1706,'ITEM',891,1,'ERROR','unidad_peso','Falta unidad_peso (Linea 41)',NULL,NULL,NULL,NULL,'2026-02-02 15:50:45'),(206,1706,'ITEM',891,1,'ERROR','volumen','Falta Volumen debe ser >= 0 (Linea 41)',NULL,NULL,NULL,NULL,'2026-02-02 15:50:45'),(207,1706,'ITEM',891,1,'ERROR','unidad_volumen','Falta unidad_volumen (Linea 41)',NULL,NULL,NULL,NULL,'2026-02-02 15:50:45'),(256,1709,'CONTENEDOR',1322,1,'OBS','sellos','Contenedor BSIU2934360 sin sellos en PMS (no siempre aplica)','BSIU2934360',NULL,NULL,NULL,'2026-02-04 12:13:41'),(257,1709,'CONTENEDOR',1323,1,'OBS','sellos','Contenedor PCIU1222759 sin sellos en PMS (no siempre aplica)','PCIU1222759',NULL,NULL,NULL,'2026-02-04 12:13:41'),(258,1709,'CONTENEDOR',1324,1,'OBS','sellos','Contenedor PCIU1952736 sin sellos en PMS (no siempre aplica)','PCIU1952736',NULL,NULL,NULL,'2026-02-04 12:13:41'),(259,1709,'CONTENEDOR',1325,1,'OBS','sellos','Contenedor PCIU1397818 sin sellos en PMS (no siempre aplica)','PCIU1397818',NULL,NULL,NULL,'2026-02-04 12:13:41'),(260,1709,'CONTENEDOR',1326,1,'OBS','sellos','Contenedor PCIU1924396 sin sellos en PMS (no siempre aplica)','PCIU1924396',NULL,NULL,NULL,'2026-02-04 12:13:41'),(261,1709,'CONTENEDOR',1327,1,'OBS','sellos','Contenedor PCIU1243509 sin sellos en PMS (no siempre aplica)','PCIU1243509',NULL,NULL,NULL,'2026-02-04 12:13:41'),(262,1709,'CONTENEDOR',1328,1,'OBS','sellos','Contenedor PCIU1299365 sin sellos en PMS (no siempre aplica)','PCIU1299365',NULL,NULL,NULL,'2026-02-04 12:13:41'),(263,1709,'CONTENEDOR',1329,1,'OBS','sellos','Contenedor PCIU1061720 sin sellos en PMS (no siempre aplica)','PCIU1061720',NULL,NULL,NULL,'2026-02-04 12:13:41'),(264,1709,'CONTENEDOR',1330,1,'OBS','sellos','Contenedor PCIU1946060 sin sellos en PMS (no siempre aplica)','PCIU1946060',NULL,NULL,NULL,'2026-02-04 12:13:41'),(265,1709,'CONTENEDOR',1331,1,'OBS','sellos','Contenedor PCIU1912796 sin sellos en PMS (no siempre aplica)','PCIU1912796',NULL,NULL,NULL,'2026-02-04 12:13:41'),(266,1709,'CONTENEDOR',1332,1,'OBS','sellos','Contenedor PCIU1499450 sin sellos en PMS (no siempre aplica)','PCIU1499450',NULL,NULL,NULL,'2026-02-04 12:13:41');
/*!40000 ALTER TABLE `bl_validaciones_pms` ENABLE KEYS */;
UNLOCK TABLES;

--
-- Table structure for table `bls`
--

DROP TABLE IF EXISTS `bls`;
/*!40101 SET @saved_cs_client     = @@character_set_client */;
/*!50503 SET character_set_client = utf8mb4 */;
CREATE TABLE `bls` (
  `id` int NOT NULL AUTO_INCREMENT,
  `manifiesto_id` int NOT NULL,
  `bl_number` varchar(50) NOT NULL,
  `tipo_servicio_id` int DEFAULT NULL,
  `shipper` varchar(255) DEFAULT NULL,
  `consignee` varchar(255) DEFAULT NULL,
  `notify_party` varchar(255) DEFAULT NULL,
  `fecha_emision` date DEFAULT NULL,
  `fecha_presentacion` datetime DEFAULT NULL,
  `fecha_embarque` datetime DEFAULT NULL,
  `fecha_zarpe` datetime DEFAULT NULL,
  `descripcion_carga` text,
  `peso_bruto` decimal(12,3) DEFAULT NULL,
  `unidad_peso` varchar(3) DEFAULT NULL,
  `volumen` decimal(12,3) DEFAULT NULL,
  `unidad_volumen` varchar(3) DEFAULT NULL,
  `bultos` int DEFAULT NULL,
  `total_items` int DEFAULT NULL,
  `status` enum('CREADO','VALIDADO','ENVIADO','ANULADO') DEFAULT 'CREADO',
  `valid_status` enum('OK','OBS','ERROR') NOT NULL DEFAULT 'OK',
  `valid_count_error` int NOT NULL DEFAULT '0',
  `valid_count_obs` int NOT NULL DEFAULT '0',
  `valid_last_run` timestamp NULL DEFAULT NULL,
  `created_at` timestamp NULL DEFAULT CURRENT_TIMESTAMP,
  `updated_at` timestamp NULL DEFAULT CURRENT_TIMESTAMP ON UPDATE CURRENT_TIMESTAMP,
  `lugar_emision_id` int DEFAULT NULL,
  `puerto_embarque_id` int DEFAULT NULL,
  `puerto_descarga_id` int DEFAULT NULL,
  `lugar_destino_id` int DEFAULT NULL,
  `lugar_entrega_id` int DEFAULT NULL,
  `lugar_recepcion_id` int DEFAULT NULL,
  `lugar_emision_cod` varchar(20) DEFAULT NULL,
  `puerto_embarque_cod` varchar(20) DEFAULT NULL,
  `puerto_descarga_cod` varchar(20) DEFAULT NULL,
  `lugar_destino_cod` varchar(20) DEFAULT NULL,
  `lugar_entrega_cod` varchar(20) DEFAULT NULL,
  `lugar_recepcion_cod` varchar(20) DEFAULT NULL,
  `forma_pago_flete` enum('PREPAID','COLLECT') DEFAULT NULL COMMENT 'Forma de pago del flete (PREPAID/COLLECT)',
  `cond_transporte` varchar(10) DEFAULT NULL COMMENT 'Condicin de transporte (ej: HH, CY, etc.)',
  `observaciones` text COMMENT 'Observaciones generales del BL',
  PRIMARY KEY (`id`),
  UNIQUE KEY `uk_bl_manifiesto` (`manifiesto_id`,`bl_number`),
  KEY `fk_bls_tipo_servicio` (`tipo_servicio_id`),
  KEY `fk_bls_le` (`lugar_emision_id`),
  KEY `fk_bls_pe` (`puerto_embarque_id`),
  KEY `fk_bls_pd` (`puerto_descarga_id`),
  KEY `fk_bls_ld` (`lugar_destino_id`),
  KEY `fk_bls_lem` (`lugar_entrega_id`),
  KEY `fk_bls_lrm` (`lugar_recepcion_id`),
  CONSTRAINT `fk_bls_ld` FOREIGN KEY (`lugar_destino_id`) REFERENCES `puertos` (`id`),
  CONSTRAINT `fk_bls_le` FOREIGN KEY (`lugar_emision_id`) REFERENCES `puertos` (`id`),
  CONSTRAINT `fk_bls_lem` FOREIGN KEY (`lugar_entrega_id`) REFERENCES `puertos` (`id`),
  CONSTRAINT `fk_bls_lrm` FOREIGN KEY (`lugar_recepcion_id`) REFERENCES `puertos` (`id`),
  CONSTRAINT `fk_bls_manifiesto` FOREIGN KEY (`manifiesto_id`) REFERENCES `manifiestos` (`id`) ON DELETE CASCADE,
  CONSTRAINT `fk_bls_pd` FOREIGN KEY (`puerto_descarga_id`) REFERENCES `puertos` (`id`),
  CONSTRAINT `fk_bls_pe` FOREIGN KEY (`puerto_embarque_id`) REFERENCES `puertos` (`id`),
  CONSTRAINT `fk_bls_tipo_servicio` FOREIGN KEY (`tipo_servicio_id`) REFERENCES `tipos_servicio` (`id`)
) ENGINE=InnoDB AUTO_INCREMENT=1711 DEFAULT CHARSET=utf8mb4 COLLATE=utf8mb4_0900_ai_ci;
/*!40101 SET character_set_client = @saved_cs_client */;

--
-- Dumping data for table `bls`
--

LOCK TABLES `bls` WRITE;
/*!40000 ALTER TABLE `bls` DISABLE KEYS */;
INSERT INTO `bls` VALUES (1605,1,'SCL500494400',1,'ONBOARD LOGISTICS PARAGUAY SA','testing','ROHLIG TAIWAN CO., LTD','2025-11-26','2025-11-26 01:52:00','2025-11-26 08:00:00','2025-11-26 08:00:00','001 Y000001000200022722550 00000500000000050000BONELESS 020140RHKGMMTQY',22722.550,'KGM',50.000,'MTQ',1,1,'CREADO','OK',0,0,'2026-02-04 12:06:49','2026-01-22 20:17:55','2026-02-04 12:06:49',10,1,5,5,5,1,'CLSCL','CLVAP','TWKHH','TWKHH','TWKHH','CLVAP',NULL,NULL,NULL),(1606,1,'SCL500496000',1,'ONBOARD LOGISTICS PARAGUAY SA','testing','ROHLIG TAIWAN CO., LTD','2025-11-26','2025-11-26 01:52:00','2025-11-26 08:00:00','2025-11-26 08:00:00','001 Y000001000200022773470 00000500000000050000BONELESS 020140RHKGMMTQY',22773.470,'KGM',50.000,'MTQ',1,1,'CREADO','OK',0,0,'2026-02-04 12:06:49','2026-01-22 20:17:56','2026-02-04 12:06:49',10,1,5,5,5,1,'CLSCL','CLVAP','TWKHH','TWKHH','TWKHH','CLVAP',NULL,NULL,NULL),(1607,1,'SCL500508900',1,'INTER-TANK SPA','testing','LYSEO CHINA COMPANY LIMITED.','2025-11-26','2025-11-26 01:52:00','2025-11-26 08:00:00','2025-11-26 08:00:00','001 Y000001000100010819800 00000191500000019150IN CONTAINERS HOLDING 2 L OR LESS 220420GPKGMMTQY',10819.800,'KGM',19.150,'MTQ',1,1,'CREADO','OK',0,0,'2026-02-04 12:06:49','2026-01-22 20:17:56','2026-02-04 12:06:49',10,1,7,7,7,1,'CLSCL','CLVAP','CNNGB','CNNGB','CNNGB','CLVAP',NULL,NULL,NULL),(1608,1,'SCL500513400',2,'INTER-TANK SPA','testing','LYSEO CHINA COMPANY LIMITED.','2025-11-26','2025-11-26 07:52:00','2025-11-26 14:00:00','2025-11-26 14:00:00','001 Y000001000100010805000 00000297000000029700IN CONTAINERS HOLDING 2 L OR LESS 220420GPKGMMTQY',0.000,'KGM',29.700,'MTQ',1,1,'CREADO','OK',0,0,'2026-02-04 12:06:49','2026-01-22 20:17:56','2026-02-04 12:06:49',10,1,7,7,7,1,'CLSCL','CLVAP','CNNGB','CNNGB','CNNGB','CLVAP',NULL,NULL,NULL),(1609,1,'SCL500513500',1,'INTER-TANK SPA','testing','LYSEO CHINA COMPANY LIMITED.','2025-11-26','2025-11-26 01:52:00','2025-11-26 08:00:00','2025-11-26 08:00:00','001 Y000001000100013800000 00000230000000023000IN CONTAINERS HOLDING 2 L OR LESS 220420GPKGMMTQY',13800.000,'KGM',23.000,'MTQ',1,1,'CREADO','OK',0,0,'2026-02-04 12:06:49','2026-01-22 20:17:56','2026-02-04 12:06:49',10,1,7,7,7,1,'CLSCL','CLVAP','CNNGB','CNNGB','CNNGB','CLVAP',NULL,NULL,NULL),(1610,1,'SCL500518700',1,'ONBOARD LOGISTICS PARAGUAY SA','testing','ROHLIG TAIWAN CO., LTD','2025-11-26','2025-11-26 16:52:00','2025-11-26 23:00:00','2025-11-26 23:00:00','001 Y000001000200022182770 00000500000000050000BONELESS 020140RHKGMMTQY',22182.770,'KGM',50.000,'MTQ',1,1,'CREADO','ERROR',1,1,'2026-02-04 12:06:49','2026-01-22 20:17:56','2026-02-04 12:06:49',10,1,5,5,5,1,'CLSCL','CLVAP','TWKHH','TWKHH','TWKHH','CLVAP',NULL,NULL,NULL),(1611,1,'SCL500524800',1,'ORAFTI CHILE S.A. ON BEHALF OF','testing','DPO BEIJING COMPANY LIMITED.','2025-11-26','2025-11-26 01:52:00','2025-11-26 08:00:00','2025-11-26 08:00:00','001 Y000001000200021630000 00000428400000042840INULIN 110840HCKGMMTQY',21630.000,'KGM',42.840,'MTQ',1,1,'CREADO','OK',0,0,'2026-02-04 12:06:49','2026-01-22 20:17:56','2026-02-04 12:06:49',10,1,12,12,12,1,'CLSCL','CLVAP','CNJXN','CNJXN','CNJXN','CLVAP',NULL,NULL,NULL),(1612,1,'SCL500524900',2,'ORAFTI CHILE S.A. ON BEHALF OF','testing','DPO BEIJING COMPANY LIMITED.','2025-11-26','2025-11-26 04:52:00','2025-11-26 11:00:00','2025-11-26 11:00:00','001 Y000001000200021630000 00000000000000000000INULIN 110840HCKGMMTQY',0.000,'KGM',0.000,'MTQ',1,1,'CREADO','OK',0,0,'2026-02-04 12:06:49','2026-01-22 20:17:56','2026-02-04 12:06:49',10,1,12,12,12,1,'CLSCL','CLVAP','CNJXN','CNJXN','CNJXN','CLVAP',NULL,NULL,NULL),(1613,1,'SCL500529300',1,'PROCESADORA Y DESHIDRATADORA','testing','GUANGDONG YUAN HENG FOOD CO., LTD','2025-11-26','2025-11-26 01:52:00','2025-11-26 08:00:00','2025-11-26 08:00:00','001 Y000001000200025150000 00000000000000000000PRUNES 081340HCKGMMTQY',25150.000,'KGM',0.000,'MTQ',1,1,'CREADO','OK',0,0,'2026-02-04 12:06:49','2026-01-22 20:17:56','2026-02-04 12:06:49',10,1,13,13,13,1,'CLSCL','CLVAP','CNSWA','CNSWA','CNSWA','CLVAP',NULL,NULL,NULL),(1614,1,'SCL500531000',1,'MENDOZA EXPORTS S.A.','testing','PER-UNION ENTERPRISE CO., LTD','2025-11-26','2025-11-26 01:52:00','2025-11-26 08:00:00','2025-11-26 08:00:00','001 Y000001000200025200000 00000000000000000000GARLIC 070340RHKGMMTQY',25200.000,'KGM',0.000,'MTQ',1,1,'CREADO','OK',0,0,'2026-02-04 12:06:49','2026-01-22 20:17:56','2026-02-04 12:06:49',10,1,5,5,5,1,'CLSCL','CLVAP','TWKHH','TWKHH','TWKHH','CLVAP',NULL,NULL,NULL),(1615,1,'SCL500531001',1,'MENDOZA EXPORTS S.A.','testing','PER-UNION ENTERPRISE CO., LTD','2025-11-26','2025-11-26 01:52:00','2025-11-26 08:00:00','2025-11-26 08:00:00','001 Y000001000200025200000 00000000000000000000GARLIC 070340RHKGMMTQY',25200.000,'KGM',0.000,'MTQ',1,1,'CREADO','OK',0,0,'2026-02-04 12:06:49','2026-01-22 20:17:56','2026-02-04 12:06:49',10,1,5,5,5,1,'CLSCL','CLVAP','TWKHH','TWKHH','TWKHH','CLVAP',NULL,NULL,NULL),(1616,1,'SCL500531002',1,'MENDOZA EXPORTS S.A.','testing','PER-UNION ENTERPRISE CO., LTD','2025-11-26','2025-11-26 01:52:00','2025-11-26 08:00:00','2025-11-26 08:00:00','001 Y000001000200025200000 00000000000000000000GARLIC 070340RHKGMMTQY',25200.000,'KGM',0.000,'MTQ',1,1,'CREADO','OK',0,0,'2026-02-04 12:06:49','2026-01-22 20:17:56','2026-02-04 12:06:49',10,1,5,5,5,1,'CLSCL','CLVAP','TWKHH','TWKHH','TWKHH','CLVAP',NULL,NULL,NULL),(1617,1,'SCL500532500',1,'FRUTEEC CHILE SPA','testing','XIAMEN C&D ESSENTIAL RESOURCES','2025-11-26','2025-11-26 01:52:00','2025-11-26 08:00:00','2025-11-26 08:00:00','001 Y000001000200025410000 00000000000000000000PRUNES 081340HCKGMMTQY',25410.000,'KGM',0.000,'MTQ',1,1,'CREADO','OK',0,0,'2026-02-04 12:06:49','2026-01-22 20:17:56','2026-02-04 12:06:49',10,1,6,6,6,1,'CLSCL','CLVAP','CNSHA','CNSHA','CNSHA','CLVAP',NULL,NULL,NULL),(1618,1,'SCL500533100',1,'AZUL NATURAL BEEF S.A.','testing','SHANGHAI ALL FOOD WIN CO., LTD','2025-11-26','2025-11-26 01:52:00','2025-11-26 08:00:00','2025-11-26 08:00:00','001 Y000001000200022792990 00000500000000050000BONELESS 020140RHKGMMTQY',22792.990,'KGM',50.000,'MTQ',1,1,'CREADO','OK',0,0,'2026-02-04 12:06:49','2026-01-22 20:17:56','2026-02-04 12:06:49',10,1,6,6,6,1,'CLSCL','CLVAP','CNSHA','CNSHA','CNSHA','CLVAP',NULL,NULL,NULL),(1619,1,'SCL500534700',1,'INTER-TANK SPA','testing','CARGO MOVING SUPPLY CHAIN','2025-11-26','2025-11-26 01:52:00','2025-11-26 08:00:00','2025-11-26 08:00:00','001 Y000002000400047444600 00000916800000091680IN CONTAINERS HOLDING 2 L OR LESS 220440HCKGMMTQY',47444.600,'KGM',91.680,'MTQ',2,1,'CREADO','OK',0,0,'2026-02-04 12:06:49','2026-01-22 20:17:56','2026-02-04 12:06:49',10,1,4,4,4,1,'CLSCL','CLVAP','CNYTN','CNYTN','CNYTN','CLVAP',NULL,NULL,NULL),(1620,1,'SCL500538000',1,'PACIFIC NUT COMPANY CHILE S.A.','testing','WUHAN HOLLY FOODS COMPANY LIMITED','2025-11-26','2025-11-26 01:52:00','2025-11-26 08:00:00','2025-11-26 08:00:00','001 Y000001000100020920000 00000170000000017000FRUIT, EDIBLE; GRAPES, DRIED 150 20GPKGMMTQY',20920.000,'KGM',17.000,'MTQ',1,1,'CREADO','OK',0,0,'2026-02-04 12:06:49','2026-01-22 20:17:56','2026-02-04 12:06:49',10,1,7,7,7,1,'CLSCL','CLVAP','CNNGB','CNNGB','CNNGB','CLVAP',NULL,NULL,NULL),(1621,1,'SCL500538400',1,'INTER-TANK SPA','testing','MANUPORT LIQUIDS HONG KONG LIMITED','2025-11-26','2025-11-26 01:52:00','2025-11-26 08:00:00','2025-11-26 08:00:00','001 Y000001000200024129300 00000460000000046000IN CONTAINERS HOLDING 2 L OR LESS 220440HCKGMMTQY',24129.300,'KGM',46.000,'MTQ',1,1,'CREADO','OK',0,0,'2026-02-04 12:06:49','2026-01-22 20:17:56','2026-02-04 12:06:49',10,1,3,3,3,1,'CLSCL','CLVAP','HKHKG','HKHKG','HKHKG','CLVAP',NULL,NULL,NULL),(1622,1,'SCL500538500',1,'INTER-TANK SPA','testing','LYSEO CHINA COMPANY LIMITED.','2025-11-26','2025-11-26 01:52:00','2025-11-26 08:00:00','2025-11-26 08:00:00','001 Y000001000100011000000 00000220000000022000IN CONTAINERS HOLDING 2 L OR LESS 220420GPKGMMTQY',11000.000,'KGM',22.000,'MTQ',1,1,'CREADO','OK',0,0,'2026-02-04 12:06:49','2026-01-22 20:17:56','2026-02-04 12:06:49',10,1,7,7,7,1,'CLSCL','CLVAP','CNNGB','CNNGB','CNNGB','CLVAP',NULL,NULL,NULL),(1623,1,'SCL500538900',1,'PACIFIC NUT COMPANY CHILE S.A.','testing','SHENZHEN CITY GOLD MARK THE FOOD','2025-11-26','2025-11-26 01:52:00','2025-11-26 08:00:00','2025-11-26 08:00:00','001 Y000001000200024485600 00000650000000065000PRUNES 081340HCKGMMTQY',24485.600,'KGM',65.000,'MTQ',1,1,'CREADO','OK',0,0,'2026-02-04 12:06:49','2026-01-22 20:17:56','2026-02-04 12:06:49',10,1,4,4,4,1,'CLSCL','CLVAP','CNYTN','CNYTN','CNYTN','CLVAP',NULL,NULL,NULL),(1624,1,'SCL500539400',1,'BODEGAS Y VINEDOS BENEDETTI SRL','testing','JL BIO INTERNATIONAL CO.','2025-11-26','2025-11-26 01:52:00','2025-11-26 08:00:00','2025-11-26 08:00:00','001 Y000001000200023076000 00000000000000000000JUICE; GRAPE, OF A BRIX VALUE EXCEEDING 30, UNFE200940HCKGMMTQY',23076.000,'KGM',0.000,'MTQ',1,1,'CREADO','OK',0,0,'2026-02-04 12:06:49','2026-01-22 20:17:56','2026-02-04 12:06:49',10,1,5,5,5,1,'CLSCL','CLVAP','TWKHH','TWKHH','TWKHH','CLVAP',NULL,NULL,NULL),(1625,1,'SCL500539800',1,'INTER-TANK SPA','testing','LYSEO CHINA COMPANY LIMITED.','2025-11-26','2025-11-26 01:52:00','2025-11-26 08:00:00','2025-11-26 08:00:00','001 Y000001000200025207060 00000415500000041550IN CONTAINERS HOLDING 2 L OR LESS 220440HCKGMMTQY',25207.060,'KGM',41.550,'MTQ',1,1,'CREADO','OK',0,0,'2026-02-04 12:06:49','2026-01-22 20:17:56','2026-02-04 12:06:49',10,1,4,4,4,1,'CLSCL','CLVAP','CNYTN','CNYTN','CNYTN','CLVAP',NULL,NULL,NULL),(1626,1,'SCL500540500',1,'AGRICOLA Y COMERCIAL CABILFRUT S.A.','testing','SHANGHAI SUPAFRESH TRADING CO., LTD','2025-11-26','2025-11-26 01:52:00','2025-11-26 08:00:00','2025-11-26 08:00:00','001 Y000001000200025074000 00000000000000000000AVOCADOS 080440RHKGMMTQY',25074.000,'KGM',0.000,'MTQ',1,1,'CREADO','OK',0,0,'2026-02-04 12:06:49','2026-01-22 20:17:56','2026-02-04 12:06:49',10,1,6,6,6,1,'CLSCL','CLVAP','CNSHA','CNSHA','CNSHA','CLVAP',NULL,NULL,NULL),(1627,1,'SCL500540600',1,'AGRICOLA Y COMERCIAL CABILFRUT S.A.','testing','SHANGHAI SUPAFRESH TRADING CO., LTD','2025-11-26','2025-11-26 01:52:00','2025-11-26 08:00:00','2025-11-26 08:00:00','001 Y000001000200025074000 00000000000000000000AVOCADOS 080440RHKGMMTQY',25074.000,'KGM',0.000,'MTQ',1,1,'CREADO','OK',0,0,'2026-02-04 12:06:49','2026-01-22 20:17:56','2026-02-04 12:06:49',10,1,6,6,6,1,'CLSCL','CLVAP','CNSHA','CNSHA','CNSHA','CLVAP',NULL,NULL,NULL),(1628,1,'SCL500541200',1,'JORGE SCHMIDT EXPORTS SPA','testing','YIBITONG (SHENZHEN) CUSTOMS','2025-11-26','2025-11-26 01:52:00','2025-11-26 08:00:00','2025-11-26 08:00:00','001 Y000001000200026400000 00000000000000000000AVOCADOS 080440RHKGMMTQY',26400.000,'KGM',0.000,'MTQ',1,1,'CREADO','OK',0,0,'2026-02-04 12:06:49','2026-01-22 20:17:56','2026-02-04 12:06:49',10,1,3,3,3,1,'CLSCL','CLVAP','HKHKG','HKHKG','HKHKG','CLVAP',NULL,NULL,NULL),(1629,1,'SCL500542700',1,'FRUTEEC CHILE SPA','testing','XIAMEN C&D ESSENTIAL RESOURCES','2025-11-26','2025-11-26 01:52:00','2025-11-26 08:00:00','2025-11-26 08:00:00','001 Y000001000200025410000 00000000000000000000PRUNES 081340HCKGMMTQY',25410.000,'KGM',0.000,'MTQ',1,1,'CREADO','OK',0,0,'2026-02-04 12:06:49','2026-01-22 20:17:56','2026-02-04 12:06:49',10,1,6,6,6,1,'CLSCL','CLVAP','CNSHA','CNSHA','CNSHA','CLVAP',NULL,NULL,NULL),(1630,1,'SCL500543200',1,'EXPORTADORA Y COMERCIALIZADORA','testing','SHENZHEN CITY GOLD MARK THE FOOD','2025-11-26','2025-11-26 01:52:00','2025-11-26 08:00:00','2025-11-26 08:00:00','001 Y000001000200020160000 00000600000000060000PRUNES 081340HCKGMMTQY',20160.000,'KGM',60.000,'MTQ',1,1,'CREADO','OK',0,0,'2026-02-04 12:06:49','2026-01-22 20:17:56','2026-02-04 12:06:49',10,1,4,4,4,1,'CLSCL','CLVAP','CNYTN','CNYTN','CNYTN','CLVAP',NULL,NULL,NULL),(1631,1,'SCL500562000',1,'MANUPORT LOGISTICS CHILE SPA','testing','MANUPORT LIQUIDS HONG KONG LIMITED','2025-11-26','2025-11-26 01:52:00','2025-11-26 08:00:00','2025-11-26 08:00:00','001 Y000001000100006998085 00000116600000011660IN CONTAINERS HOLDING 2 L OR LESS 220420GPKGMMTQY',6998.085,'KGM',11.660,'MTQ',1,1,'CREADO','OK',0,0,'2026-02-04 12:06:49','2026-01-22 20:17:56','2026-02-04 12:06:49',10,1,3,3,3,1,'CLSCL','CLVAP','HKHKG','HKHKG','HKHKG','CLVAP',NULL,NULL,NULL),(1632,1,'SCL500563700',1,'INTER-TANK SPA','testing','GUANGZHOU HAYONEX LOGISTICS CO.,LTD','2025-11-26','2025-11-26 01:52:00','2025-11-26 08:00:00','2025-11-26 08:00:00','001 Y000001000100012020000 00000210500000021050IN CONTAINERS HOLDING 2 L OR LESS 220420GPKGMMTQY',12020.000,'KGM',21.050,'MTQ',1,1,'CREADO','OK',0,0,'2026-02-04 12:06:49','2026-01-22 20:17:56','2026-02-04 12:06:49',10,1,6,6,6,1,'CLSCL','CLVAP','CNSHA','CNSHA','CNSHA','CLVAP',NULL,NULL,NULL),(1633,1,'SCL5M0006400',1,'AGROSUPER S.A.','testing','PACIFIC GROCERS GUAM','2025-11-26','2025-11-26 01:52:00','2025-11-26 08:00:00','2025-11-26 08:00:00','001 Y000001000200022852168 00000670000000067000MEAT AND EDIBLE MEAT OFFAL 020240RHKGMMTQY',22852.168,'KGM',67.000,'MTQ',1,1,'CREADO','OK',0,0,'2026-02-04 12:06:49','2026-01-22 20:17:56','2026-02-04 12:06:49',10,1,8,8,8,1,'CLSCL','CLVAP','GUGUM','GUGUM','GUGUM','CLVAP',NULL,NULL,NULL),(1634,1,'SCL5M0006500',1,'AGROSUPER S.A.','testing','PACIFIC GROCERS GUAM','2025-11-26','2025-11-26 01:52:00','2025-11-26 08:00:00','2025-11-26 08:00:00','001 Y000001000200022790968 00000670000000067000MEAT AND EDIBLE MEAT OFFAL 020240RHKGMMTQY',22790.968,'KGM',67.000,'MTQ',1,1,'CREADO','OK',0,0,'2026-02-04 12:06:49','2026-01-22 20:17:56','2026-02-04 12:06:49',10,1,8,8,8,1,'CLSCL','CLVAP','GUGUM','GUGUM','GUGUM','CLVAP',NULL,NULL,NULL),(1705,12,'B12313114334',3,'HOLA SOY UNA CARGA SUELTA','CARGA SUELTA','CARGA SUELTA','2026-02-03','2026-02-10 00:00:00','2026-02-12 00:00:00','2026-02-21 00:00:00',NULL,7.000,'KGM',0.000,'MTQ',1,1,'CREADO','OK',0,0,'2026-02-04 12:11:01','2026-02-02 15:49:05','2026-02-04 12:11:01',14,2,17,13,20,2,'CLAF','CLSAI','KRPUS','CNSWA','BAARG','CLSAI','COLLECT','HH','hola soy una observacion'),(1706,11,'SCL500566800',NULL,'OCEAN PARTNERS CHILE SPA','TO ORDER','KOREA ZINC CO., LTD.','2025-12-06','2025-12-26 22:37:00','2025-12-06 15:00:00','2025-12-06 15:00:00',NULL,96000.000,NULL,0.000,NULL,5,1,'CREADO','ERROR',8,0,'2026-02-04 12:09:25','2026-02-02 15:50:45','2026-02-04 12:09:25',10,2,20,20,20,2,'CLSCL','CLSAI','BAARG','BAARG','BAARG','CLSAI',NULL,NULL,NULL),(1708,13,'SCL500567400',1,'INTER-TANK SPA','WEN RAN SHIPPING CO.,LTD.','WEN RAN SHIPPING CO.,LTD.','2025-12-06','2025-12-26 23:04:00','2025-12-06 15:00:00','2025-12-06 15:00:00',NULL,77722.000,'KGM',126.620,'MTQ',4,2,'CREADO','OK',0,0,'2026-02-04 19:45:11','2026-02-03 18:00:47','2026-02-04 19:45:11',2,2,6,6,6,2,'CLSAI','CLSAI','CNSHA','CNSHA','CNSHA','CLSAI',NULL,NULL,NULL),(1709,16,'SCL500581400',2,'PIL CHILE SPA','PIL Ningbo','PIL Ningbo','2025-12-06','2025-12-26 22:51:00','2025-12-06 15:00:00','2025-12-06 15:00:00',NULL,0.000,'KGM',0.000,'MTQ',11,1,'CREADO','OBS',0,11,'2026-02-04 12:43:13','2026-02-04 12:13:41','2026-02-04 12:43:13',2,2,7,7,7,2,'CLSAI','CLSAI','CNNGB','CNNGB','CNNGB','CLSAI',NULL,NULL,NULL),(1710,16,'B029342',3,'shipper','consignee','notifyyyy','2026-02-05','2026-02-05 00:00:00','2026-02-14 00:00:00','2026-02-14 00:00:00',NULL,1.000,'KGM',0.000,'MTQ',1,1,'CREADO','OK',0,0,'2026-02-04 12:43:13','2026-02-04 12:28:28','2026-02-04 12:43:13',10,11,2,7,3,1,'CLSCL','IDSRG','CLSAI','CNNGB','HKHKG','CLVAP','PREPAID','HH','[{\"nombre\":\"GRAL\",\"contenido\":\"SELLOS PARA CONTENEDORES\"},{\"nombre\":\"MOT\",\"contenido\":\"observacon\"}]');
/*!40000 ALTER TABLE `bls` ENABLE KEYS */;
UNLOCK TABLES;

--
-- Table structure for table `itinerarios`
--

DROP TABLE IF EXISTS `itinerarios`;
/*!40101 SET @saved_cs_client     = @@character_set_client */;
/*!50503 SET character_set_client = utf8mb4 */;
CREATE TABLE `itinerarios` (
  `id` int NOT NULL AUTO_INCREMENT,
  `manifiesto_id` int NOT NULL,
  `puerto_id` int NOT NULL,
  `port_type` enum('LOAD','DISCHARGE') NOT NULL,
  `eta` datetime DEFAULT NULL,
  `ets` datetime DEFAULT NULL,
  `orden` int DEFAULT '1',
  `created_at` timestamp NULL DEFAULT CURRENT_TIMESTAMP,
  PRIMARY KEY (`id`),
  KEY `manifiesto_id` (`manifiesto_id`),
  KEY `puerto_id` (`puerto_id`),
  CONSTRAINT `itinerarios_ibfk_1` FOREIGN KEY (`manifiesto_id`) REFERENCES `manifiestos` (`id`) ON DELETE CASCADE,
  CONSTRAINT `itinerarios_ibfk_2` FOREIGN KEY (`puerto_id`) REFERENCES `puertos` (`id`)
) ENGINE=InnoDB AUTO_INCREMENT=24 DEFAULT CHARSET=utf8mb4 COLLATE=utf8mb4_0900_ai_ci;
/*!40101 SET character_set_client = @saved_cs_client */;

--
-- Dumping data for table `itinerarios`
--

LOCK TABLES `itinerarios` WRITE;
/*!40000 ALTER TABLE `itinerarios` DISABLE KEYS */;
INSERT INTO `itinerarios` VALUES (1,1,1,'LOAD',NULL,NULL,1,'2026-01-05 15:54:30'),(2,1,3,'DISCHARGE',NULL,NULL,2,'2026-01-05 15:54:30'),(3,1,8,'DISCHARGE',NULL,NULL,3,'2026-01-05 15:54:30'),(18,11,4,'LOAD','2026-02-02 00:00:00','2026-02-02 00:00:00',1,'2026-02-02 14:50:20'),(19,12,4,'LOAD','2026-02-02 00:00:00','2026-02-02 00:00:00',1,'2026-02-02 15:47:09'),(20,13,13,'LOAD','2026-02-03 00:00:00','2026-02-03 00:00:00',1,'2026-02-03 17:59:50'),(22,15,13,'LOAD','2026-02-03 00:00:00','2026-02-03 00:00:00',1,'2026-02-03 18:11:30'),(23,16,8,'LOAD','2026-02-03 00:00:00','2026-02-03 00:00:00',1,'2026-02-03 18:41:27');
/*!40000 ALTER TABLE `itinerarios` ENABLE KEYS */;
UNLOCK TABLES;

--
-- Table structure for table `manifiestos`
--

DROP TABLE IF EXISTS `manifiestos`;
/*!40101 SET @saved_cs_client     = @@character_set_client */;
/*!50503 SET character_set_client = utf8mb4 */;
CREATE TABLE `manifiestos` (
  `id` int NOT NULL AUTO_INCREMENT,
  `viaje` varchar(30) NOT NULL,
  `tipo_operacion` varchar(10) DEFAULT NULL,
  `operador_nave` varchar(50) NOT NULL,
  `referencia_id` int DEFAULT NULL,
  `status` varchar(30) DEFAULT 'En edicin',
  `remark` text,
  `emisor_documento` varchar(50) DEFAULT NULL,
  `representante` varchar(80) DEFAULT NULL,
  `fecha_manifiesto_aduana` date DEFAULT NULL,
  `numero_manifiesto_aduana` varchar(40) DEFAULT NULL,
  `servicio_id` int DEFAULT NULL,
  `nave_id` int DEFAULT NULL,
  `puerto_central_id` int DEFAULT NULL,
  `created_at` timestamp NULL DEFAULT CURRENT_TIMESTAMP,
  `updated_at` timestamp NULL DEFAULT CURRENT_TIMESTAMP ON UPDATE CURRENT_TIMESTAMP,
  `numero_referencia` varchar(50) DEFAULT NULL,
  `fecha_referencia` date DEFAULT NULL,
  PRIMARY KEY (`id`),
  KEY `servicio_id` (`servicio_id`),
  KEY `nave_id` (`nave_id`),
  KEY `puerto_central_id` (`puerto_central_id`),
  KEY `fk_manifiestos_referencias` (`referencia_id`),
  CONSTRAINT `fk_manifiestos_referencias` FOREIGN KEY (`referencia_id`) REFERENCES `referencias` (`id`),
  CONSTRAINT `manifiestos_ibfk_1` FOREIGN KEY (`servicio_id`) REFERENCES `servicios` (`id`),
  CONSTRAINT `manifiestos_ibfk_2` FOREIGN KEY (`nave_id`) REFERENCES `naves` (`id`),
  CONSTRAINT `manifiestos_ibfk_3` FOREIGN KEY (`puerto_central_id`) REFERENCES `puertos` (`id`)
) ENGINE=InnoDB AUTO_INCREMENT=17 DEFAULT CHARSET=utf8mb4 COLLATE=utf8mb4_0900_ai_ci;
/*!40101 SET character_set_client = @saved_cs_client */;

--
-- Dumping data for table `manifiestos`
--

LOCK TABLES `manifiestos` WRITE;
/*!40000 ALTER TABLE `manifiestos` DISABLE KEYS */;
INSERT INTO `manifiestos` VALUES (1,'028W','S','060321',5,'Enviado','BL VARIOS','000007','AJBROOM','2025-12-30','00134567',1,1,1,'2026-01-05 15:54:30','2026-02-04 14:02:20','00134567','2026-02-04'),(11,'aaa','S','000007',3,'Activo','','060321','EVERGREEN','2026-02-03','32423',5,4,1,'2026-02-02 14:50:20','2026-02-04 13:55:35','ULTRAMAR','2026-02-06'),(12,'2525','S','003659',1,'Activo','carga suelta','003659','SOMARCO','2026-02-04','0054646',3,4,1,'2026-02-02 15:47:09','2026-02-04 14:02:33','0054646','2026-02-03'),(13,'22222','S','003940',1,'Activo','2','000949','AGUNIVER','2026-02-04','0044567',4,1,1,'2026-02-03 17:59:50','2026-02-04 14:02:47','0044567','2026-02-03'),(15,'333333333','S','000007',1,'Activo','','000949','AGUNIVER','2026-02-04','00032442',2,1,1,'2026-02-03 18:11:30','2026-02-04 14:01:53','00032442','2026-02-03'),(16,'313131','S','000949',4,'Inactivo','','000007','AJBROOM','2026-02-04','0012331',4,3,1,'2026-02-03 18:41:27','2026-02-04 13:56:36','12323223','2026-02-03');
/*!40000 ALTER TABLE `manifiestos` ENABLE KEYS */;
UNLOCK TABLES;

--
-- Table structure for table `naves`
--

DROP TABLE IF EXISTS `naves`;
/*!40101 SET @saved_cs_client     = @@character_set_client */;
/*!50503 SET character_set_client = utf8mb4 */;
CREATE TABLE `naves` (
  `id` int NOT NULL AUTO_INCREMENT,
  `codigo` varchar(20) DEFAULT NULL,
  `nombre` varchar(100) NOT NULL,
  `imo` varchar(20) DEFAULT NULL,
  `bandera` varchar(50) DEFAULT NULL,
  `capacidad_teus` int DEFAULT NULL,
  `created_at` timestamp NULL DEFAULT CURRENT_TIMESTAMP,
  `updated_at` timestamp NULL DEFAULT CURRENT_TIMESTAMP ON UPDATE CURRENT_TIMESTAMP,
  PRIMARY KEY (`id`),
  UNIQUE KEY `codigo` (`codigo`)
) ENGINE=InnoDB AUTO_INCREMENT=6 DEFAULT CHARSET=utf8mb4 COLLATE=utf8mb4_0900_ai_ci;
/*!40101 SET character_set_client = @saved_cs_client */;

--
-- Dumping data for table `naves`
--

LOCK TABLES `naves` WRITE;
/*!40000 ALTER TABLE `naves` DISABLE KEYS */;
INSERT INTO `naves` VALUES (1,'EVLOY','EVER LOYAL',NULL,NULL,NULL,'2026-01-05 15:54:30','2026-01-05 15:54:30'),(2,'WH721','WAN HAI 721',NULL,NULL,NULL,'2026-01-05 15:54:30','2026-01-05 15:54:30'),(3,'KOODY','KOTA ODYSSEY',NULL,NULL,NULL,'2026-01-05 15:54:30','2026-01-05 15:54:30'),(4,'EVFEA','EVER FEAT','IMO9876543','Panam',14000,'2026-01-05 15:54:30','2026-01-12 20:33:10');
/*!40000 ALTER TABLE `naves` ENABLE KEYS */;
UNLOCK TABLES;

--
-- Table structure for table `participantes`
--

DROP TABLE IF EXISTS `participantes`;
/*!40101 SET @saved_cs_client     = @@character_set_client */;
/*!50503 SET character_set_client = utf8mb4 */;
CREATE TABLE `participantes` (
  `id` int NOT NULL AUTO_INCREMENT,
  `codigo_bms` varchar(20) NOT NULL,
  `nombre` varchar(200) NOT NULL,
  `direccion` text,
  `ciudad` varchar(100) DEFAULT NULL,
  `pais` varchar(10) DEFAULT NULL,
  `email` varchar(100) DEFAULT NULL,
  `telefono` varchar(50) DEFAULT NULL,
  `rut` varchar(20) DEFAULT NULL,
  `contacto` varchar(100) DEFAULT NULL,
  `matchcode` varchar(50) DEFAULT NULL,
  `tiene_contacto_valido` tinyint(1) DEFAULT '0',
  `created_at` timestamp NULL DEFAULT CURRENT_TIMESTAMP,
  `updated_at` timestamp NULL DEFAULT CURRENT_TIMESTAMP ON UPDATE CURRENT_TIMESTAMP,
  PRIMARY KEY (`id`),
  UNIQUE KEY `codigo_bms` (`codigo_bms`)
) ENGINE=InnoDB AUTO_INCREMENT=1863 DEFAULT CHARSET=utf8mb4 COLLATE=utf8mb4_0900_ai_ci;
/*!40101 SET character_set_client = @saved_cs_client */;

--
-- Dumping data for table `participantes`
--

LOCK TABLES `participantes` WRITE;
/*!40000 ALTER TABLE `participantes` DISABLE KEYS */;
INSERT INTO `participantes` VALUES (1,'48535','COMERCIAL HUATAI LTDA','CAMBELL 3090 LOCAL 201','SANTIAGO','CL','491145758@QQ.COM','226893149','76.160.898-3','IHU HONG','COM. HUATAI',1,'2026-02-04 17:31:52','2026-02-04 17:31:52'),(2,'32646','IMP. Y COMERC.TRES DRAGON LTDA.','BASCUAN GUERRERO 288','SANTIAGO','CL','','','76.084.641-4','','TRES DRAGON',0,'2026-02-04 17:31:52','2026-02-04 17:31:52'),(3,'46257','COMERCIAL HONG XIANG LIMITADA','ADD:ALONSO OVALLE NO 1060','SANTIAGO','CL','','0056-2-9592449','76.336.649-9','','COM HONG XIANG',1,'2026-02-04 17:31:52','2026-02-04 17:31:52'),(4,'47034','COMERCIAL QIAOTAI CHILE LTDA.','BASCUAN GUERRERO 604','SANTIAGO','CL','','','76.388.597-6','','QIAOTAI',0,'2026-02-04 17:31:52','2026-02-04 17:31:52'),(5,'51704','COMERCIAL QIKUN LIMITADA','AV.UNION LATINOAMERICANA 179 SANTIAGO','SANTIAGO','CL','28276229@QQ.COM','226894647','76.477.336-5','HUANG DUFU','QIKUN',1,'2026-02-04 17:31:52','2026-02-04 17:31:52'),(6,'42126','IMPORT.T EXPORTACIONES G Y G LTDA.','AV.LO ESPEJO 1565 ','SANTIAGO','CL','','','76.240.335-8','','GYG',0,'2026-02-04 17:31:52','2026-02-04 17:31:52'),(7,'51488','COM. AILIS CHILE LTDA','SAN ALFONSO 228 LOCAL 15-A','SANTIAGO','CL','','','76.412.395-6','','AILIS',0,'2026-02-04 17:31:52','2026-02-04 17:31:52'),(8,'1958','IMPORTADORA MULI LTDA.','SALVADOR SAN FUENTES N 2618','SANTIAGO','CL','','6896136','79.514.370-K','','MULI',1,'2026-02-04 17:31:52','2026-02-04 17:31:52'),(9,'41018','YAGAN EXPRESS TRANSP. LINES LTDA','ANTONIO VARAS 175 OF. 1004','SANTIAGO','CL','finanzas1@yaganexpress.cl','56-2-23486375','76.217.168-6','','YAGAN',1,'2026-02-04 17:31:52','2026-02-04 17:31:52'),(10,'35626','GUILLERMO DOMINGO CABRERA CASTRO','PATRONATO 454 RECOLETA','SANTIAGO','CL','MEMOCABRERA@HOTMAIL.COM','02-7326056','10.067.211-1','','GUILLERMO',1,'2026-02-04 17:31:52','2026-02-04 17:31:52'),(11,'9194','JUAN BAS ALIMENTOS S.A','GALVARINO GALLARDO 9601 QUILICURA','SANTIAGO','CL','','','96.877.680-0','','JUANBAS',0,'2026-02-04 17:31:52','2026-02-04 17:31:52'),(12,'32301','COMERCIAL LI XIN LTDA.','UNION LATINO AMERICANA 190','SANTIAGO','CL','','056990912174','76.065.396-9','JIAN KE LIU','LI XIN',1,'2026-02-04 17:31:52','2026-02-04 17:31:52'),(13,'38566','PATRICIO BAR Y CIA. LTDA.','FRANKLIN 338','SANTIAGO','CL','','','84.107.900-0','','BAR',0,'2026-02-04 17:31:52','2026-02-04 17:31:52'),(14,'41174','AREVALO Y NAVARRO SOCIEDAD LTDA','GENERAL GANA 1401','SANTIAGO','CL','','','76.037.308-7','','AREVALO',0,'2026-02-04 17:31:52','2026-02-04 17:31:52'),(15,'10174','TRANSPORTES Y LOGISTICA LIMITADA','PUENTE 516 OF. 1201','SANTIAGO','CL','ygodoy@nclogistic.cl','','76.126.410-9','','TRANSPOLOGI',1,'2026-02-04 17:31:52','2026-02-04 17:31:52'),(16,'26731','TRAFIGURA CHILE LIMITADA','ISIDORA GOYENECHEA  OF.1401 ','LAS CONDES SANTIAGO','CL','','','77.251.130-2','','TRAFIGURA',0,'2026-02-04 17:31:52','2026-02-04 17:31:52'),(17,'52333','SOC. EXPORTADORA PAMPA SUR LTDA','JACINTO MARQUEZ 1205 CODEGUA','RANCAGUA','CL','','56984254457','76.515.078-7','MARTIN BASILE','PAMPA',1,'2026-02-04 17:31:52','2026-02-04 17:31:52'),(18,'39508','COM.BENFENG CHILE LTDA.','SAN ALFONSO  352','SANTIAGO','CL','','00569-69011760','76.111.461-1','','BANFENG',1,'2026-02-04 17:31:52','2026-02-04 17:31:52'),(19,'41064','IMPORT.Y EXPORT.ZHENGDA CHILE LTDA.','GRAJARES 2998 CONFERENCIA 314-318','SANTIAGO','CL','','','76.130.168-3','','ZHENGDA',0,'2026-02-04 17:31:52','2026-02-04 17:31:52'),(20,'47645','COM.MINITRELLA CHILE LTDA.','SAN ALFONSO 242 L.214','SANTIAGO','CL','','','76.381.368-1','','MINITRELLA',0,'2026-02-04 17:31:52','2026-02-04 17:31:52'),(21,'44809','ILS SHIPPING CHILE SPA','LOS MILITARES 5885 OF.503 L.CONDES','SANTIAGO','CL','','','76.273.781-7','','ILS',0,'2026-02-04 17:31:52','2026-02-04 17:31:52'),(22,'41974','EXPORT.E IMPORTADORA MUNDO LTDA.','SAZIE 2782','SANTIAGO','CL','','','76.115.617-9','','MUNDO',0,'2026-02-04 17:31:52','2026-02-04 17:31:52'),(23,'3180','QUIMETAL INDUSTRIAL S.A.','LOS YACIMIENTOS NO.1301, MAIPU','SANTIAGO','CL','marcela.miranda@quimetal.cl','3817100','87.001.500-3','LUIS CASTRO','QUIMETAL',1,'2026-02-04 17:31:52','2026-02-04 17:31:52'),(24,'4097','VULCO S.A.','SAN JOSE N815 SAN BERNARDO','SANTIAGO','CL','','7542100','91.619.000-K','','VULCO',1,'2026-02-04 17:31:52','2026-02-04 17:31:52'),(25,'48746','IMP.Y EXPOR.HIPER ASIA II  LTDA','TOESCA 2860 SANTIAGO','SANTIAGO','CL','ANTONIOWEI.CL@GMAIL.COM','76594045','76.439.811-4','ANTONIO WEI','HIPER ASIA II L',1,'2026-02-04 17:31:52','2026-02-04 17:31:52'),(26,'41443','IMPO.Y EXPORT.KLEVER ZAMORANO V.EIRL','PUYEHUE 01885','TEMUCO','CL','','','76.118.121-1','','KLEVER',0,'2026-02-04 17:31:52','2026-02-04 17:31:52'),(27,'46401','COMERCIAL WANDA LIMITADA,','SAN ALFONSO 29-29 A . ','SANTIAGO','CL','','','76.154.708-9','','WANDA',0,'2026-02-04 17:31:52','2026-02-04 17:31:52'),(28,'41533','COMERCIAL RUIFANG LTDA.','ALONSO OVALLE 1060 PISO 2 L.34','SANTIAGO','CL','','','76.111.878-1','','RUIFANG',0,'2026-02-04 17:31:52','2026-02-04 17:31:52'),(29,'1044','TRESMONTES S.A.','LOS CONQUISTADORES 2345.PROVIDENCIA','SANTIAGO','CL','','3371000','96.569.690-3','HUMBERTO ARELLANO','TRESMONTES',1,'2026-02-04 17:31:52','2026-02-04 17:31:52'),(30,'3877','TRANSAIRCARGO LTDA.','ANTONIO BELLET 77 OF.1105 PROVID.','SANTIAGO','CL','','2361775','78.346.350-4','RONALD NEILSON','TRANSAIRCA',1,'2026-02-04 17:31:52','2026-02-04 17:31:52'),(31,'48558','AGRIMEL EXPORT LTDA','LAS LILAS 824 LO PRADO ','SANTIAGO','CL','daniel@agrimel.cl','56964192240','76.354.745-0','DANIEL CONTRERAS','AGRIMEL',1,'2026-02-04 17:31:52','2026-02-04 17:31:52'),(32,'31108','COMERCIAL LIANG LI LTDA.','ALONSO OVALLE 1060 L.8 PISO 2','SANTIAGO','CL','','','76.043.877-4','','LIANG',0,'2026-02-04 17:31:52','2026-02-04 17:31:52'),(33,'10723','SODILOG LTDA','AVDA.PDTE.EDUARDO FREI M. 3092,RENCA','SANTIAGO','CL','sgonzalez@sodilog.cl;crebolledo@sodilog.cl','','76.167.965-1','','SODILOG',1,'2026-02-04 17:31:52','2026-02-04 17:31:52'),(34,'42670','IMPORT.Y EXPORT.YANG CHENG LTDA.','AV.LIB.BDO.OHIGGINS 2945 L.53 EST.CENT','SANTIAGO','CL','','','76.179.636-4','','YANG',0,'2026-02-04 17:31:52','2026-02-04 17:31:52'),(35,'38600','IMP. Y EXP. JIN LI CHILE LTDA.','GRAJALES 2912 Y 2918','SANTIAGO','CL','','','76.145.589-3','','JIN LI',0,'2026-02-04 17:31:52','2026-02-04 17:31:52'),(36,'36980','LUBRICANTES INTERNACIONALES LTDA','CAMINO COQUIMBO S/N COMUNA COLINA','COMUNA COLINA,SANTIAGO','CL','','','79.864.770-9','','LUBRINTER',0,'2026-02-04 17:31:52','2026-02-04 17:31:52'),(37,'49159','SOC.COMERCIAL LONG XIN LTDA.','SAN MARTIN 670','CASTRO','CL','','','76.284.503-2','','LONG XIN',0,'2026-02-04 17:31:52','2026-02-04 17:31:52'),(38,'32640','CHILE PLAST.BIODEGRADABLES PARMA LTD','SALVADOR SANFUENTES 2647 OF.126','SANTIAGO','CL','','','76.016.706-1','','CHILEPLASTICOS',0,'2026-02-04 17:31:52','2026-02-04 17:31:52'),(39,'23095','SOC RECUPERADORA DE PAPEL S.A.','CARLOS VALDOVINOS 473 SAN JOAQUIN','SANTIAGO','CL','','473 7000','86.359.300-K','','SOREPA',1,'2026-02-04 17:31:52','2026-02-04 17:31:52'),(40,'9631','CAPITAL TRADE S.A','AV NUEVA TAJAMAR 481 OF 301','SANTIAGO','CL','omolina@capitaltrade.cl','','99.587.010-K','','CAPITA',1,'2026-02-04 17:31:52','2026-02-04 17:31:52'),(41,'46125','RENNER COATINGS CHILE SPA','AV. COLORADO N 680. SANTIAGO','SANTIAGO','CL','','','76.255.044-K','','RENNER ',0,'2026-02-04 17:31:52','2026-02-04 17:31:52'),(42,'49624','ARGUS LOGISTICA LIMITADA','ALMIRANTE SEORET 151 OF 113','VALPARAISO','CL','eavendano@arguscr.cl','56222483612','76.313.143-2','','ARGUS',1,'2026-02-04 17:31:52','2026-02-04 17:31:52'),(43,'50837','LAGIES SPA.','PEREZ VALENZUELA 1098 OF.86 PROVIDENCIA','SANTIAGO','CL','','','76.384.179-0','','LAGIES',0,'2026-02-04 17:31:52','2026-02-04 17:31:52'),(44,'1218','DOLE CHILE S.A.','AVENIDA VITACURA  NO.5093 OFICINA 801','SANTIAGO','CL','','','94.612.000-6','','DOLE',0,'2026-02-04 17:31:52','2026-02-04 17:31:52'),(45,'9835','DANICA TERMOINDUSTRIAL CHILE S.A','AV BULNE 120 DEP 59','SANTIAGO','CL','','','96.972.250-K','','DANICA',0,'2026-02-04 17:31:52','2026-02-04 17:31:52'),(46,'23577','ACENOR ACEROS DEL NORTE S.A.','CALLE VISTA CLARA N2250','SANTIAGO','CL','','','77.660.960-9','','ACENOR',0,'2026-02-04 17:31:52','2026-02-04 17:31:52'),(47,'45599','TIWENO CHILE LTDA.','SAN ALFONSO 299-17A','SANTIAGO','CL','','','76.099.469-3','','TIWENO',0,'2026-02-04 17:31:52','2026-02-04 17:31:52'),(48,'31599','IMPORT.EXP.Y COM.ATLANTIS LTDA.','SAZIE 2632','SANTIAGO','CL','','','76.059.294-3','','ATLANTIS',0,'2026-02-04 17:31:52','2026-02-04 17:31:52'),(49,'49251','SOC.COMERCIAL TONG SHENG LTDA','HORN 64  COYHAIQUE','COYHAIQUE','CL','antoniowei.cl@gmail.com','76594045','76.429.811-K','ANTONIO WEI','TONG SHENG',1,'2026-02-04 17:31:52','2026-02-04 17:31:52'),(50,'36289','COMERCIAL SUPERIOR LTDA.','SAZIE 2874','SANTIAGO','CL','','','77.844.500-K','','SUPERIOR',0,'2026-02-04 17:31:52','2026-02-04 17:31:52'),(51,'28385','COMERCIAL ARIES LIMITADA','BASCUAN GUERRERO 276','SANTIAGO','CL','','689 5776','76.022.898-2','','ARIES',1,'2026-02-04 17:31:52','2026-02-04 17:31:52'),(52,'29600','ELENA VERONICA MUOZ CAMACHO','SAZIE 2856','SANTIAGO','CL','','','10.149.429-2','','ELENA',0,'2026-02-04 17:31:52','2026-02-04 17:31:52'),(53,'8480','CARLOS CRAMER PROD AROM S.A.C','LUCERNA 4925 CERRILLOS','SANTIAGO','CL','','','92.845.000-7','','CRAMER',0,'2026-02-04 17:31:52','2026-02-04 17:31:52'),(54,'36531','IMP. Y EXP. PING FEI LTDA.','BASCUAN GUERRERO 94','SANTIAGO','CL','','','76.452.450-0','','PING',0,'2026-02-04 17:31:52','2026-02-04 17:31:52'),(55,'45665','IMPORT.Y EXP. EUROSANTIAGO LIMITADA','SAZIE N 2870','SANTIAGO','CL','','85 222 222','76.338.403-9','','EUROSANTIAGO',1,'2026-02-04 17:31:52','2026-02-04 17:31:52'),(56,'50332','IMP. Y EXPORTADORA IDOLO LTDA','SAN ALFONSO N 299 LOCAL 19 SANTIAGO','SANTIAGO','CL','zting420@gmail.com','26897600','76.389.032-5','AL ZTING ZHOU','IDOLO',1,'2026-02-04 17:31:52','2026-02-04 17:31:52'),(57,'20460','MAIGAS COMERCIAL S.A.','SAN NICOLAS N1046 SAN MIGUEL','SANTIAGO','CL','','','99.574.340-K','','MAIGAS',0,'2026-02-04 17:31:52','2026-02-04 17:31:52'),(58,'50310','COMERCIAL E IMPORTADORA PARKSON LTDA','CONFERENCIA 186 OFIC.1712','SANTIAGO','CL','','','76.442.219-8','','PARKSON',0,'2026-02-04 17:31:52','2026-02-04 17:31:52'),(59,'30','OTERO Y DOMINGUEZ LTDA','10 DE JULIO # 202','SANTIAGO','CL','xcorrea@empresasotero.cl','(562) 889 6024','88.855.300-2','','OTERO',1,'2026-02-04 17:31:52','2026-02-04 17:31:52'),(60,'38539','IMP.Y EXP.SHENGA TRADING LTDA.','SAN ALFONSO 91 LOCAL 6','SANTIAGO','CL','','','78.968.850-8','','SHENGA',0,'2026-02-04 17:31:52','2026-02-04 17:31:52'),(61,'24937','COMERCIAL TEXMUNDO S.A.','INDEPENDENCIA 311','SANTIAGO','CL','','','96.673.280-6','','TEXMUNDO',0,'2026-02-04 17:31:52','2026-02-04 17:31:52'),(62,'44955','KARIM MAZU COMERCIAL GASFIX EIRL','PJE. CATALAN 513A','SANTIAGO','CL','','','76.979.340-2','','KARIM',0,'2026-02-04 17:31:52','2026-02-04 17:31:52'),(63,'46898','SOCIEDAD COMERCIAL MAIBO LIMITADA','SAN ALFONSO 25 ','SANTIAGO','CL','','','76.320.987-3','','MAIBO',0,'2026-02-04 17:31:52','2026-02-04 17:31:52'),(64,'4010','AGROGESTION VITRA LTDA','AV.PDTE.EDO FREI NRO. 340 PISO 4','RANCAGUA','CL','','72-200176','77.082.030-8','PAULINA BOBADILLA','FERTILIZAN',1,'2026-02-04 17:31:52','2026-02-04 17:31:52'),(65,'25549','SUCDEN CHILE S.A.','CORONEL PEREIRA N72 OF.103 LAS CONDES','SANTIAGO','CL','','','94.684.000-9','','SUCDEN ',0,'2026-02-04 17:31:52','2026-02-04 17:31:52'),(66,'37959','COM.JUXIN INTERNATION TRADE LTDA.','SALVADOR SANFUENTES 2525','SANTIAGO','CL','','056988387107','76.164.015-1','','JUXIN',1,'2026-02-04 17:31:52','2026-02-04 17:31:52'),(67,'1948','IMPORTADORA VISHV INDIA LTDA','SALVADOR SANFUENTES 2849','SANTIAGO','CL','','','77.874.870-3','','VISHV INDIA',0,'2026-02-04 17:31:52','2026-02-04 17:31:52'),(68,'3517','SOC.PRODUCTORA Y DISTRIBUIDORA S.A.','PARADERO 9. 1/2 SAN PEDRO','QUILLOTA','CL','','311300','85.241.400-6','','SOPRODI',1,'2026-02-04 17:31:52','2026-02-04 17:31:52'),(69,'41062','COMERCIAL XIN LI NA LTDA.','SAN ALFONSO 299 L.32','SANTIAGO','CL','','','76.172.515-7','','XIN LI',0,'2026-02-04 17:31:52','2026-02-04 17:31:52'),(70,'130','AGRICOLA TARAPACA S.A.','LOS CARRERA 444','MELIPILLA','CL','kamor@ariztia.com','','85.120.400-8','','TARAPA',1,'2026-02-04 17:31:52','2026-02-04 17:31:52'),(71,'27343','COM. E IND. INQUINAT CHILE LTDA','AV.LOS LEONES 0199 OF.12 PROV.','SANTIAGO','CL','','','78.931.720-8','','INQUINAT',0,'2026-02-04 17:31:52','2026-02-04 17:31:52'),(72,'22736','IMP. Y EXP. JIN CHEN LTDA','SAN ALFONSO 46','SANTIAGO','CL','','','77.990.460-1','','JIN CHEN ',0,'2026-02-04 17:31:52','2026-02-04 17:31:52'),(73,'47902','UNILEVER CHILE SCC LIMITADA','CARRASCAL 3551, QUINTA NORMAL','SANTIAGO','CL','Unilever_hpc@facturanet.cl','56 2-26812511','76.321.731-0','','UNILEVER SCC',1,'2026-02-04 17:31:52','2026-02-04 17:31:52'),(74,'26483','ZHANG HERMANOS LTDA','SALVADOR SAN FUENTE 2762 ','SANTIAGO','CL','','','77.759.660-8','','ZHANG',0,'2026-02-04 17:31:52','2026-02-04 17:31:52'),(75,'3860','COMERCIALIZAD.TRADECOS CHILE LTDA','LUIS THAYER OJEDA N 157','SANTIAGO','CL','patricio@tradecos.cl','56 2 434 0907','77.763.300-7','','TRADECO S',1,'2026-02-04 17:31:52','2026-02-04 17:31:52'),(76,'45804','AMLOG CHILE SPA','AV.LAS CONDES # 7700 OF 509A','SANTIAGO','CL','operaciones.scl@american-logistics.com','(56 2) 2334 4260','76.086.889-2','','AMLOG',1,'2026-02-04 17:31:52','2026-02-04 17:31:52'),(77,'10098','CARGO ENTREGA S.A','ECHAURREN 118, SANTIAGO CENTRO','SANTIAGO','CL','darrieta@hotexpress.cl','4383721/22','78.445.790-7','MARCELA ROJAS','CARGOEN',1,'2026-02-04 17:31:52','2026-02-04 17:31:52'),(78,'3170','PRUNESCO S.A.','AV.RAMON SUBERCASEAUX N1712.PIRQUE','SANTIAGO','CL','export@prunesco.com','8501220','96.687.090-7','MARIA LUISA STRAHOVSKY V.','PRUNESCO',1,'2026-02-04 17:31:52','2026-02-04 17:31:52'),(79,'39640','IMPORTADORA Y EXPORT.HONDA LTDA.','AV.LIBERTADOR O`HIGGINS 2945','SANTIAGO','CL','','','76.169.709-9','','HONDA',0,'2026-02-04 17:31:52','2026-02-04 17:31:52'),(80,'35523','ASESORIAS Y SERV.SURLOGISTICA LTDA','MONTT 357 OF 615','CURICO','CL','','75-558374','76.074.378-K','','SURLOGISTICA',1,'2026-02-04 17:31:52','2026-02-04 17:31:52'),(81,'31774','SOC.IMPORTADORA BFP LTDA.','2 SUR 1652 ','TALCA','CL','','','76.061.853-5','','BFP',0,'2026-02-04 17:31:52','2026-02-04 17:31:52'),(82,'915','COMERCIALIZADORA DE VESTUARIO S.A.','AV.BOULEV.AEROPUERTO SUR 9624 PUD','SANTIAGO','CL','','','96.554.710-K','','VESTUARIO',0,'2026-02-04 17:31:52','2026-02-04 17:31:52'),(83,'7443','QUIMICA ITALQUIM LTDA','CAMINO LO RUIZ 5200','SANTIAGO','CL','','','96.505.240-2','','ITALQUIM',0,'2026-02-04 17:31:52','2026-02-04 17:31:52'),(84,'1395','EXPEDITORS CHILE LTDA','NUEVA DE LYON NO.  072  OF. 1902','SANTIAGO','CL','carlos.reveco@expeditors.com','3630699','78.604.410-3','CARLOS REVECO','EXPEDITORS',1,'2026-02-04 17:31:52','2026-02-04 17:31:52'),(85,'45316','VIT LOGISTICA CHILE LIMITADA','BADAJOZ 100 OF. 906. LAS CONDES','SANTIAGO','CL','','','76.199.807-2','','VIT LOGISTICA',0,'2026-02-04 17:31:52','2026-02-04 17:31:52'),(86,'320','ARJA TEXTIL LTDA.','LAZO DE LA VEGA N4859.QUINTA NORMAL','SANTIAGO','CL','','7863479','79.888.140-K','IBRAIN ARJA','ARJA',1,'2026-02-04 17:31:52','2026-02-04 17:31:52'),(87,'49300','COMERCIAL SHENJIE YUAN EMPRESA INDIVIDUA','SERRANO 73 DEPTO613','SANTIAGO','CL','','56-9-66508806','76.424.175-4','','SHENJIE YUAN ',1,'2026-02-04 17:31:52','2026-02-04 17:31:52'),(88,'28368','IMP.EXP.Y COMERCIALIZ.GLOBAL S.A.','AV MANUEL MONTT 2517 NUOA ','SANTIAGO','CL','','','76.253.450-9','','COMERC. GLOBAL ',0,'2026-02-04 17:31:52','2026-02-04 17:31:52'),(89,'25491','CERRADORA DE SACOS S.A.','SAZIE N3025 ESTACION CENTRAL','SANTIAGO','CL','','','96.882.170-9','','CERRADORA',0,'2026-02-04 17:31:52','2026-02-04 17:31:52'),(90,'47094','COMERCIALIZADORA AGUEDA LTDA.','AV.LIB.BERNARDO OHIGGINS 2702-2798 L.11','SANTIAGO','CL','','','76.240.253-K','','AGUEDA',0,'2026-02-04 17:31:52','2026-02-04 17:31:52'),(91,'9567','LOGISTICA MARGISTICS CHILE LTDA','PADRE MARIANO 10 OF.201 PISO 2','PROVIDENCIA,SANTIAGO','CL','jchacon@margisticschile.cl','2354252','76.308.690-9','','MARGISTICS',1,'2026-02-04 17:31:52','2026-02-04 17:31:52'),(92,'48666','OFISILLAS IMP. DIST. Y COMER. LTDA','MEMBRILLAR 5992','SANTIAGO','CL','VENTAS@OFISILLAS.CL','','76.374.069-2','','OFISILLAS',1,'2026-02-04 17:31:52','2026-02-04 17:31:52'),(93,'52872','COMERCIAL WEI WEI LTDA.','CAMPBELL 3090 LOCAL 109 Y 141','SANTIAGO','CL','','','76.509.891-2','','WEI WEI',0,'2026-02-04 17:31:52','2026-02-04 17:31:52'),(94,'48702','COMERCIAL DONGXIA CHILE LTDA.','AV.LIBERTADOR BDO.OHIGGINS 2995 L44B ','SANTIAGO','CL','','','76.196.546-8','','DONGXI',0,'2026-02-04 17:31:52','2026-02-04 17:31:52'),(95,'48591','IMPORT.Y EXPORT.LONGTENG CHILE LTDA.','CAUPOLICAN 550 ','VALDIVIA','CL','','','76.362.466-8','','LONGTENGT',0,'2026-02-04 17:31:52','2026-02-04 17:31:52'),(96,'41167','IMP. Y EXP. XUEFEI ZHNG E.I.R.L.','AV.LIB.BERNARDO O\'HIGGINS NRO.2945','SANTIAGO','CL','','56993272232','76.218.691-8','','XUEFEI',1,'2026-02-04 17:31:52','2026-02-04 17:31:52'),(97,'9836','GRUPO LATYN S A','PARINACOTA 431 BODEGA D','SANTIAGO','CL','betsaberc@latyn.net','2-7392951/7392952','99.554.720-1','','LATYN',1,'2026-02-04 17:31:52','2026-02-04 17:31:52'),(98,'2808','NIPRO MEDICAL CORPORATION AGEN EN  CHILE','LOS GOBELINOS 2512 RENCA','SANTIAGO','CL','','02-4987800','59.077.290-9','MARIA CRISTINA','NIPRO',1,'2026-02-04 17:31:52','2026-02-04 17:31:52'),(99,'31447','GANGLIN','SAZIE 2926','SANTIAGO','CL','','','21.462.960-7','','GANGLIN',0,'2026-02-04 17:31:52','2026-02-04 17:31:52'),(100,'11749','SOC CONTRAC.MINERA ATACAMA KOZAN','PARC.LOS OLIVOS SEC.PTA.DEL COBRE','COPIAPO','CL','','','77.134.510-7','','ATACAMA',0,'2026-02-04 17:31:52','2026-02-04 17:31:52'),(101,'50674','SOC. IMPORTADORA UNIVERSO S.A','LEON DE LA BARRA 09322','LO ESPEJO','CL','','','76.416.303-6','','UNIVERSO',0,'2026-02-04 17:31:52','2026-02-04 17:31:52'),(102,'6695','IMPORT.Y EXPORTADORA COMEX LTDA.','CARLOS VALDOVINOS 590','SANTIAGO','CL','importaciones1@mimet.cl','23809500','76.101.660-1','','IMPOCOM',1,'2026-02-04 17:31:52','2026-02-04 17:31:52'),(103,'21907','INDUST.Y COMERCIAL STA.MARIANA LTD','EL OLIVAR 2801','SANTIAGO','CL','incosama@gmail.com','','79.528.710-8','','STA. MARIANA',1,'2026-02-04 17:31:52','2026-02-04 17:31:52'),(104,'43791','IMPORTADORA SANTA BEATRIZ SPA','SANTA MARIA 274 MAIPU','SANTIAGO','CL','','','76.170.323-4','','SANTA BEATRIZ',0,'2026-02-04 17:31:52','2026-02-04 17:31:52'),(105,'35516','CHOCOLATES DEL MUNDO S.A.','LAS ARAUCARIAS (BODEGAS J-H) 9080','SANTIAGO','CL','','','76.577.390-3','','CHOCOLATES',0,'2026-02-04 17:31:52','2026-02-04 17:31:52'),(106,'28245','MINERA FLORIDA LTDA','CAMINO EL ASIENTO S/N','SANTIAGO','CL','','','76.591.160-5','','FLORIDA',0,'2026-02-04 17:31:52','2026-02-04 17:31:52'),(107,'44568','JIWEI WU IMPORT.Y EXPORT.E.I.R.L.','AV.ESPERANZA 05','SANTIAGO','CL','','','76.285.154-7','','JIWEI',0,'2026-02-04 17:31:52','2026-02-04 17:31:52'),(108,'3939','ULTRA PAC SUDAMERICA S.A.','SAN PABLO S/N RUTA 68 KM 16 PUDAHUE','SANTIAGO','CL','','','96.733.780-3','','ULTRA',0,'2026-02-04 17:31:52','2026-02-04 17:31:52'),(109,'2063','INDUSTRIAS DE ENVASES TYPACK S.A.','CAMINO SANTA MARGARITA 1501SN BDO.','SANTIAGO','CL','','8542300','95.874.000-K','VICTOR LANTANO','TYPACK',1,'2026-02-04 17:31:52','2026-02-04 17:31:52'),(110,'32','ACEROS Y METALES SOC. LTDA','POETA PEDRO PRADO 1617 QUINTA NORMAL','SANTIAGO','CL','ppoblete@acermet.cl ','3679760','87.717.600-2','ALEJANDRO SEDINI HERNANDEZ','ACEROS Y METALE',1,'2026-02-04 17:31:52','2026-02-04 17:31:52'),(111,'38391','LAMAIGNERE CHILE S.A.','AV. APOQUINDO No 4001 OF. 501','SANTIAGO','CL','jose.gonzalezcarrion@lamaignere.cl','','76.679.760-1','','LAMAIGNERE',1,'2026-02-04 17:31:52','2026-02-04 17:31:52'),(112,'30612','COMERCIAL E INV. COMATEL S.A.','AV.CAMINO LO SIERRA 4530','SANTIAGO','CL','bvillarroel@comatelsa.cl','','76.075.542-7','','COMATEL',1,'2026-02-04 17:31:52','2026-02-04 17:31:52'),(113,'736','COEXPAN CHILE S.A.','AV.LAS ESTERAS SUR # 2591','SANTIAGO','CL','jleiva@coexpan.cl','56 2 23958000','94.486.000-2','JULIO LEIVA','COEXPAN',1,'2026-02-04 17:31:52','2026-02-04 17:31:52'),(114,'2769','NAVARRO Y CIA. LTDA.','AV.PDTE.SALVADOR ALLENDE N 73','SANTIAGO','CL','','5523840','83.274.700-9','','NAVARRO',1,'2026-02-04 17:31:52','2026-02-04 17:31:52'),(115,'47403','HEHAO ZHANG','UNION LAT.AMERICANA N 35','SANTIAGO','CL','','','23.007.422-4','','HEHAO',0,'2026-02-04 17:31:52','2026-02-04 17:31:52'),(116,'28631','CEGAMED CHILE S.A.','SANTA BEATRIZ 84C ','SANTIAGO','CL','','','99.593.170-2','','CEGAMED ',0,'2026-02-04 17:31:52','2026-02-04 17:31:52'),(117,'30600','COMERCIAL IMPOGAR LIMITADA','LOTE 94 PARQUE INDUSTRIAL','SANTIAGO','CL','','','77.935.650-7','','IMPOGAR',0,'2026-02-04 17:31:52','2026-02-04 17:31:52'),(118,'46789','IMPORT.Y EXPORT.ZHENG CHANG LTDA.','SAN ALFONSO 384','SANTIAGO','CL','','','76.378.505-K','','ZHENG CHANG',0,'2026-02-04 17:31:52','2026-02-04 17:31:52'),(119,'47445','SOC. COM. K & C ASESORIAS SPA','SANTO DOMINGO 1083 OF702','SANTIAOGO CENTRO','CL','gloria.castro@kycasesorias.cl','','76.155.522-7','','K & C',1,'2026-02-04 17:31:52','2026-02-04 17:31:52'),(120,'29373','FABIOLA SALAZAR, IMPORT.Y DIST.EIRL','MADRID 1350 ','SANTIAGO','CL','','','76.012.551-2','','MEGA MARKET',0,'2026-02-04 17:31:52','2026-02-04 17:31:52'),(121,'48862','IMP.CRISTIAN SAID NAHUM HAYAL EIRL','DUBLE ALMEYDA N 3789','SANTIAGO','CL','cristian_nahum@yahoo.es','220421119','76.275.558-0','','CRISTIAN SAID',1,'2026-02-04 17:31:52','2026-02-04 17:31:52'),(122,'40423','IMPOAGRO S.A.','LONG. SUR KM.186 07301','SAN ANTONIO','CL','','','76.185.429-1','','IMPOAGRO',0,'2026-02-04 17:31:52','2026-02-04 17:31:52'),(123,'3451','SHIPCO TRANSPORT (CHILE) S.A.','NUEVA TAJAMAR 481 OF.201.LAS CONDES','SANTIAGO','CL','','','96.971.240-7','','SHIPCO',0,'2026-02-04 17:31:52','2026-02-04 17:31:52'),(124,'3185','QUIMICA DEL SUR Y CIA LTDA','EL TAQUERAL 493 FUNDO SAN RAMON ','LAMPA SANTIAGO','CL','','','78.572.860-2','','QUIMICA DEL SUR',0,'2026-02-04 17:31:52','2026-02-04 17:31:52'),(125,'2633','MATHIESEN S.A.C.','AV PARQUE 4265 P/3 C.EMPRESARIAL','HUECHURABA,SANTIAGO','CL','PKARRER@GRUPOMATHIESEN.COM','6405600','92.207.000-8','','MATHIESEN',1,'2026-02-04 17:31:52','2026-02-04 17:31:52'),(126,'50538','GRENERGY RENOVABLES PACIFIC LTDA.','AV. ANDRES BELLO 2233 P10 COS LYON','SANTIAGO','CL','rosantonio@grenergy.eu ','56942688200','76.257.813-1','','GRENERGY',1,'2026-02-04 17:31:52','2026-02-04 17:31:52'),(127,'12386','ZULOGISTICA LTDA.','AV.ENCOMENDEROS N253 P.4 ','SANTIAGO','CL','','','77.487.670-7','','ZULOGISTICA',0,'2026-02-04 17:31:52','2026-02-04 17:31:52'),(128,'51049','CNA CHILE SPA','AVDA. MANQUEHUE 151 OF. 701','SANTIAGO','CL','','+5609066792251','76.474.349-0','ANGEL MARINETTI','CNA CHILE SPA',1,'2026-02-04 17:31:52','2026-02-04 17:31:52'),(129,'43005','COMERCIALIZADORA TENGFEI LTDA.','AV.LIB.BDO.O\'HIGGINS No 2995 L.30','SANTIAGO','CL','','','76.263.229-2','','TENGFEI',0,'2026-02-04 17:31:52','2026-02-04 17:31:52'),(130,'41845','DONG CHEN QI Y OTRO','SAN ALFONSO 154 LOCAL 6','SANTIAGO','CL','','','22.891.280-8','','DONG CHEN',0,'2026-02-04 17:31:52','2026-02-04 17:31:52'),(131,'37420','IMP. Y EXP.  HONG YUAN LTDA.','BASCUAN GUERRERO 393 - 399 ','SANTIAGO','CL','','','76.133.568-5','','HONG YUANG',0,'2026-02-04 17:31:52','2026-02-04 17:31:52'),(132,'46603','INVERSIONES Y COMER. FERROMAX LTDA','UNION LATINO AMERICANA N114','SANTIAGO','CL','','','76.408.980-4','','FERROMAX',0,'2026-02-04 17:31:52','2026-02-04 17:31:52'),(133,'601','CEMBRASS S A','CANAVERAL N 560','SANTIAGO','CL','hffaavedra@cembrass.cl','7335067','96.791.900-4','JOSE MIGUEL MARTINEZ','CEMBRASS',1,'2026-02-04 17:31:52','2026-02-04 17:31:52'),(134,'45565','SOC. COM. MARALL LTDA','UBLE 620 ','SANTIAGO','CL','','56-2-4080525','76.267.629-K','','MARALL',1,'2026-02-04 17:31:52','2026-02-04 17:31:52'),(135,'36272','COMERCIAL EQQUS LIMITADA','SAN ALFONSO 302','SANTIAGO','CL','','','76.111.297-K','','EQQUS',0,'2026-02-04 17:31:52','2026-02-04 17:31:52'),(136,'50280','DEL CORONA & SCARDIGLI CHILE LTDA','LOS DOMINICOS 8630, LAS CONDES','SANTIAGO','CL','','','76.414.216-0','','DEL CORONA',0,'2026-02-04 17:31:52','2026-02-04 17:31:52'),(137,'3084','POLITEC S.A.','AMER.VESPUCIO SUR 444 LA GRANJA','SANTIAGO','CL','info@semoglas.com','5416111','96.567.010-6','FERNANDO MORENO CRUCHAGA','POLITEC S.A.',1,'2026-02-04 17:31:52','2026-02-04 17:31:52'),(138,'47013','COMERCIAL QICHEN LIMITADA.','UNION AMERICANA 134','SANTIAGO','CL','','','76.134.124-3','','QICHEN',0,'2026-02-04 17:31:52','2026-02-04 17:31:52'),(139,'39016','COM.CARLOS MANQUECURA A.EIRL','SAN ALFONSO 154 LOCAL 12','SANTIAGO','CL','','0056226894076','76.175.122-0','','MANQUECURA',1,'2026-02-04 17:31:52','2026-02-04 17:31:52'),(140,'217','ALGAS MARINAS S.A  ALGAMAR','FIDEL OTEIZA 1956. PISO 14','SANTIAGO','CL','hflores@algasmarinas.cl','2055086','93.776.000-0','MARIA ANGELICA PINTO','ALGAS MARI',1,'2026-02-04 17:31:52','2026-02-04 17:31:52'),(141,'9134','DISTR E IMPORT HOLGREI LTDA','LOS YACIMIENTOS  1050 MAIPU','SANTIAGO','CL','','','86.018.500-8','','HOLGREI',0,'2026-02-04 17:31:52','2026-02-04 17:31:52'),(142,'52014','COMERCIAL OPTICAS VISION VERDE LTDA.','ENRIQUE MAC IVER 142 LOCAL 307-308','SANTIAGO','CL','','','76.309.004-3','','VISION VERDE',0,'2026-02-04 17:31:52','2026-02-04 17:31:52'),(143,'19126','SOC.IMP.LIPLATA LTDA.','ESTADO N235 OF.1209','SANTIAGO','CL','','','89.962.800-4','','LIPLATA',0,'2026-02-04 17:31:52','2026-02-04 17:31:52'),(144,'34089','TEXTIL JADUE LTDA.','DOMINICA 257','SANTIAGO','CL','','','76.081.507-1','','JADUE',0,'2026-02-04 17:31:52','2026-02-04 17:31:52'),(145,'2028','INCAL S.A.','VICUA MACKENNA N 3860','SANTIAGO','CL','','','83.972.800-K','','INCAL',0,'2026-02-04 17:31:52','2026-02-04 17:31:52'),(146,'44580','IMPORT. Y EXPORT. YADA LIMITADA','SAN ALFONSO 387','SANTIAGO','CL','','76636059','76.307.147-2','','YADA',1,'2026-02-04 17:31:52','2026-02-04 17:31:52'),(147,'50990','COMERCIALIZADORA RAS SPA','TOESCA 2886 SANTIAGO','SANTIAGO','CL','handresortiz@hotmail.com','222472373','76.391.803-3','HECTOR ORTIZ','RAS SPA',1,'2026-02-04 17:31:52','2026-02-04 17:31:52'),(148,'11524','DARCO IMP. Y EXP. LIMITADA','AV. MATTA 217','SANTIAGO','CL','','','79.827.650-6','','DARCO',0,'2026-02-04 17:31:52','2026-02-04 17:31:52'),(149,'27499','TRIO S.A.','ESQUINA BLANCA 1117 MAIPU ','SANTIAGO','CL','','','79.918.390-0','','TRIO',0,'2026-02-04 17:31:52','2026-02-04 17:31:52'),(150,'2747','SOC.IMPORT.Y COM.MULTIMAQ LTDA','LOCARNO 0263 LA CISTERNA','SANTIAGO','CL','evalenzuela@multimaq.cl','','79.798.730-1','','MULTIMAQ',1,'2026-02-04 17:31:52','2026-02-04 17:31:52'),(151,'2614','AG.DE TRAN.NAC.E INT.MARITRANS LTDA.','SAN PIO X NO.2460,OF.101,PROVIDENCIA','SANTIAGO','CL','lcuadros@maritrans.cl','2118785','77.174.670-5','LUIS CUADROS','MARITRANS',1,'2026-02-04 17:31:52','2026-02-04 17:31:52'),(152,'45778','SEFF SERVICIOS SPA','OJEDA 0191 OF.1005,PROVIDENCIA','SANTIAGO','CL','conzuelo.chiozza@seffcargo.com ','562 232239345','76.326.848-9','','SEFF',1,'2026-02-04 17:31:53','2026-02-04 17:31:53'),(153,'50811','COMERCIAL SAN ISIDRO SPA','SAN ISIDRO 2208 SANTIAGO','SANTIAGO','CL','','0226962723','76.312.033-3','WALTER ESQUIVANO','COMERCIAL SAN I',1,'2026-02-04 17:31:53','2026-02-04 17:31:53'),(154,'11697','TECNOLOGIA DE LA MADERA S.A.','CAMINO EL GUANACO N4778','SANTIAGO','CL','','','96.535.070-5','','TECNOLOGIA',0,'2026-02-04 17:31:53','2026-02-04 17:31:53'),(155,'23467','FUNDICION TALLERES LTDA','AVDA ESTACION 01200','RANCAGUA','CL','nancy.perez@talleres.cl','2587634','99.532.410-5','NANCY PEREZ','TALLERES',1,'2026-02-04 17:31:53','2026-02-04 17:31:53'),(156,'11320','WORLDWIDE TRANSPORT LTDA.','AV.11 DE SEPTIEMBRE NRO.2155 OF.1006','SANTIAGO','CL','operations@wwt.cl','562-3350536','76.437.220-4','','WORLDWIDE',1,'2026-02-04 17:31:53','2026-02-04 17:31:53'),(157,'9267','INDUSTRIA METALMECANICA RIVET S.A','LA ESTERA 418 LAMPA','SANTIAGO','CL','','','95.151.000-9','','RIVERLT',0,'2026-02-04 17:31:53','2026-02-04 17:31:53'),(158,'532','CAMBIASO HNOS. S.A.C.','AV. BRASIL N2492','VALPARAISO','CL','','6721623','91.438.000-6','ALBERTO CLAVIJO','CAMBIASO',1,'2026-02-04 17:31:53','2026-02-04 17:31:53'),(159,'19695','IMPORTGROUP S.A.','GENERAL DEL CANTO # 487','SANTIAGO','CL','importgroup@importgroup.cl','56-2-22360625','99.555.820-3','','IMPORTGROUP',1,'2026-02-04 17:31:53','2026-02-04 17:31:53'),(160,'1663','GOODYEAR DE CHILE S.A.I.C.','CAMINO A MELIPILLA KM.16','SANTIAGO','CL','juan_llagostera@goodyear.com','5301010','93.770.000-8','','GOODYEAR',1,'2026-02-04 17:31:53','2026-02-04 17:31:53'),(161,'145','AGROCOMMERCE S.A.','JOSE MIGUEL INFANTE N 8745 RENCA','SANTIAGO','CL','natalia.aliaga@agrocommerce.cl','91865550','96.973.910-0','NATALIA ALIAGA','AGROCO',1,'2026-02-04 17:31:53','2026-02-04 17:31:53'),(162,'11449','IND.METALURGICA SOMARRIVA LTDA.','SEGUNDA TRANSVERSAL S/N.P.HURTADO','SANTIAGO','CL','','','76.545.140-K','','SOMARRIVA',0,'2026-02-04 17:31:53','2026-02-04 17:31:53'),(163,'5009','EXPOR.E IMPOR.MANRIQUE Y CIA LTDA.','PADRE ORELLANA N 1398.','SANTIAGO','CL','milton@autividrios.cl','','77.113.100-K','','MANRIQUE',1,'2026-02-04 17:31:53','2026-02-04 17:31:53'),(164,'31731','POLEX CHILE S.A.','SANTA CLARA 301 OF. 3801 CIUD.EMPRESARIA','HUECHURABA, SANTIAGO','CL','','','78.927.560-2','','POLEX',0,'2026-02-04 17:31:53','2026-02-04 17:31:53'),(165,'49048','RFC LOGISTIC LIMITADA','NUEVA PROVIDENCIA N 1945','SANTIAGO','CL','info@rfclogistics.net','2 22052706','76.307.977-5','','RFC',1,'2026-02-04 17:31:53','2026-02-04 17:31:53'),(166,'36205','IMP. Y EXP. BELLA TIERRA LTDA.','GRAJALES N 2860','SANTIAGO','CL','','','76.115.635-7','','BELLA',0,'2026-02-04 17:31:53','2026-02-04 17:31:53'),(167,'41789','COMERCIAL ZHENGWEI CHILE LTDA','SAN ALFONSO 299','SANTIAGO','CL','','','76.120.198-0','','ZHENGWEI',0,'2026-02-04 17:31:53','2026-02-04 17:31:53'),(168,'3307','ROHM AND HAAS CHILE LTDA.','ISIDORA GOYENECHEA 3477.LAS CONDES','SANTIAGO','CL','','','81.104.700-7','','ROHM',0,'2026-02-04 17:31:53','2026-02-04 17:31:53'),(169,'946','CIA.DE TRANSPORTE MARITIMO S.A.','ESMERALDA 1074. OFICINA 1306','VALPARAISO','CL','ctm-adm@ctcinternet.cl','32-228305','96.859.000-6','ORIANA TOBAR','C.T.M.',1,'2026-02-04 17:31:53','2026-02-04 17:31:53'),(170,'36104','SOC.AUSTRAL DE ELECTRICIDAD S.A.','BULNES N 441 ','OSORNO','CL','','','76.073.162-5','','AUSTRAL',0,'2026-02-04 17:31:53','2026-02-04 17:31:53'),(171,'28714','COMERCIALIZADORA PROQUEM S.P.A','PATRICIO VINUELA 485 LAMPA','SANTIAGO','CL','','','76.040.965-0','','PROQUEM',0,'2026-02-04 17:31:53','2026-02-04 17:31:53'),(172,'36839','SOCIEDAD COMERCIAL BEIKE LIMITADA','SAN ALFONSO 299 LOCAL 19 A','SANTIAGO','CL','ceaven12@gmail.com','','76.150.907-1','','BEIKE',1,'2026-02-04 17:31:53','2026-02-04 17:31:53'),(173,'26344','COMERCIAL BRILLIANT LTDA','CAMPBELL 3090 L 118 ','SANTIAGO','CL','','','76.046.252-7','','BRILLIANT ',0,'2026-02-04 17:31:53','2026-02-04 17:31:53'),(174,'3935','UNIVERSAL FREIGHT SERVICE S.A.','CIRUJANO GUZMAN N40 PROVIDENCIA','SANTIAGO','CL','documentacion@ufs.cl','6981572','96.889.650-4','','UFS UNIVER',1,'2026-02-04 17:31:53','2026-02-04 17:31:53'),(175,'46574','IMPOR. Y EXPOR. SU HOGAR LIMITADA','AV. LIBERTADOR B.O\'HIGGING 2848','SANTIAGO','CL','','','76.376.387-0','','HOGAR ',0,'2026-02-04 17:31:53','2026-02-04 17:31:53'),(176,'21993','ABBOTT LABORATORIOS CHILE LTDA.','AV.EL SALTO N5380 HUECHURABA','SANTIAGO','CL','','','81.378.300-2','','ABBOTT',0,'2026-02-04 17:31:53','2026-02-04 17:31:53'),(177,'942','MARIENBERG G.DE NEG.LTDA Y CIA EN C','EXPOSICION N 202','SANTIAGO','CL','yac@marienberg.cl','6898031','93.320.000-0','YASMILA AGUIRRE','MARIENBERG',1,'2026-02-04 17:31:53','2026-02-04 17:31:53'),(178,'11739','PATRICIA CARRION TORRES','RAMON SUBERCASEAUX N624 PIRQUE','SANTIAGO','CL','','','6.079.023-K','','PATRICIA',0,'2026-02-04 17:31:53','2026-02-04 17:31:53'),(179,'37844','SOC.COMERCIAL SERI LIMITADA','UMANA 1599, ESTACION CENTRAL','SANTIAGO','CL','','','76.148.628-4','','SERI',0,'2026-02-04 17:31:53','2026-02-04 17:31:53'),(180,'40996','XU YONGDA ROPA DE VESTIR E.I.R.L.','BASCUAN GUERRERO 79 LOCAL 25','SANTIAGO','CL','','','76.884.890-4','','XU',0,'2026-02-04 17:31:53','2026-02-04 17:31:53'),(181,'40112','IMPORTADORA PROMA CIA LTDA.','SALVADOR SAN FUENTES 2721','SANTIAGO','CL','','','76.040.772-0','','PROMA',0,'2026-02-04 17:31:53','2026-02-04 17:31:53'),(182,'40904','COMERCIAL LADY LUCIA LTDA.','CAMPBELL 3090 LOCAL 220','SANTIAGO','CL','','','76.123.896-5','','LADY',0,'2026-02-04 17:31:53','2026-02-04 17:31:53'),(183,'39750','RUFORTA SERVICIOS LOGISTICOS LTDA','PIO X N2390 OF 307 PROVIDENCIA','SANTIAGO','CL','','','76.183.359-6','','RUFORTA',0,'2026-02-04 17:31:53','2026-02-04 17:31:53'),(184,'45975','ROMANCIA HERMANOS SPA.','PSJE. UJINA N 1465 PUENTE ALTO','SANTIAGO','CL','','56-9-58733350','76.260.954-1','','ROMANCIA',1,'2026-02-04 17:31:53','2026-02-04 17:31:53'),(185,'11279','SURTI VENTAS LTDA.','LAS HORTENCIAS 900 CERRILLOS','SANTIAGO','CL','','','76.462.500-5','','SURTI',0,'2026-02-04 17:31:53','2026-02-04 17:31:53'),(186,'6699','COMERCIALIZADORA DE INSUMOS SOLCHEM LTDA','LUIS THRAGER OJEDDA 166','SANTIAGO','CL','','','78.709.600-K','','SOLCHEM',0,'2026-02-04 17:31:53','2026-02-04 17:31:53'),(187,'46114','UNIVERSAL FORWARDING SPA','AUGUSTO LEGUIA NORTE N 100 OF. 310','SANTIAGO','CL','','','76.320.604-1','','UNIVERSAL',0,'2026-02-04 17:31:53','2026-02-04 17:31:53'),(188,'3375','SANCHEZ Y CIA. LTDA.','CARRASCAL 606 , QUINTA NORMAL','SANTIAGO','CL','','7391017','80.953.900-8','','SANCIA',1,'2026-02-04 17:31:53','2026-02-04 17:31:53'),(189,'2417','LANERA CHILENA S.A.','LOS PLATANOS N2554.MACUL','SANTIAGO','CL','','2381372','90.871.000-2','OLGA VELGARD','LANERA CHI',1,'2026-02-04 17:31:53','2026-02-04 17:31:53'),(190,'3435','SERVICIOS INTEGRADOS ANTEROS S.A.','ELEUTERIO RAMIREA 741','SANTIAGO','CL','','6323462','96.607.120-6','JOSE PABLOVIC','ANTEROS',1,'2026-02-04 17:31:53','2026-02-04 17:31:53'),(191,'52871','IMPORT. Y EXPORT.LEI MENG LTDA.','SAZIE 2930 LOCAL 113','SANTIAGO','CL','','79432088','76.507.777-K','','LEI MENG',1,'2026-02-04 17:31:53','2026-02-04 17:31:53'),(192,'25841','PRODUCTOS BITUMINOSOS S.A.','CERRO SOMBRERO 1010, MAIPU','SANTIAGO','CL','','','96.724.760-K','','BITUMINOSOS',0,'2026-02-04 17:31:53','2026-02-04 17:31:53'),(193,'386','TR.NAC.E INTER.AUSTRAL SH.AGENCY LTDA','AMERICO VESP.ORIENTE 1309 OF.513','SANTIAGO','CL','Claudia@asa.cl','78556601','77.206.360-1','CAROL FLORES','AUSTRAL SH',1,'2026-02-04 17:31:53','2026-02-04 17:31:53'),(194,'52276','IMP. Y EXP. LUCKY HOUSE LTDA','SAN ALFONSO 394 SANTIAGO','SANTIAGO','CL','antoniowei.cl@gmail.com','76594045','76.474.011-4','ANTONIO WEI','LUCKY',1,'2026-02-04 17:31:53','2026-02-04 17:31:53'),(195,'43067','IMP. Y EXP. NEW SOUTH LTDA.','AV.LIB.BDO.OHIGGINS 2945 L.21-22','SANTIAGO','CL','','','76.215.412-9','','SOUTH',0,'2026-02-04 17:31:53','2026-02-04 17:31:53'),(196,'1351','ENVASES CMF S.A.','LA MARTINA N 0390','SANTIAGO','CL','ventas@crowpla.cl','5448208','86.881.400-4','JULIANA ORREGO','CMF',1,'2026-02-04 17:31:53','2026-02-04 17:31:53'),(197,'45596','LOGISTICA PROFESIONAL S.A.','PASEO DE ALCALA 12136 LO BARNECHEA','SANTIAGO','CL','','','76.199.058-6','','LOGISTICA',0,'2026-02-04 17:31:53','2026-02-04 17:31:53'),(198,'38679','SOCIEDAD PRODUCTORA DE PLASTICOS SPA','LOS HILANDEROS # 8817 LA REINA ','SANTIAGO','CL','','','76.063.422-0','','PLASTICOS ',0,'2026-02-04 17:31:53','2026-02-04 17:31:53'),(199,'1566','DITZLER CHILE LIMITADA','CAMINO SANTA MARTA N2001.MAIPU','SANTIAGO','CL','','','96.678.110-6','','FRIGORIFIC',0,'2026-02-04 17:31:53','2026-02-04 17:31:53'),(200,'41378','IMPORT. Y EXPORTADORA  DELI LTDA.','AV.LIBER.O`HIGGINS 2702 L.14','SANTIAGO','CL','','','76.146.463-9','','DELI',0,'2026-02-04 17:31:53','2026-02-04 17:31:53'),(201,'42668','COMERCIAL AN YANG LTDA.','SUC.AV.BDO.OHIGGINS 2945 L.67 EST.CENT ','SANTIAGO','CL','','','76.256.451-3','','AN YANG',0,'2026-02-04 17:31:53','2026-02-04 17:31:53'),(202,'46439','COMERCIALIZADORA BOTELI LTDA.','AV.LIB.BDO.OHIGGINS 2848-286 L.B12-14','SANTIAGO','CL','','','76.350.077-2','','BOTELLI',0,'2026-02-04 17:31:53','2026-02-04 17:31:53'),(203,'35373','PREMEZCLAS LATINOAMERICANAS S.A.','MARDOQUEO FERNANDEZ 118 OF.301 PROV','SANTIAGO','CL','','','76.047.416-9','','PRALSA',0,'2026-02-04 17:31:53','2026-02-04 17:31:53'),(204,'46918','IMPORTADORA CHEN LTDA.','AV.RECOLETA N.320 LOCAL 533 ','RECOLETA SANTIAGO','CL','','','76.299.262-0','','CHEN',0,'2026-02-04 17:31:53','2026-02-04 17:31:53'),(205,'10395','ACEROS MORONI LIMITADA','JULIO BANADOS # 2162','SANTIAGO','CL','sonam@entelchile.net ','27753211','77.904.140-9','','MORONI',1,'2026-02-04 17:31:53','2026-02-04 17:31:53'),(206,'38912','TRA.MULTIMODALES TRANS CHINA LTDA.','JUAN DE PINEDA 8069, LA FLORIDA','SANTIAGO','CL','','','76.140.442-3','JOHANNA GOMEZ','TRANS CHINA',0,'2026-02-04 17:31:53','2026-02-04 17:31:53'),(207,'49766','COMERCIAL FANG JIE LIMITADA','ADD:AVDA. LIB. BDO. OHIGGINGS NO2945 LOC','SANTIAGO','CL','','0056 2 6892345','76.131.836-5','','FANG JIE',1,'2026-02-04 17:31:53','2026-02-04 17:31:53'),(208,'45766','COMERCIALIZADORA KANG DA LIMITADA','AV.LIB.BDO.O\'HIGGINS 2945-2947 L.55','SANTIAGO','CL','','','76.274.835-5','','KANG',0,'2026-02-04 17:31:53','2026-02-04 17:31:53'),(209,'206','ALFA CHILENA S.A.','AV. LAS AMERICAS 700','SANTIAGO','CL','importaciones@alfachilena.cl','5570808','91.974.000-0','CARLOS SINSCHI','ALFA CHILE',1,'2026-02-04 17:31:53','2026-02-04 17:31:53'),(210,'33230','LOGISTICA Y BODG.SCHIAPPACASSE LT.','CAMINO LONQUEN 13070 SAN BERNARDO','SANTIAGO','CL','','','77.826.220-7','','SCHIAPPACASSE',0,'2026-02-04 17:31:53','2026-02-04 17:31:53'),(211,'39757','IMP. Y EXP. DCIC LTDA.','SAN ISIDRO 1805','SANTIAGO','CL','','','76.205.592-9','','DCIC',0,'2026-02-04 17:31:53','2026-02-04 17:31:53'),(212,'5584','LABORATORIO BALLERINA LTDA','ANTONIO ESCOBAR W.N190.CERRILLOS','SANTIAGO','CL','','','92.405.000-4','','BALLERINA ',0,'2026-02-04 17:31:53','2026-02-04 17:31:53'),(213,'2740','MULTIACEROS S.A.','CAMINO LA ALAMEDA 241, LAMPA','SANTIAGO','CL','','','96.798.550-3','','MULTIACER',0,'2026-02-04 17:31:53','2026-02-04 17:31:53'),(214,'2855','ONDEO DEGREMONT LTDA','SIN DIREECION','SANTIAGO','CL','','','77.441.870-9','','SUEZ',0,'2026-02-04 17:31:53','2026-02-04 17:31:53'),(215,'2344','\"K\"\" LINE CHILE LIMITADA\"','AV.APOQUINDO 3650 OF 301,LAS CONDES','SANTIAGO','CL','','6501850','83.125.200-6','ERWIN ESCOBAR','\"K\"\" LINE\"',1,'2026-02-04 17:31:53','2026-02-04 17:31:53'),(217,'53165','FRAILE & CASTRUCCIO YUTE LTDA.','JOSE MANUEL INFANTE  50 OF.2 PROVIDENCIA','SANTIAGO','CL','','','76.285.343-4','','FRAILE',0,'2026-02-04 17:31:53','2026-02-04 17:31:53'),(218,'1961','IMPORTADORA NAYEM LTDA.','DARDINAC N274RECOLETA','SANTIAGO','CL','','','78.762.290-9','','NAYEM',0,'2026-02-04 17:31:53','2026-02-04 17:31:53'),(219,'3813','TEXTIL COHEN Y COMBEROFF LTDA','AV. GUILLERMO MANN 985 NUNOA','SANTIAGO','CL','','','86.137.300-2','','COHEN',0,'2026-02-04 17:31:53','2026-02-04 17:31:53'),(220,'6628','COM. AGROPECUARIA COPEVAL S.A','MANUEL RODRIGUEZ 1099','SAN BERNARDO','CL','cynthia.saricueta@copeval.cl','','81.290.800-6','CYNTHIA SARICUETA','COPEVAL',1,'2026-02-04 17:31:53','2026-02-04 17:31:53'),(221,'28407','SOCIEDAD COMERCIALIZ.DEL SUR LTDA','BUZETA 3659 ESTACION CENTRAL ','SANTIAGO','CL','','','76.062.693-7','','SUR',0,'2026-02-04 17:31:53','2026-02-04 17:31:53'),(222,'1243','ECOPRENEUR CHILE S.A','AMAPOLAS N1270 PROV.','SANTIAGO','CL','','','96.778.160-6','','ECOPRENEUR',0,'2026-02-04 17:31:53','2026-02-04 17:31:53'),(223,'3992','VALVULAS INDUSTRIALES S.A.','PANAMERICANA NORTE KM 19, COLINA','SANTIAGO','CL','','4415600','95.164.000-K','ALLAN DAVIDOVITS KRAUS','VALVULAS',1,'2026-02-04 17:31:53','2026-02-04 17:31:53'),(224,'46882','BECTON SOCIEDAD ANONIMA','CAMINO RINCONADA 4230, MAIPU','SANTIAGO','CL','hvalenz@pyt.cl','','96.512.030-0','','BECTON',1,'2026-02-04 17:31:53','2026-02-04 17:31:53'),(225,'26726','S.T.C. EUROPARTNERS AMERICA LTDA','SANTA BEATRIZ 170 OF. 704','PROVIDENCIA SANTIAGO','CL','','','76.031.758-6','','EUROPARTNERS',0,'2026-02-04 17:31:53','2026-02-04 17:31:53'),(226,'35088','COMERCIAL XU DONG LTDA','SAZEN 2930-2960','SANTIAGO','CL','','','76.135.987-8','','XU DONG',0,'2026-02-04 17:31:53','2026-02-04 17:31:53'),(228,'38305','SOC. COM INDIGO S.A.','AV.EL PARRON 1853 ','SANTIAGO','CL','','','76.873.070-9','','INDIGO',0,'2026-02-04 17:31:53','2026-02-04 17:31:53'),(229,'19739','FAGGIONI TECHNOLOGIES Y CONS.S.A','CAMILO ENRIQUEZ N75 ','QUILPUE','CL','','','78.396.660-3','','FAGGIONI',0,'2026-02-04 17:31:53','2026-02-04 17:31:53'),(230,'29011','ALEXIM CHILE S.A.','AV.ANDRES BELLO 1245 OF 507 PROVIDENCIA ','SANTIAGO','CL','kespinoza@alexim.com','','99.572.990-3','','ALEXIM',1,'2026-02-04 17:31:53','2026-02-04 17:31:53'),(231,'20944','C.Y PR.DE ALIM.OPPOSITE SEASON LTDA','HERNANDO DE AGUIRRE 162 OF.1104','SANTIAGO','CL','','','76.603.050-5','','OPPOSITE',0,'2026-02-04 17:31:53','2026-02-04 17:31:53'),(232,'588','CASO E HIJOS LTDA.','SAN DIEGO 820','SANTIAGO','CL','','','80.173.900-8','','CASSO',0,'2026-02-04 17:31:53','2026-02-04 17:31:53'),(233,'44806','ADQUIM SPA','MARIA JOSEFINA 312','SANTIAGO','CL','','','76.264.437-1','','ADQUIM',0,'2026-02-04 17:31:53','2026-02-04 17:31:53'),(234,'19576','POLYGAL SUD S.A.','RUTA 68 KIL. 69, ENLACE TAPIHUE S/N','CASABLANCA,VALPARAISO','CL','','','76.833.610-5','','POLYGAL ',0,'2026-02-04 17:31:53','2026-02-04 17:31:53'),(235,'32421','TRICON CHILE S.A.','CORONEL PEREIRA # 72,OF 502 LAS CONDES','SANTIAGO','CL','','','76.007.972-3','','TRICON',0,'2026-02-04 17:31:53','2026-02-04 17:31:53'),(236,'45447','INVERSIONES TRI LIMITADA','21 MAYO 1148','SANTIAGO','CL','','','76.264.457-6','','TRI',0,'2026-02-04 17:31:53','2026-02-04 17:31:53'),(237,'47172','EXPORTADORA BAIKA S.A','AV. JOSE MANSO DE VELASCO 28','SAN FELIPE','CL','','','76.100.265-1','','BAIKA',0,'2026-02-04 17:31:53','2026-02-04 17:31:53'),(238,'48739','LOGISTICA FLEXI LTDA','LOS ESPINOS 2941','MACUL','CL','','','76.081.371-0','','FLEXI',0,'2026-02-04 17:31:53','2026-02-04 17:31:53'),(239,'25897','BOARDER LOGISTICS S.A.','SAN EUGENIO 90 ','NUOA - SANTIAGO','CL','','2330087-2338088','76.020.575-3','','BOARDER LOGIST',1,'2026-02-04 17:31:53','2026-02-04 17:31:53'),(240,'17092','COMERC.GLOBAL PRODUCTS LTDA.','AV.DEL PARQUE 4680-A OF 206','SANTIAGO','CL','lromero@globalfrozen.com','+56222462596','76.689.540-9','','GLOBAL PRODUCTS',1,'2026-02-04 17:31:53','2026-02-04 17:31:53'),(241,'2058','INDUSTRIA DE ACRILICOS LTDA.','EL GUANACO 6813 HUECHURABA','SANTIAGO','CL','','7400601','88.783.300-1','','ACRILICOS',1,'2026-02-04 17:31:53','2026-02-04 17:31:53'),(242,'102','AGRICOLA CHOROMBO S.A.','CAM.LO HERRERA S/N','SANTIAGO','CL','','','83.659.400-2','','CHOROMBO',0,'2026-02-04 17:31:53','2026-02-04 17:31:53'),(243,'1519','B.O. FOODSERVICE S.A.','EL ROSAL N 5123.HUECHURABA','SANTIAGO','CL','','6238393','96.868.810-3','RENE HIDALGO','FOODPACK',1,'2026-02-04 17:31:53','2026-02-04 17:31:53'),(244,'3768','IND.DE TEC.HIDR.EN MIN.Y CONST.S.A.','BELLAVISTA N 377','SANTIAGO','CL','','6032427','84.912.700-4','VICTOR PETTERMANN FERNANDEZ','TEHMCO',1,'2026-02-04 17:31:53','2026-02-04 17:31:53'),(245,'3621','SOCIEDAD NACIONAL DE METALES LTDA.','JULIO BAADOS 2162','SANTIAGO','CL','','','78.608.010-K','','METALESS',0,'2026-02-04 17:31:53','2026-02-04 17:31:53'),(246,'442','BEIERSDORF S.A.','CAMINO LO ESPEJO N 501.MAIPU','SANTIAGO','CL','','3688959','93.513.000-K','JORGE BAHAMONDES','BEIERSDORF',1,'2026-02-04 17:31:53','2026-02-04 17:31:53'),(247,'31540','IMPORTADORA Y EXPORT.FORTUNA LTDA.','5 DE ABRIL 163 A','SANTIAGO','CL','','','76.078.351-K','','FORTUNA',0,'2026-02-04 17:31:53','2026-02-04 17:31:53'),(248,'895','COMERCIAL Y PESQUERA SOUTH WIND S.A.','VILLARRICA #311','SANTIAGO','CL','valeria@southwind.cl','','96.697.910-0','','PESQSWIND',1,'2026-02-04 17:31:53','2026-02-04 17:31:53'),(249,'3729','SUN CHEMICAL CHILE S.A.','S.BERNARDITA 12035,L.INDUST.P.SUR','SANTIAGO','CL','francisco.arriagada@sunchemicalchile.com','','96.563.360-K','','CHEMICAL',1,'2026-02-04 17:31:53','2026-02-04 17:31:53'),(250,'3099','PRINAL S.A.','LAS ENCINAS # 127','SANTIAGO','CL','claudia_ramirez@prinal.com','5578020','83.877.600-0','','PRINAL',1,'2026-02-04 17:31:53','2026-02-04 17:31:53'),(251,'589','CASTAEDA HERMANOS LTDA.','CAMINO STA. MARGARITA N 0601','SANTIAGO','CL','','','78.468.900-K','','CATAEDA',0,'2026-02-04 17:31:53','2026-02-04 17:31:53'),(252,'1227','DUAS RODAS CHILE S.A.','CAM.EL OTOO 250.EL TRAQUERAL.LAMPA','SANTIAGO','CL','','','96.512.460-8','','DUAS',0,'2026-02-04 17:31:53','2026-02-04 17:31:53'),(253,'6560','SOCIEDAD AGRICOLA LOS TILOS LTDA','PARCELA No 08 CAMINO A SANTA MARIA','SANTIAGO','CL','','','89.136.700-7','','TILOS',0,'2026-02-04 17:31:53','2026-02-04 17:31:53'),(254,'45279','COMERCIAL BODY KEY CHILE LTDA.','SAN ALFONSO 299','SANTIAGO','CL','','','76.338.397-0','','BODY KEY CHILE',0,'2026-02-04 17:31:53','2026-02-04 17:31:53'),(255,'18899','ELIAS MAZU Y COMPAIA LIMITADA','BUENOS AIRES 354','SANTIAGO','CL','','','79.719.960-5','','ELIAS MAZU',0,'2026-02-04 17:31:53','2026-02-04 17:31:53'),(256,'46585','SUCHEX LOGISTICS SPA','NUEVA DE LYON 0124 OF 402 PROV.','SANTIAGO','CL','stroncoso@suchex.cl','56 2 22640074','76.285.938-6','','CARGOCORP',1,'2026-02-04 17:31:53','2026-02-04 17:31:53'),(257,'25787','CONSTRUCTORA SANTOLAYA LTDA','PADRE MARIANO,181 DPTO.501','PROVIDENCIA,SANTIAGO','CL','','02-3280800','76.910.360-0','','SANTOLAYA',1,'2026-02-04 17:31:53','2026-02-04 17:31:53'),(258,'32080','PROTEINAS DEL AGRO S.A.','SEPULVEDA LEYTON 2948,','SANTIAGO CENTRO','CL','patricio.zg@hotmail.com','','96.586.610-8','','AGRO',1,'2026-02-04 17:31:53','2026-02-04 17:31:53'),(259,'29848','SERV.Y ASES.Y SOLUC.FINANCIERAS LTDA.','FRANCISCO ZELADA 150','SANTIAGO','CL','','','77.606.220-0','','SERV.ASES.Y SOL',0,'2026-02-04 17:31:53','2026-02-04 17:31:53'),(260,'48696','REPRESENTACIONES INTER. BEHNKE SPA','GARCIA TORRES 1652, VITACURA','SANTIAGO','CL','avargas@sicaexpress.cl','226732132','76.098.522-8','','BEHNKE',1,'2026-02-04 17:31:53','2026-02-04 17:31:53'),(261,'1442','EXTRACTOS NATURALES GELYMAR S.A.','AV.SANTA MARIA N2050.PROVIDENCIA','SANTIAGO','CL','','3340974','96.609.040-5','SERGIO MONSALVES','GELYMAR',1,'2026-02-04 17:31:53','2026-02-04 17:31:53'),(262,'21304','REPRESENTACIONES INDUSTRIALES S.A.','PANAMERICANA N20450 LAMPA','SANTIAGO','CL','','','96.863.260-4','','REPRESENTACIONE',0,'2026-02-04 17:31:53','2026-02-04 17:31:53'),(263,'5752','ESTABLECIMIENTOS CALESAN S.A.I.C','LOS SAUCES No 5081','SANTIAGO','CL','compras@calesan.cl','227732357','84.710.400-7','','CALESAN',1,'2026-02-04 17:31:53','2026-02-04 17:31:53'),(264,'2689','MIMET S.A.','CARLOS VALDOVINOS NO.590','SANTIAGO','CL','','3809509','93.538.000-6','CARLOS SALINAS','MIMET',1,'2026-02-04 17:31:53','2026-02-04 17:31:53'),(265,'43037','IMPORT. Y EXPORT.LEYENS LTDA.','BASCUAN GUERRERO N83 Y 84','SANTIAGO','CL','','','76.259.341-6','','LEYEN',0,'2026-02-04 17:31:53','2026-02-04 17:31:53'),(266,'45756','IMPORTADORA OKKEY LIMITADA','DARDIGNAG NO.230','SANTIAGO','CL','','','76.273.243-2','','OKKEY',0,'2026-02-04 17:31:53','2026-02-04 17:31:53'),(267,'23977','SUDAMERICA COMERCIAL S.A.','LO RUIZ NO 5100, RENCA','SANTIAGO','CL','ventas@sudamerica.cl','56-2-25667000','76.017.514-5','','SUDAMERICA',1,'2026-02-04 17:31:53','2026-02-04 17:31:53'),(268,'9764','TEXTIL CASALE LTDA','PANAMERICANA NORTE 5050','SANTIAGO','CL','icasale@casale.cl','','82.558.900-7','','CASALE',1,'2026-02-04 17:31:53','2026-02-04 17:31:53'),(269,'46572','SANTA MARTA COURIER AND CARGO S.A.','RUIZ TAGLE 202, EST. CENTRAL','SANTIAGO','CL','','56 9 5759 2332','76.629.600-9','','SANTA MARTA',1,'2026-02-04 17:31:53','2026-02-04 17:31:53'),(270,'928','COMERCIALIZADORA TIENE TODO S.A.','SAN GUMERCINDO 50','SANTIAGO','CL','','7764300','96.605.510-3','RAMON TAPIA','TIENETODO',1,'2026-02-04 17:31:53','2026-02-04 17:31:53'),(271,'52768','COMERCIALIZADORA FORESTAL SPA','AVDA. BDO. O\'HIGGINS N 77, DEPTO. 1205','CONCEPCION','CL','','','76.399.165-2','CARMEN MIRON','FORESTAL',0,'2026-02-04 17:31:53','2026-02-04 17:31:53'),(272,'25976','ALUMINIOS 2000 LIMITADA','PEDRO DE VALDIVIA N 01298','VALDIVIA','CL','','','76.057.350-7','','ALUMINIOS 2000',0,'2026-02-04 17:31:53','2026-02-04 17:31:53'),(273,'27056','CONTINENTAL GLOBAL LOGISTICS CHILE','HUERFANOS 903 PISO 7 OF. 720','SANTIAGO','CL','','6390806','76.046.904-1','','CONTINENTAL ',1,'2026-02-04 17:31:53','2026-02-04 17:31:53'),(274,'45639','AG. DE CARGA F&E CARGO EXPRESS LTDA.','ESTACION CENTRAL 263','SANTIAGO','CL','','','76.173.587-K','','F&E',0,'2026-02-04 17:31:53','2026-02-04 17:31:53'),(275,'3137','AMSTER S.A.','CERRO SAN CRISTOBAL 9600','SANTIAGO','CL','importaciones@amster.cl','2082818','81.151.200-1','LORNA ARADOSY','AMSTER',1,'2026-02-04 17:31:53','2026-02-04 17:31:53'),(276,'21425','CARLOS VALENZUELA SMITH Y CIA LTDA','AIRPORT A.M.BENITEZ LEVEL 2 S.2 PUDH','SANTIAGO','CL','','6901400','79.970.360-2','','CARLOS VALENZUE',1,'2026-02-04 17:31:53','2026-02-04 17:31:53'),(277,'23874','FABRICA DE BANDEJAS LTDA.','LIRA 2510, SAN JOAQUIN','SANTIAGO','CL','CFUENTES@VANNICHILE.CL','','76.979.850-1','','BANDEJAS',1,'2026-02-04 17:31:53','2026-02-04 17:31:53'),(278,'52566','IMPORTADORA BIGAN LIMITADA','ESTADO N 33 DEPTO. 1101','SANTIAGO','CL','IGNACIO.ROSEN@LONG-PU.COM','56 9 75382170','76.492.623-4','','BIGAN',1,'2026-02-04 17:31:53','2026-02-04 17:31:53'),(279,'2790','NEUMATICOS SAN JORGE LTDA.','ANGAMOS 568 ','PUNTA ARENAS','CL','neujorge@ctcinternet.cl','61-247262','79.995.520-2','HECTOR AMPUERO TORRES','SAN JORGE',1,'2026-02-04 17:31:53','2026-02-04 17:31:53'),(280,'26403','GLENCORE CHILE S.A.','MARIANO SANCHEZ FONTECILLA 310 P.4','LAS CONDES,SANTIAGO','CL','','','76.821.240-6','','GLENCORE',0,'2026-02-04 17:31:53','2026-02-04 17:31:53'),(281,'45724','GRUPO PILAR CHILE SPA','NUEVA DE LYON N 145 PISO 9,PROV.','SANTIAGO','CL','','','76.253.967-5','','GRUPO PILAR',0,'2026-02-04 17:31:53','2026-02-04 17:31:53'),(282,'11876','ENVASES Y LITOGRAFIA AGUILA S.A.','CAMINO A MELIPILLA 10.700','SANTIAGO','CL','envasesaguila@envasesaguila.cl','','86.898.100-8','','AGUILA',1,'2026-02-04 17:31:53','2026-02-04 17:31:53'),(283,'41126','SOC.IND.Y COM.MORALES Y OJEDA LTDA.','MATUCANA 15 ESTACION CENTRAL','SANTIAGO','CL','','','77.400.640-0','','MORALES Y OJEDA',0,'2026-02-04 17:31:53','2026-02-04 17:31:53'),(284,'3463','SIKA CHILE S.A.','AV. PRES.SALVADOR ALLENDE, 85','CLSCL','CL','','5522630','91.947.000-3','ANTONIO ALDAY','SIKA CHILE',1,'2026-02-04 17:31:53','2026-02-04 17:31:53'),(285,'49770','IMPORTADORA KHUSHI BHAKTI LIMITADA','GRAJALES 2988 ','SANTIAGO','CL','IMPORTADORAKHUSHI@GMAIL.COM','562-6896149','76.020.146-4','','KHUSHI BHAKTI ',1,'2026-02-04 17:31:53','2026-02-04 17:31:53'),(286,'37681','GLOBAL LOGISTICS LIMITADA','MZA.1 SITIO 1 PLACA BANCARIA OF.308','IQUIQUE','CL','','423493','76.152.742-8','','GLOBAL LOGISTIC',1,'2026-02-04 17:31:53','2026-02-04 17:31:53'),(287,'41666','SOC.DE INVER.POR ACCIONES CJN SPA','EUCALIPTUS 61 OF.141','SAN ANTONIO','CL','','','76.167.747-0','','CJN',0,'2026-02-04 17:31:53','2026-02-04 17:31:53'),(288,'548','AIR OCEAN CARGO S.A','FIDEL OTEIZA 1916. OF 1002 PROVIDENCIA','SANTIAGO','CL','mariana@cargonauts.cl','','96.933.000-8','','AIR OCEAN',1,'2026-02-04 17:31:53','2026-02-04 17:31:53'),(289,'13600','ALQUIMIA S.A.','DR.GARCIA GUERRERO N1192','SANTIAGO','CL','','','96.839.120-8','','ALQUIMIA',0,'2026-02-04 17:31:53','2026-02-04 17:31:53'),(290,'2912','SCA CHILE S.A.','PANAMERICANA NORTE 22500, LAMPA','SANTIAGO','CL','augusto.reyes@agencialeon.cl','4889056-4889061','94.282.000-3','GABRIEL RUIZ-TAGLE','SCA CHILE',1,'2026-02-04 17:31:53','2026-02-04 17:31:53'),(291,'1751','SOCIEDAD DE SERVICIOS HOTELEROS SPA','JOSE MANUEL BORGONO  2853 ','SANTIAGO','CL','ausan@hotelservices.cl','56-2-6460668','77.528.410-2','FLOREAL USAN GARCIA','HOTELEROS',1,'2026-02-04 17:31:53','2026-02-04 17:31:53'),(292,'42186','IMP.EXP. Y DIST. GINO VARESSI LTDA.','CLAUDIO GAY 2548 4 PISO ','SANTIAGO','CL','','','76.106.522-K','','GINO',0,'2026-02-04 17:31:53','2026-02-04 17:31:53'),(293,'45736','CO-CREATION GRASS CHILE LTDA.','LA MESETA 11262 LAS CONDES','SANTIAGO','CL','','94349587','76.053.163-4','','GRASS',1,'2026-02-04 17:31:53','2026-02-04 17:31:53'),(294,'23245','IMPORTADORA Y EXP.LINDA LED LTDA.','BASCUAN GUERRERO N292','SANTIAGO','CL','','','76.027.929-3','','LINDA LED',0,'2026-02-04 17:31:53','2026-02-04 17:31:53'),(295,'40747','MIGUEL DEL C. URRA FLORES','MAPOCHO 5295, QUINTA NORMAL','SANTIAGO','CL','','','5.839.532-3','','MIGUEL URRA',0,'2026-02-04 17:31:53','2026-02-04 17:31:53'),(296,'32320','A&B PACIFIC LOGISTICS LTDA','FCO. NOGUERA 200 OF.702','SANTIAGO','CL','bzuniga@abpacific.cl','','76.782.130-1','','A&B PACIFIC',1,'2026-02-04 17:31:53','2026-02-04 17:31:53'),(297,'9323','PROD.TECNICOS Y GEOTEXTILES LTDA.','EXEQUIEL FERNANDEZ N 3057. MACUL ','SANTIAGO','CL','','','78.495.660-1','','GEOTE',0,'2026-02-04 17:31:53','2026-02-04 17:31:53'),(298,'3270','REYNOLDS CHILE S.A.','CAMINO LA MONTAA S/N','SANTIAGO','CL','','6240787','78.425.850-5','MANUEL BAEZ','BALL CHILE S.A.',1,'2026-02-04 17:31:53','2026-02-04 17:31:53'),(299,'3970','COMERC.E INDUST.URGELL LTDA.','ENRIQUE FOSTER 265 DPTO. 201','SANTIAGO','CL','','','78.514.800-2','','URGELL',0,'2026-02-04 17:31:53','2026-02-04 17:31:53'),(300,'50788','INDUSTRIA MANUFACTURA ELECTRICA LIMITADA','SEGUNDA AVENIDA 1209 SAN MIGUEL','SANTIAGO','CL','JUAN@MARISIO.NET','','76.337.651-6','','IND ELECTRICA ',1,'2026-02-04 17:31:53','2026-02-04 17:31:53'),(301,'1916','IMPORTADORA DI LIDO LTDA.','DARDIGAC 307','SANTIAGO','CL','','','86.521.400-6','','LIDO',0,'2026-02-04 17:31:53','2026-02-04 17:31:53'),(302,'8916','INVERSIONES L & R LTDA','HELSBY N 10019 LA REINA','SANTIAGO','CL','','','78.736.660-0','','CAMERON REID',0,'2026-02-04 17:31:53','2026-02-04 17:31:53'),(303,'48633','COMERCIAL M4 FITNESS LIMITADA','PASEO LOS BRAVOS 4500-234','SANTIAGO','CL','jiruste@m4fitness.cl','9 232 6398','76.347.862-9','','COM M4 FITNESS',1,'2026-02-04 17:31:53','2026-02-04 17:31:53'),(304,'25773','NOVELZUCKER S.A.','AV.11 DE SEPTIEMBRE 1860 OF.74','SANTIAGO','CL','','','96.845.180-4','','NOVELZUCKER',0,'2026-02-04 17:31:53','2026-02-04 17:31:53'),(305,'48030','LAGOS Y QUINTANILLA LTDA','AV.MEXICO 830  RECOLETA','SANTIAGO','CL','','','78.909.780-1','','LAGOS',0,'2026-02-04 17:31:53','2026-02-04 17:31:53'),(306,'1029','COOP.AGR.Y LECHERA DE LA UNION LTDA','BANDERA N566 OF.34.STGO.CENTRO','SANTIAGO','CL','','','81.094.100-6','','COLUN',0,'2026-02-04 17:31:53','2026-02-04 17:31:53'),(307,'10381','BARAHONA Y CIA.COMERCIAL E IND.LTDA','MALAGA 115 OF. 1203','SANTIAGO','CL','','','78.212.000-K','','BARAHONA',0,'2026-02-04 17:31:53','2026-02-04 17:31:53'),(308,'30485','IMPORTADORA CHIPREZ LTDA','SAN DIEGO 2573','SANTIAGO','CL','','','77.543.760-K','','CHIPREZ ',0,'2026-02-04 17:31:53','2026-02-04 17:31:53'),(309,'21356','FORWARDING CHILE SER.TRAN.COM.LT.','MERCED 838  PISO 8  OFIC.86','SANTIAGO','CL','damienvideau@forwardingchile.cl','','76.832.530-8','','FORWARDING',1,'2026-02-04 17:31:53','2026-02-04 17:31:53'),(310,'33349','DISTRIBUIDORA DISANTEL LTDA.','CARMEN 1726','SANTIAGO','CL','DISANTEL@TERRA.CL','','77.144.150-5','','DISANTEL',1,'2026-02-04 17:31:53','2026-02-04 17:31:53'),(311,'36593','RGB INT.DEVELOPMENT PROM & BRAND','PROVIDENCIA 337 OF 16','SANTIAGO','CL','','','76.098.722-0','','RGB',0,'2026-02-04 17:31:53','2026-02-04 17:31:53'),(312,'2049','IMPORTADORA INDRA S.A.','LIRA 664','SANTIAGO','CL','nespina@indra.cl','','84.078.800-8','','INDRA',1,'2026-02-04 17:31:53','2026-02-04 17:31:53'),(313,'4083','VIRUTEX ILKO S.A.','CAMINO A MELIPILLA 7875','CERRILLOS,SANTIAGO','CL','Simon.gallardo@virutexilko.cl','2700108','93.550.000-1','SIMON GALLARDO','VIRUTEX IL',1,'2026-02-04 17:31:53','2026-02-04 17:31:53'),(314,'9010','COMERCIAL MEICYS S.A','BANDERA 530','SANTIAGO','CL','','','96.531.270-6','','MEICYS',0,'2026-02-04 17:31:53','2026-02-04 17:31:53'),(315,'3560','SOC.IND Y COMERCIAL PYMA LTDA.','AV.JOSE PEDRO ALESSANDRI 1880','SANTIAGO','CL','','','89.056.300-7','','PYMA',0,'2026-02-04 17:31:53','2026-02-04 17:31:53'),(316,'30715','COMERCIAL GUAPA LTDA','ABATE MOLINA 350 LOCAL 7','SANTIAGO','CL','Los olivos18@hotmail.com','6897561','76.083.421-1','HAI YIN','GUAPA',1,'2026-02-04 17:31:54','2026-02-04 17:31:54'),(317,'1048','CORP.NACIONAL DEL COBRE DE CHILE','AV. ERRAZURIZ 1178 PISO 4','VALPARAISO','CL','PFUEN001@CODELCO.CL','(32)2933203','61.704.000-K','PATRICIO FUEN','CODELCO',1,'2026-02-04 17:31:54','2026-02-04 17:31:54'),(318,'45704','IMPORTAD. Y EXPORTAD. XINFUL LTDA.','F.ST. CAROLINA S/N P.8 BATUCO LAMPA','SANTIAGO','CL','','','76.327.581-7','','XINFUL ',0,'2026-02-04 17:31:54','2026-02-04 17:31:54'),(319,'3684','ORIZON S.A.','AVDA.EL GOLF 150 PISO 15 LAS CONDES ','SANTIAGO','CL','','','96.929.960-7','','ORIZON',0,'2026-02-04 17:31:54','2026-02-04 17:31:54'),(320,'47216','DECORACIONES EL ROBLE LIMITADA','AV. AMERICO VESPUCIO 526','SANTIAGO','CL','','','76.212.769-5','','EL ROBLE',0,'2026-02-04 17:31:54','2026-02-04 17:31:54'),(321,'34220','GB INGENIERIA EN FIJACIONES S.A.','CAMINO PUNTA MOCHA 5103','HUECHURABA,SANTIAGO','CL','','02-28185400','99.530.740-5','SERGIO ALVAREZ','GB',1,'2026-02-04 17:31:54','2026-02-04 17:31:54'),(322,'272','FAB.PER.Y TOR.AMER.SCREW CHILE LT','CAMINO A MELIPILLA N 10338.MAIPU','SANTIAGO','CL','','5572204','91.410.000-3','MAURICIO BUGNI','SCREW',1,'2026-02-04 17:31:54','2026-02-04 17:31:54'),(323,'47147','DRIZA SOLUCIONES INDUSTR. LTDA','CAMINO SAN FRANCISCO DE ASIS 150','SANTIAGO','CL','','','76.280.094-2','','DRIZA',0,'2026-02-04 17:31:54','2026-02-04 17:31:54'),(324,'27638','IMPORTADORA PRD GROUP LTDA','AV.LOS LEONES NO 666 OF.32 PROV.','SANTIAGO','CL','','','76.014.786-9','','PRD GROUP',0,'2026-02-04 17:31:54','2026-02-04 17:31:54'),(325,'52981','AJ IMPORTECH SPA','AV. PAJARITOS N 3195 DEPTO. 1208','SANTIAGO','CL','juang.pabg@gmail.com','08 1200368','76.573.905-5','Juan Patio','IMPORTECH',1,'2026-02-04 17:31:54','2026-02-04 17:31:54'),(326,'40620','IMPOR.DE TELAS DA HUN SIN EIRL','DAVILA BAEZA 1080 INDEPENDENCIA','SANTIAGO','CL','','','76.835.050-7','','DA HUN SIN',0,'2026-02-04 17:31:54','2026-02-04 17:31:54'),(328,'24158','ULMEN S.A.','SANTA MARGARITA 1667 SAN BERNARDO','SANTIAGO','CL','','','96.982.420-5','','ULMEN ',0,'2026-02-04 17:31:54','2026-02-04 17:31:54'),(329,'48541','YUYAN CHEN','UNION AMERICANA 69 SANTIAGO CENTRO','SANTIAGO','CL','ZTING420@GMAIL.COM','26897771','14.726.406-2','TING ZHOU','YUYAN CHEN',1,'2026-02-04 17:31:54','2026-02-04 17:31:54'),(330,'48042','LUCCHETTI CHILE S.A.','LOS CONQUISTADORES 2345,PROVIDENCIA','SANTIAGO','CL','','','76.412.854-0','','LUCCHETTI CHILE',0,'2026-02-04 17:31:54','2026-02-04 17:31:54'),(331,'25155','SUINCO S.A.','LAGO LLANQUIHUE N 0491','SANTIAGO','CL','','','89.052.100-2','','SUINCO',0,'2026-02-04 17:31:54','2026-02-04 17:31:54'),(332,'22163','IMPORTADORA PITBIKES LTDA.','AVENIDA LIRA 637','SANTIAGO','CL','implatina@tie.cl','','76.617.700-K','','PITBIKES',1,'2026-02-04 17:31:54','2026-02-04 17:31:54'),(333,'31428','CARMELO TALA Y CIA.LTDA.','AV.GENERAL VELASQUEZ 101','SANTIAGO','CL','','','80.960.800-K','','CARMELO',0,'2026-02-04 17:31:54','2026-02-04 17:31:54'),(334,'46249','IMPORTADORA RANCO CHILE LTDA','UNION AMERICANA NO 458','SANTIAGO','CL','RANCOCHILELTDA@GMAIL.COM','','76.232.633-7','','RANCO CHILE',1,'2026-02-04 17:31:54','2026-02-04 17:31:54'),(335,'12476','INVERSIONES INDUSTRIALES LTDA.','MATEO DE TORO Y ZAMBRANO 6370','SANTIAGO','CL','floresimportaciones@ferromat.cl','3799909','79.757.520-8','','INVERSIONES',1,'2026-02-04 17:31:54','2026-02-04 17:31:54'),(337,'35400','COMERCIALIZADORA LIBERTAD LTDA.','AV. L. BERNARDO O\'HIGGINS N 2755','SANTIAGO','CL','fabmuga@gmail.com','','76.455.260-1','','LIBERTAD',1,'2026-02-04 17:31:54','2026-02-04 17:31:54'),(338,'52699','FRUSELVA AMERICA SPA.','RUTA 5 SUR KM 264  MAULE','TALCA','CL','','','76.326.674-5','','FRUSELVA',0,'2026-02-04 17:31:54','2026-02-04 17:31:54'),(339,'20540','EXPORTADORA SANTA MARTA S.A.','FUNDO LOS BOLDOS S/N  REQUINOA','VALDIVIA','CL','','','76.310.100-2','','STA MARTA',0,'2026-02-04 17:31:54','2026-02-04 17:31:54'),(340,'2550','MADESA S.A.','AV. PDTE.EDUARDO FREI MONTALVA 9431','SANTIAGO','CL','','','84.083.400-K','','MADESA',0,'2026-02-04 17:31:54','2026-02-04 17:31:54'),(341,'594','CAUCHOS INDUSTRIALES S.A.','AV.AMERICO VESPUCIO N2101.RENCA','SANTIAGO','CL','','','95.748.000-4','','CAUCHOS ',0,'2026-02-04 17:31:54','2026-02-04 17:31:54'),(342,'10402','UNIFIED FOODS INTERNATIONAL S.A.','CAMINO EL BAJO 16749 PARC 8','LO BARNECHEA , SANTIAGO','CL','','','99.587.290-0','','UNIFIED',0,'2026-02-04 17:31:54','2026-02-04 17:31:54'),(343,'26893','SCAN GLOBAL LOGISTICS CHILE S.A.','FIDEL OTEIZA 1916, OF.702 PISO 7','SANTIAGO','CL','','9383550','76.041.117-5','','SCAN',1,'2026-02-04 17:31:54','2026-02-04 17:31:54'),(344,'49344','GLOBAL MARKETS SPA','PROVIDENCIA 1301   SANTIAGO','SANTIAGO','CL','arturorubilar@tie.cl','72183604','76.222.925-0','ARTURO RUBILAR','GLOBAL',1,'2026-02-04 17:31:54','2026-02-04 17:31:54'),(345,'34024','COISA S.A.','CHAARCILLO 979 MAIPU','SANTIAGO','CL','','','96.650.990-2','','COISA',0,'2026-02-04 17:31:54','2026-02-04 17:31:54'),(346,'5134','MAN.DE PRO.DE ALUMINIO Y OTROS LTDA','BDO.O\'HIGGINS 149 LOTEO LOS LIBERTADORES','COLINA - SANTIAGO','CL','','','77.380.060-K','','MANUFACTURAS',0,'2026-02-04 17:31:54','2026-02-04 17:31:54'),(347,'2712','MOLIBDENOS Y METALES S.A.','CAMINO NOS / A LOS MORROS 66','SAN BERNARDO','CL','','6382550','93.628.000-5','Jaime Sandoval','MOLYMET',1,'2026-02-04 17:31:54','2026-02-04 17:31:54'),(348,'24336','LEADER TRANSPORTE CHILE LTDA.','NUEVA YORK ST.NO. 57 OF. 501 ','SANTIAGO','CL','edwin@leadershipfreight.cl','','76.689.700-2','MARCELO DURAN','LEADER',1,'2026-02-04 17:31:54','2026-02-04 17:31:54'),(349,'47983','AGUASIN SPA','PANMERICANA NORTE 18.900','SANTIAGO','CL','LACEVEDO@AGUASIN.COM','','76.377.649-2','','AGUASIN',1,'2026-02-04 17:31:54','2026-02-04 17:31:54'),(350,'32507','IND.Y COMER.DE PROVIS. Y SERV.S.A.','PINTOR CICARELI 585','SANTIAGO','CL','','','76.033.771-4','','INDUSTRIAL',0,'2026-02-04 17:31:54','2026-02-04 17:31:54'),(351,'41380','AHUES Y RODRIGUEZ LTDA.','PEREZ VALENZUELA 1098 OF 96 PROVIDENCIA','SANTIAGO','CL','','','76.440.860-8','','JM',0,'2026-02-04 17:31:54','2026-02-04 17:31:54'),(352,'3470','SIMMA S.A.','SAN EUGENIO 463 / CASILLA 16535 C.9','SANTIAGO','CL','','','83.568.200-5','','SIMMA',0,'2026-02-04 17:31:54','2026-02-04 17:31:54'),(353,'813','COMERCIAL EUROTEX LTDA.','INDEPENDENCIA 315 INDEPENDECNIA','SANTIAGO','CL','','','77.511.090-2','','EUROTEX',0,'2026-02-04 17:31:54','2026-02-04 17:31:54'),(354,'1256','EDUARDO DIB H. & CIA. LTDA.','PLAZA PARROQUIA 319','VIA DEL MAR','CL','','32 388000','88.610.100-7','EDUARDO DIB','DIB H. &',1,'2026-02-04 17:31:54','2026-02-04 17:31:54'),(355,'47957','ETERSOL SPA','CAMINO MELIPILLA 10651','SANTIAGO','CL','','','76.361.301-1','','ETERSOL',0,'2026-02-04 17:31:54','2026-02-04 17:31:54'),(356,'17134','CONSTRUMART S.A.','PANAMERICANA NORTE 9275 ','SANTIAGO','CL','rfigueroa@construmart.cl','','96.511.460-2','','CONSTRUMART',1,'2026-02-04 17:31:54','2026-02-04 17:31:54'),(357,'2411','LAMINADORA TEXTILE S.A.','LAS ACACIAS 025003 SAN BERNARDO','SANTIAGO','CL','','5283798','96.674.320-4','','LAMINADORA',1,'2026-02-04 17:31:54','2026-02-04 17:31:54'),(358,'12846','COMERCIALIZADORA RENACER S.A.','LONGITUDINAL SUR KM.186','CURICO','CL','','','96.937.420-K','','RENACER',0,'2026-02-04 17:31:54','2026-02-04 17:31:54'),(359,'2253','J.RIVEROS S.A.I.C.','SAN NICOLAS 960 ','SANTIAGO','CL','ricardo.gonzalez@jriveros.cl','','93.113.000-5','','RIVEROS',1,'2026-02-04 17:31:54','2026-02-04 17:31:54'),(360,'52493','IMPO. Y COMER.CRISTAL DISEO LTDA.','AV.SUR 2558 MAIPU','SANTIAGO','CL','','','76.242.183-6','','CRISTAL',0,'2026-02-04 17:31:54','2026-02-04 17:31:54'),(361,'24712','MAQUICENTER LTDA.','PRESID.EDO.FREI MONT.5291 CONCHALI','SANTIAGO','CL','','','76.016.748-7','','MAQUICENTER',0,'2026-02-04 17:31:54','2026-02-04 17:31:54'),(362,'44764','COMERCIALIZADORA ANTUCO LTDA.','SAN ALFONSO 242 LOCAL 9','SANTIAGO','CL','','','76.146.375-6','','ANTUCO',0,'2026-02-04 17:31:54','2026-02-04 17:31:54'),(363,'3265','REUTTER S.A.','AV. EL SALTO N4447.HUECHURABA','SANTIAGO','CL','','','81.210.400-4','','REUTTER',0,'2026-02-04 17:31:54','2026-02-04 17:31:54'),(364,'32285','B Y M IMPORTACIONES LTDA.','SANTA ELVIRA 76','SANTIAGO','CL','patricia.bm@esol.cl','','76.637.060-8','','B Y M',1,'2026-02-04 17:31:54','2026-02-04 17:31:54'),(365,'50687','COMERCIAL QUINTO CENTRO SPA','KURT MOLLER 199 OF.7','LINARES','CL','oscar.duran@gmail.com','8161400','76.096.373-9','OSCAR DURAN','COMERCIAL',1,'2026-02-04 17:31:54','2026-02-04 17:31:54'),(366,'52436','IMPORTADORA REINA DE ORO LIMITADA','AV. PARQUE CENTRAL ORIENTE N 870','SANTIAGO','CL','imoerbeck@hotmail.com','56 993330240','76.018.471-3','','REINA DE ORO',1,'2026-02-04 17:31:54','2026-02-04 17:31:54'),(367,'5586','CHILE CALIDAD EXP. E IMP. LTDA','VICUA MACKENNA 7255','SANTIAGO','CL','','','76.072.890-K','','CHILECALIDAD',0,'2026-02-04 17:31:54','2026-02-04 17:31:54'),(368,'41063','ACTION COMEX SERV.COM.EXTERIOR LTDA','AV.EL MOLO 117','SAN ANTONIO','CL','','','76.219.437-6','','ACTION',0,'2026-02-04 17:31:54','2026-02-04 17:31:54'),(369,'36515','S.C.DE MARKETING R.P Y P. M&V LTDA.','AMERICO VESPUCIO 2880 OF. 304','SANTIAGO','CL','MMOLINA@RFP.CL','','77.990.830-5','','M&V MARKETING',1,'2026-02-04 17:31:54','2026-02-04 17:31:54'),(370,'2458','LLABUR HNOS. Y CIA LTDA.','AVDA. INDEPENDENCIA 1925','SANTIAGO','CL','','','86.754.600-6','','LLABUR',0,'2026-02-04 17:31:54','2026-02-04 17:31:54'),(371,'1672','GRANOTEC CHILE  S.A.','EL ROSAL 4644','SANTIAGO','CL','c.marin@granotec.com','','96.506.730-2','','GRANOTEC',1,'2026-02-04 17:31:54','2026-02-04 17:31:54'),(372,'26156','NCS PRODUCTOS GRAFICOS LTDA','VISTA HERMOSA 9790, CERRILLOS','SANTIAGO','CL','','','76.495.360-6','','NCS',0,'2026-02-04 17:31:54','2026-02-04 17:31:54'),(373,'43862','FARM.EN AQUAC.VETER. FAV S.A.','MONS.SOTERO SANZ 55 OF.501','PROVIDENCIA,SANTIAGO','CL','','','76.026.848-8','','FARMACOLOGIA',0,'2026-02-04 17:31:54','2026-02-04 17:31:54'),(374,'53102','EXPORTADORA AGROPLUS SPA','O\'HIGGINS 420 OFICINA 82','CONCEPCION','CL','','','76.337.248-0','','AGROPLUS',0,'2026-02-04 17:31:54','2026-02-04 17:31:54'),(375,'30489','COMERCIAL KRIST LTDA','AV. PROVIDENCIA 2216 LOCAL 57B ','SANTIAGO','CL','','','76.053.462-5','','KRIST ',0,'2026-02-04 17:31:54','2026-02-04 17:31:54'),(376,'3604','SOC. DISTR.DE PRODUC.CABAGAN LTDA','SAN MARTIN DE PORRES 10911 S.BERNAR','SANTIAGO','CL','','','96.871.970-K','','CABAGAN',0,'2026-02-04 17:31:54','2026-02-04 17:31:54'),(377,'17763','JUAN ALBERTO JIMENEZ GUERRERO','LOGROO K-4134','SANTIAGO','CL','','','9.819.075-9','','JUAN JIMENEZ',0,'2026-02-04 17:31:54','2026-02-04 17:31:54'),(378,'3100','PROVEEDORES INTEGRALES PRISA S.A','LAS ROSAS 5757','SANTIAGO','CL','','','96.556.940-5','','PRISA S.A.',0,'2026-02-04 17:31:54','2026-02-04 17:31:54'),(379,'50315','CHILENA INDUST.DE PROTECCION GMBH LTDA.','BARROS ARANA 767 C','SANTIAGO','CL','','28943376','76.282.457-4','','GMBH',1,'2026-02-04 17:31:54','2026-02-04 17:31:54'),(380,'8548','INV.E IMP.DE NEUM.K&M DE CHILE LTDA','SAN DIEGO 1272, SANTIAGO CENTRO','SANTIAGO','CL','','5561728 5554467','76.176.380-6','','K&M',1,'2026-02-04 17:31:54','2026-02-04 17:31:54'),(381,'3838','THYSSENKRUPP ACEROS Y SERVICIOS SA','AV.LAS AMERICAS 1022 CERRILLOS','SANTIAGO','CL','','4205500','92.844.000-1','JUAN ALVARADO','THYSSEN',1,'2026-02-04 17:31:54','2026-02-04 17:31:54'),(382,'53031','SOUNDTEK INVEST & IMPORY Y CIA LTDA','LO ECHEVERS 891 MOD. A2 QUILICURA','SANTIAGO','CL','mario_bengio@soundtek.cl','56993326147','76.105.235-7','MARIO BENGIO','SOUNDTEK',1,'2026-02-04 17:31:54','2026-02-04 17:31:54'),(384,'36647','FAB.DE ARTEF.GASTRON.BRAVOINOX LTD','INGENIERO BUDGE 728','SANTIAGO','CL','','','76.895.600-6','','BRAVOINOX',0,'2026-02-04 17:31:54','2026-02-04 17:31:54'),(385,'3799','MASISA S.A.','AVDA. APOQUINDO N 3650 PISO 10','SANTIAGO','CL','','56 02 3506000','96.802.690-9','Cristian Mujica','MASISA',1,'2026-02-04 17:31:54','2026-02-04 17:31:54'),(386,'19648','SILVESTRES S.A.','DON CARLOS 2939 OF.506 LAS CONDES','SANTIAGO','CL','','','76.860.310-3','','SILVESTRES',0,'2026-02-04 17:31:54','2026-02-04 17:31:54'),(387,'2086','ALUSA CHILE S.A.','AV.PDTE.EDUARDO FREI MONTALVA 9160','SANTIAGO','CL','rvera@alusa.cl','','89.010.400-2','','ALUSA CHILE',1,'2026-02-04 17:31:54','2026-02-04 17:31:54'),(388,'4610','UPS SCS TRANSPORTES (CHILE) LTDA','C.SAN MARTIN 9260, QUILICURA','SANTIAGO','CL','','','77.595.130-3','Marco Fredes','UPS',0,'2026-02-04 17:31:54','2026-02-04 17:31:54'),(389,'42649','AGRO ENTRE RIOS LTDA.','KM.304 PANAMERICANA 5 SUR','LINARES','CL','','','77.819.950-5','','AGRO',0,'2026-02-04 17:31:54','2026-02-04 17:31:54'),(390,'35429','SERVICIOS DE CARGA Y LOGISTICA LTDA.','AV. 11 SEPTIEMBRE N 1881 OF. 707','SANTIAGO','CL','','','76.104.464-8','','SHIPPING CARGO',0,'2026-02-04 17:31:54','2026-02-04 17:31:54'),(391,'3916','TRAVERSO S.A.','AMERICO VESPUCIO 01313,LA CISTERNA','SANTIAGO','CL','','5589988','96.606.780-2','','TRAVERSO',1,'2026-02-04 17:31:54','2026-02-04 17:31:54'),(392,'30056','RC REPUESTOS CENTER LIMITADA','AGUAS CLARAS 1681 LA REINA','SANTIAGO','CL','','5629501890','79.656.210-2','','RC REPUESTOS',1,'2026-02-04 17:31:54','2026-02-04 17:31:54'),(393,'40782','MINETEC S.A.','AVDA.AMERICO VESPUCIO 2101','RENCA,SANTIAGO','CL','','','76.009.926-0','','MINETEC',0,'2026-02-04 17:31:54','2026-02-04 17:31:54'),(394,'43893','COMERCIALIZADORA UTRON LTDA.','DR. AMADOR NEGHME 03639 M.6 LA PINTANA','SANTIAGO','CL','','','77.831.670-6','','UTRON',0,'2026-02-04 17:31:54','2026-02-04 17:31:54'),(395,'41298','EMPRESA CONSTRUCTORA ECEC LTDA','JORGE HIRMAS 3123, RENCA','SANTIAGO','CL','','','78.766.070-3','','ECEC',0,'2026-02-04 17:31:54','2026-02-04 17:31:54'),(396,'51903','UNITRANS LOGISTICS CHILE LIMITADA','DIAGONAL PARAGUAY NO.481','SANTIAGO','CL','comercial@unitranschile.cl','56-2-3202 6655 ','76.389.731-1','','UNIVERSAL BUSIN',1,'2026-02-04 17:31:54','2026-02-04 17:31:54'),(397,'49080','IMPORT. Y EXPORTADORA JILI LIMITADA','SAN DIEGO 621  ','SANTIAGO','CL','antoniowei.cl@gmail.com','76594045','76.052.273-2','ANTONIO WEI','JILI LTDA',1,'2026-02-04 17:31:54','2026-02-04 17:31:54'),(398,'38754','SURAGRA S.A.','AV.LAS ACACIAS 681 L.IND.EST.DEL SUR','SANTIAGO','CL','','','76.148.635-7','','SURAGRA',0,'2026-02-04 17:31:54','2026-02-04 17:31:54'),(399,'44830','IMPORT.Y EXPORT.DING.HEN.FEI.LTDA.','RODULFO PHILLIPI 79','SANTIAGO','CL','','','76.203.964-8','','DING HEN FEI',0,'2026-02-04 17:31:54','2026-02-04 17:31:54'),(400,'229','ALIMENTOS FRUNA LTDA.','SAN NICOLAS 1062','SANTIAGO','CL','','5514996','84.156.500-2','JOSE ANTONIO SATIESTEBAN A.','FRUNA',1,'2026-02-04 17:31:54','2026-02-04 17:31:54'),(401,'11842','COMERCIAL GEOPEN LTDA.','GRAN AVENIDA N6591 LA CISTERNA','SANTIAGO','CL','','','76.163.960-9','','GEOPEN',0,'2026-02-04 17:31:54','2026-02-04 17:31:54'),(402,'30963','CARLOS VEGA YAEZ Y CIA.LTDA.','ARGENTINA 2008','SANTIAGO','CL','minervaa@grepiza.cl','','77.694.140-9','','CARLOS VEGA YAN',1,'2026-02-04 17:31:54','2026-02-04 17:31:54'),(403,'10331','SANTIAGO PRODUCTOS QUIMICOS SOC LTDA.','LOS COIGUES NRO. 701 BODEGA 5','SANTIAGO','CL','','56-2-27390812','77.299.790-6','','SANTIAGO',1,'2026-02-04 17:31:54','2026-02-04 17:31:54'),(404,'41668','KAI CHENG','SALVADOR SAN FUENTES 2571','SANTIAGO','CL','','','22.925.763-3','','KAI',0,'2026-02-04 17:31:54','2026-02-04 17:31:54'),(405,'3415','SEMILLAS PIONEER CHILE LTDA','GRAN AVENIDA 1621 PAINE','SANTIAGO','CL','','6322200','89.646.300-4','RENATO JIMENEZ','PIONEER',1,'2026-02-04 17:31:54','2026-02-04 17:31:54'),(406,'8858','UNION TECNICA AUTOMOTRIZ S.A','PANAMERICANA NORTE 5011 CONCHALI','SANTIAGO','CL','','','92.379.000-4','','TECNICA',0,'2026-02-04 17:31:54','2026-02-04 17:31:54'),(407,'6534','DENIM TRADE TELAS S.A','CAMINO PUNTA MOCHA 4899B ','HUECHURABA,SANTIAGO','CL','','7844334','96.963.030-3','PATRICIA LARA','DENIN',1,'2026-02-04 17:31:54','2026-02-04 17:31:54'),(408,'45594','COMERCIALIZADORA QI EN LTDA.','SALVADOR SANFUENTES 2467 L.228','SANTIAGO','CL','','','76.086.002-6','','QI EN',0,'2026-02-04 17:31:54','2026-02-04 17:31:54'),(409,'34559','PRISMA S.A.','AV.DEL PARQUE 4928 OF.206. C.EMPRES.','SANTIAGO','CL','hrcr@gmail.com','','76.099.521-5','','PRISMA',1,'2026-02-04 17:31:54','2026-02-04 17:31:54'),(410,'50787','COMERCIALIZADORA VERONICA ARCOS E.I.R.L','SERRANO 654 SANTIAGO','SANTIAGO','CL','LACASITAROBERTO@YAHOO.ES','56995509328','76.261.992-K','','COM VERONICA',1,'2026-02-04 17:31:54','2026-02-04 17:31:54'),(411,'945','COMPAIA DE TEJIDOS PRIMATEX S.A.','GENERAL BRAYER 2120','SANTIAGO','CL','','7730011','92.817.000-4','GRACIELA FUENTEALBA','PRIMATEX',1,'2026-02-04 17:31:54','2026-02-04 17:31:54'),(412,'29150','SOC COMERCIAL CANEO LIMITADA','CORONEL GODOY 88 ESTACION CENTRAL','SANTIAGO','CL','','','76.225.670-3','','CANEO LIMITADA',0,'2026-02-04 17:31:54','2026-02-04 17:31:54'),(413,'39714','ONE CIRCLE LOGISTICS CHILE LTDA.','AV. LAS CONDES 7.700 OF 604','SANTIAGO','CL','daisy.cl@oclogis.com','','76.164.438-6','','ONE CIRCLE',1,'2026-02-04 17:31:54','2026-02-04 17:31:54'),(414,'13046','LUIS ALBERTO HERNANDEZ VERA','MERCED 739 LOCAL 20 ESTAC.CENTRAL','SANTIAGO','CL','','','14.623.162-4','','LUIS HERNANDEZ',0,'2026-02-04 17:31:54','2026-02-04 17:31:54'),(415,'34787','COMERCIAL INDIGO LIMITADA','CARLOS SILVA VINDOSOLA 774 OF.B','SAN MIGUEL,SANTIAGO','CL','','','76.113.967-3','','INDIGO',0,'2026-02-04 17:31:54','2026-02-04 17:31:54'),(416,'37819','AISLANTES Y RECUBRIMIENTOS S.A.','PATRICIA VIUELA N 578-B LAMPA','SANTIAGO','CL','','','76.140.725-2','','AISLANTES',0,'2026-02-04 17:31:54','2026-02-04 17:31:54'),(417,'21872','COMERCIO INTERNACIONAL TAGLER S.A.','OJOS DEL SALADO 0741. QUILICURA','SANTIAGO','CL','','','78.088.970-5','','TAGLER',0,'2026-02-04 17:31:54','2026-02-04 17:31:54'),(418,'41778','COMERCIAL OSIS LTDA.','LOS MAQUIS 550 OF.A ','SAN ANTONIO','CL','','','76.241.964-5','','OSIS',0,'2026-02-04 17:31:54','2026-02-04 17:31:54'),(419,'50441','COMERCIAL YIMEIJIA LIMITADA','ADD:CAMPBELL 3090 LOCAL 231,','SANTIAGO,CHILE','CL','','0056 9 79594403','76.274.373-6','','YIMEIJIA',1,'2026-02-04 17:31:54','2026-02-04 17:31:54'),(420,'39747','INGENIERIA ASD LTDA','MONJITAS 454 OF 607','SANTIAGO','CL','','','76.378.320-0','','ASD',0,'2026-02-04 17:31:54','2026-02-04 17:31:54'),(421,'8485','A.A. COMERCIAL LTDA','MARIA JOSEFINA N 1003 LAMPA','SANTIAGO','CL','arturo@aacomercial.cl','','76.070.750-3','','A.A',1,'2026-02-04 17:31:54','2026-02-04 17:31:54'),(422,'44206','ALL TRAFFIC LOGISTICS CHILE LTDA.','COCHRANE 639 OFICINA  97,','VALPARAISO','CL','harenas_a@yahoo.es','91907092','76.247.052-7','','ALL TRAFFIC',1,'2026-02-04 17:31:54','2026-02-04 17:31:54'),(423,'21087','TRANS.Y COMERCIAL TRESSA LTDA.','STA.RITA 3480 PORQ.IND.PUERTA SUR','SANTIAGO','CL','','','79.676.110-5','','TRESSA',0,'2026-02-04 17:31:54','2026-02-04 17:31:54'),(424,'6800','FLORES Y COMPAIA S.A.','AVDA. MARATHON 2641','SANTIAGO','CL','','','92.987.000-K','','FLORE',0,'2026-02-04 17:31:54','2026-02-04 17:31:54'),(425,'9869','AMPACET CHILE LTDA','SANTA FLORENCIA 910 PARQ.EST DEL SUR','SANTIAGO','CL','','','76.208.350-7','','AMPACETCHI',0,'2026-02-04 17:31:54','2026-02-04 17:31:54'),(428,'15798','JORGE MOISES GIACAMAN RAMIREZ','PASAJE JUAN MOYA N229','SANTIAGO','CL','','','7.746.296-1','','GIACAMAN',0,'2026-02-04 17:31:54','2026-02-04 17:31:54'),(430,'18432','SIMA S.A.','SAN FRANCISCO DE BORJA 1225 EST.CE','SANTIAGO','CL','','','99.509.020-1','','NUTRIAL S.A. ',0,'2026-02-04 17:31:54','2026-02-04 17:31:54'),(431,'22413','AST CARGO CHILE LIMITADA','HUERFANOS 1160 OF. 1101','SANTIAGO','CL','reinaldo@astcargochile.cl','','76.011.536-3','','AST CARGO',1,'2026-02-04 17:31:54','2026-02-04 17:31:54'),(432,'46000','EXPORTADORA BRIX LIMITADA','AV.PR.EDUARDO FREI MONTALVA N.8001 ','QUILICURA,SANTIAGO','CL','','','76.143.653-8','','BRIX',0,'2026-02-04 17:31:54','2026-02-04 17:31:54'),(433,'11714','SOL.LOGISTICAS INTERNACIONALES LTDA','AMERICO VESPUCIO 2680 OF 32','SANTIAGO','CL','Pnaranjo@slichile.cl','481 5010','76.523.150-7','PAULINA NARANJO','SOLUCIONES',1,'2026-02-04 17:31:54','2026-02-04 17:31:54'),(434,'31966','MAQ.DE CONSTRUCCION LEMACO LTDA.','SANTA ANA 425','SANTIAGO','CL','','','89.802.500-4','','LEMACO',0,'2026-02-04 17:31:54','2026-02-04 17:31:54'),(435,'24992','UNION QUIMICA SOC. DE RESP.LTDA.','PARQUE INDUSTRIAL MIRAFLORES,PARCELA 18,','SANTIAGO','CL','','56-2-2616 2770','76.032.169-9','','UNION',1,'2026-02-04 17:31:54','2026-02-04 17:31:54'),(436,'36295','IMP.Y DIST. AMERIX CHILE LTDA.','LLANO SUBERCASEAUX 3626, OF 605','SANTIAGO','CL','','','76.050.731-8','','AMERIX',0,'2026-02-04 17:31:54','2026-02-04 17:31:54'),(437,'1688','MUNNICH PHARMA MEDICAL LIMITADA','SAN IGNACIO 1000 P.IND.BUENAVENTURA','SANTIAGO','CL','juan.miori@socofar.cl','','80.447.400-5','','MUNNICH ',1,'2026-02-04 17:31:54','2026-02-04 17:31:54'),(438,'49022','MICROBLEND CHILE SPA','SALAR DE ATACAMA 1341 MZNA.G, S.8','SANTIAGO','CL','mwaite@microblend.com','95577042','76.380.036-9','JUAN CARLOS COSTA','MICROBLEND',1,'2026-02-04 17:31:54','2026-02-04 17:31:54'),(439,'48442','COMERCIAL CYAL LIMITADA','NEPTUNO 855. LO PRADO','SANTIAGO','CL','rodrigo.soto@jcr.cl','56-2-27867182','76.833.680-6','','CYAL',1,'2026-02-04 17:31:54','2026-02-04 17:31:54'),(440,'45138','SOC. COMERC. ELECTROPOWER LTDA','AV. DEL PARQUE N.5339 OF.603','HUECHURABA','CL','','','76.257.832-8','','ELECTROPOWER',0,'2026-02-04 17:31:54','2026-02-04 17:31:54'),(441,'4421','CIA.VICTORIA LINE CHILE LTDA.','ISMAEL VALDES V.# 670 OF.1001 ED.FORESTA','SANTIAGO','CL','','','77.261.350-4','','VICTOLINE',0,'2026-02-04 17:31:54','2026-02-04 17:31:54'),(442,'3167','PROV. INDUSTRIAL MINERA ANDINA S.A.','CALLE NUEVA 1725 HUECHURABA','SANTIAGO','CL','jmura@pimasa.com','6241090','93.305.000-9','FRANCISCO JIMENEZ','PIMASA',1,'2026-02-04 17:31:54','2026-02-04 17:31:54'),(443,'44299','PUREFRUIT CHILE S.A.','AVDA. RAMON FREIRE 1390 ROMERAL','ROMERAL','CL','','56 9 26790600','76.090.854-1','','PUREFRUIT',1,'2026-02-04 17:31:54','2026-02-04 17:31:54'),(444,'4643','CARBO CHILE S.A.','SAN EUGENIO 12462','SANTIAGO','CL','','','96.790.460-0','','CARBO CHILE SA.',0,'2026-02-04 17:31:54','2026-02-04 17:31:54'),(445,'7651','COMERCIAL K LTDA','AV LAS CONDES 11400','SANTIAGO','CL','','','77.137.860-9','','K',0,'2026-02-04 17:31:54','2026-02-04 17:31:54'),(446,'43734','COMERCIAL XIN CHENG LTDA.','SALVADOR SANFUENTES N2793','SANTIAGO','CL','','','76.896.730-K','','XIN',0,'2026-02-04 17:31:54','2026-02-04 17:31:54'),(447,'48387','TALLERES METALURGICOS CHILE S.A','ALVAREZ DE TOLEDO 764','SANTIAGO','CL','contabilidad@talmet.cl','02-2757810','93.160.000-1','','METALURGICOS',1,'2026-02-04 17:31:54','2026-02-04 17:31:54'),(448,'43384','IMPORTADORA E INVERSIONES CHI SPA','SIERRA BELLA N 1589','SANTIAGO','CL','','','76.265.381-8','','CHI SPA',0,'2026-02-04 17:31:54','2026-02-04 17:31:54'),(449,'10102','PLASTICOS KENDY LIMITADA','CALIA SALAR 215','SANTIAGO','CL','','','78.852.480-3','','KENDY',0,'2026-02-04 17:31:54','2026-02-04 17:31:54'),(450,'43033','NEEDISH LIMITADA','AV. VITACURA 2771 OF. 203, ','LAS CONDES,SANTIAGO','CL','','','76.800.250-9','','NEEDISH',0,'2026-02-04 17:31:54','2026-02-04 17:31:54'),(451,'45397','FENG Y LIU Y COMPAIA LTDA','BERNARDO O\'HIGGINS 2505 LOC.2','SANTIAGO','CL','','','76.001.859-7','','FENG Y LIU',0,'2026-02-04 17:31:54','2026-02-04 17:31:54'),(452,'19875','CALTEX COMERCIALIZADORA S.A','EL TAQUERAL PARCELA 4 LAMPA','SANTIAGO','CL','','','76.503.850-2','','CALTEX',0,'2026-02-04 17:31:54','2026-02-04 17:31:54'),(453,'1373','ESPECIERA DEL SUR LIMITADA','AGUSTINAS N 853 OF.631 ','SANTIAGO','CL','','6381471','96.765.200-8','ROMULO GIAGNONI','ESPECIERA',1,'2026-02-04 17:31:54','2026-02-04 17:31:54'),(454,'42453','SOC.COM.Y PRODUCT.SINERGICCHEM LTDA','PUNTA ARENAS N 121 PROVIDENCIA','SANTIAGO','CL','comercial@sinergicchem.cl','56026512332','76.106.009-0','','SINERGIC',1,'2026-02-04 17:31:54','2026-02-04 17:31:54'),(455,'14021','V.HORMAZABAL C.A.C.AEREA Y MAR.EIRL','AV. LOS LEONES 220 OF. 503','PROVIDENCIA - SANTIAGO','CL','','','52.000.641-9','','TRACAM',0,'2026-02-04 17:31:54','2026-02-04 17:31:54'),(456,'12266','TGL S.A.','A.LUIS THAYER OJEDA 166.PROVIDENCIA','SANTIAGO','CL','maria.cl@e-tgl.com','','76.369.040-7','','TGL',1,'2026-02-04 17:31:54','2026-02-04 17:31:54'),(457,'436','BAYER S.A.','CARLOS FERNANDEZ N 260.SAN JOAQUIN','SANTIAGO','CL','','5208236','91.537.000-4','KLASS BOELEN','BAYER',1,'2026-02-04 17:31:54','2026-02-04 17:31:54'),(458,'22470','DIMERCO COMERCIAL LTDA.','LAS ROSAS # 4680 ','SANTIAGO','CL','importaciones@dimerco.cl','562-753 2000','76.193.810-K','','DIMERCO',1,'2026-02-04 17:31:54','2026-02-04 17:31:54'),(459,'48982','GUARDAR.Y ALMAC.ARRIAZA Y ESPINOZA LTDA','MARTIN DE POVEDA N 4456','SANTIAGO','CL','fernandoant1979@gmail.com','226968966','76.255.110-1','','ARRIAZA',1,'2026-02-04 17:31:54','2026-02-04 17:31:54'),(460,'48869','COMERCIAL FRANCO LTDA','LOS NOGALES 2799','LA PINTANA','CL','','','76.265.649-3','','FRANCO LTDA',0,'2026-02-04 17:31:54','2026-02-04 17:31:54'),(461,'8987','BOZZO S.A','SAN PABLO 4512 ','SANTIAGO','CL','rbozzo@bozzo.cl','2-7735754','96.819.830-0','','BOZZO',1,'2026-02-04 17:31:54','2026-02-04 17:31:54'),(462,'40447','COMERCIAL XINXING CHILE LTDA','SAN ALFONSO 299 LOCAL 05A','SANTIAGO','CL','','','76.138.498-8','','XINXING CHILE',0,'2026-02-04 17:31:54','2026-02-04 17:31:54'),(463,'42544','COMERCIAL CHILEXPO LTDA.','APOQUINDO 5583 OF.131','LAS CONDES','CL','','','76.199.000-4','','CHILEXPO',0,'2026-02-04 17:31:54','2026-02-04 17:31:54'),(464,'3792','TERCIADOS Y ELABORACION DE MADERAS S.A.','LOS CONQUISTADORES N 1700. PISO 15','SANTIAGO','CL','','2324990','81.981.500-3','','TERCIADOS',1,'2026-02-04 17:31:54','2026-02-04 17:31:54'),(465,'1637','GERDAU AZA S.A.','LA UNION 3070','SANTIAGO','CL','','6779346','92.176.000-0','HERMANN VON MUHLENBROCK','ACEROS AZA S.A.',1,'2026-02-04 17:31:54','2026-02-04 17:31:54'),(467,'50','ADM.Y ASESORIAS TRANSITARIOS LTDA','AV. A.VESPUCIO N 1309, LOCAL 310','SANTIAGO','CL','','','77.532.020-6','','TRANSI',0,'2026-02-04 17:31:54','2026-02-04 17:31:54'),(468,'15434','SERV.DE C. Y TRANSP. MAXCARGO LTDA.','AMERICO VESPUCIO ORIENTE N1309 OF.506','SANTIAGO','CL','','','77.060.370-6','','MAXCARGO',0,'2026-02-04 17:31:54','2026-02-04 17:31:54'),(469,'44425','EQ.COCINAS IND.A GAS ECIGAS LTDA','AV. AMERICO VESPUCIO N.202,','SAN RAMON, SANTIAGO','CL','','','76.244.086-5','','ECIGAS',0,'2026-02-04 17:31:54','2026-02-04 17:31:54'),(470,'52046','INDUSTRIAL NOVOCHILE S.A.','CARRETERA GRAL. SAN MARTIN 9340 BODEGA  ','SANTIAGO','CL','kquero@novochile.cl','322546020','76.201.342-8','KAREN QUERO','KNAUF CHILE SPA',1,'2026-02-04 17:31:54','2026-02-04 17:31:54'),(471,'2937','PEA SPOERER Y CIA.S.A.','','SANTIAGO','CL','','','96.877.150-7','','PEASP',0,'2026-02-04 17:31:54','2026-02-04 17:31:54'),(472,'19832','INVERSIONES SOCOAL LTDA.','PUERTO MADERO N9686','SANTIAGO','CL','','','78.375.860-1','','SOCOAL',0,'2026-02-04 17:31:54','2026-02-04 17:31:54'),(473,'40120','COMERCIALIZADORA VICTORY SPA','DARDIGNAC 533 LOC 6, RECOLETA','SANTIAGO','CL','','','76.184.624-8','','VICTORY',0,'2026-02-04 17:31:54','2026-02-04 17:31:54'),(474,'2095','INDUSTRIAS CERESITA S.A.','LO ECHEVERS NRO. 801','SANTIAGO','CL','comex@ceresita.cl','6211007','91.666.000-6','','CERESITA',1,'2026-02-04 17:31:54','2026-02-04 17:31:54'),(475,'40802','CO-OL LIMITADA','C.A MELIPILLA 76 L. 16-17 PADRE HURTADO','PADRE HURTADO - SANTIAGO','CL','','','77.568.400-3','','CO-OL',0,'2026-02-04 17:31:54','2026-02-04 17:31:54'),(476,'3897','TRANSPORTES INTERNACIONALES SCN S.A.','ANTONIO BELLET NO.444 OF. 1101','PROVIDENCIA,SANTIAGO','CL','','3347334','96.878.650-4','','S.C.N.',1,'2026-02-04 17:31:54','2026-02-04 17:31:54'),(477,'34409','RAPAK CHILE LTDA.','LA CONCEPCION 81 OF.608','SANTIAGO','CL','','','76.097.844-2','','RAPAK',0,'2026-02-04 17:31:54','2026-02-04 17:31:54'),(478,'12448','SOC COM ROJAS Y MARTINEZ LTDA','PRAT 827 OFICINA 702 B ','VALPARAISO','CL','','00-56-32-2256098','76.614.780-1','','ROJAS',1,'2026-02-04 17:31:54','2026-02-04 17:31:54'),(479,'1125','DECA EXPRESS S.A.','AV. CLAUDIO ARRAU  N9452.SANTIAGO','SANTIAGO','CL','','2707800','96.658.590-0','JAIME GALDAMEZ','DECA EXPRE',1,'2026-02-04 17:31:54','2026-02-04 17:31:54'),(480,'48750','COMERCIAL COSTA AZUL LIMITADA','BUENOS AIRES #401','SANTIAGO','CL','mruiz@polimass.cl','93594231','76.514.560-0','','COSTA AZUL',1,'2026-02-04 17:31:55','2026-02-04 17:31:55'),(481,'3824','TEXTIL WAKY LIMITADA','DOMINGO ARTEAGA N184.MACUL','SANTIAGO','CL','','2383295','85.093.400-2','','WAKI',1,'2026-02-04 17:31:55','2026-02-04 17:31:55'),(482,'40786','COMERCIAL HONGTAI LTDA.','SAN ALFONSO 299 LOCAL 27','SANTIAGO','CL','','','76.114.927-K','','HONGTAI',0,'2026-02-04 17:31:55','2026-02-04 17:31:55'),(483,'51115','MC BAUCHEMIE CHILE SPA','MALAGA NRO. 339, LAS CONDES','SANTIAGO','CL','','','76.481.748-6','','MC BAUCHEMIE',0,'2026-02-04 17:31:55','2026-02-04 17:31:55'),(484,'26929','LUVAL S.A.','AV.PDTE.JORGE ALEXANDRI 12251','SANTIAGO','CL','','','79.894.160-7','','LUVAL ',0,'2026-02-04 17:31:55','2026-02-04 17:31:55'),(485,'11504','JOVINO CERON CORNEJO','CONSTANTINO N 96 EST.CENTRAL','SANTIAGO','CL','','','4.267.247-5','','JOVINO',0,'2026-02-04 17:31:55','2026-02-04 17:31:55'),(486,'35851','SOC.DITRI. DE ACEROS INOXIDABLES LTDA','MAPOCHO N6467 CERRO NAVIA','SANTIAGO','CL','','','76.115.947-K','','SUMINOX',0,'2026-02-04 17:31:55','2026-02-04 17:31:55'),(487,'8335','BALUT HERMANOS LTDA','PORTUGAL 1837 ','SANTIAGO','CL','rdahuabe@tie.cl','5557725','77.965.030-8','ROBERTO DAHUABE','BALUTHER',1,'2026-02-04 17:31:55','2026-02-04 17:31:55'),(488,'27139','FERNANDO RIVEROS VALENZUELA','LIRA 671 B-C, SANTIAGO','SANTIAGO','CL','','','8.826.682-K','','FDO RIVEROS V',0,'2026-02-04 17:31:55','2026-02-04 17:31:55'),(489,'8942','EXCEDINDUS COMERCIAL  E IND LTDA','AV. AMERICO VESPUCIO 1989 QUILICURA','SANTIAGO','CL','','','85.704.300-6','','EXCEDINDUS',0,'2026-02-04 17:31:55','2026-02-04 17:31:55'),(490,'8793','REFRIGERACION Y REPUESTOS S.A.C','AV.CONDELL N 1064 PROVIDENCIA','SANTIAGO','CL','','','92.556.000-6','','REPUEST',0,'2026-02-04 17:31:55','2026-02-04 17:31:55'),(491,'1049','CORRETAJE Y TRANSP.MARIT.UNIEX LTDA','AV.NAPOLEON 3565 OF.1009 L.CONDES','SANTIAGO','CL','carolina.barros@uniex.cl','56-2-2037110','78.987.470-0','R. STRUCK','UNIEXCHILE',1,'2026-02-04 17:31:55','2026-02-04 17:31:55'),(492,'9687','CELA COSMETICOS S.A','AV.EL GOLF N99','SANTIAGO','CL','','','96.920.840-7','','CELA',0,'2026-02-04 17:31:55','2026-02-04 17:31:55'),(493,'37342','SOC.CESPEDES Y ROLDAN LIMITADA','MANUEL TOCORNAL 1538','SANTIAGO','CL','','','78.970.170-9','','ROLDAN',0,'2026-02-04 17:31:55','2026-02-04 17:31:55'),(494,'41473','SOC.COM.IMP.EXPOR.PACIFIC LTDA.','SAN FRANCISCO 2124','SANTIAGO','CL','','','76.051.060-2','','IMP EXP PACIFIC',0,'2026-02-04 17:31:55','2026-02-04 17:31:55'),(495,'12271','LUIS ESTAY VALENZUELA Y CIA.LTDA.','RECABARREN N1654 INDEPENDENCIA','SANTIAGO','CL','','','78.882.400-9','','LUIS ESTAY',0,'2026-02-04 17:31:55','2026-02-04 17:31:55'),(496,'39952','BLS FORWARDING CHILE LTDA','AGUSTINAS 1022 OF. 812','SANTIAGO','CL','cmorales@bls-chile.com','56-32-2268200','76.124.067-6','','BLS',1,'2026-02-04 17:31:55','2026-02-04 17:31:55'),(497,'954','EMPRESAS DEMARIA S.A.','LIMACHE No 3535. EL SALTO','VIA DEL MAR','CL','','669870','90.727.000-9','','DEMARIA',1,'2026-02-04 17:31:55','2026-02-04 17:31:55'),(498,'34835','HERCULES CHILE LIMITADA','NVA.TAJAMAR 481 TORRE NORTE OF.1108','SANTIAGO','CL','','','77.736.740-4','','SOLENIS',0,'2026-02-04 17:31:55','2026-02-04 17:31:55'),(499,'48859','COMERCIAL FRUTEXSA LTDA','FUENZALIDA URREJOLA 411 LA CISTERNA','SANTIAGO','CL','psoto@frutexsa.cl','25250080','76.780.620-5','PATRICIO SOTO','PIWEN',1,'2026-02-04 17:31:55','2026-02-04 17:31:55'),(500,'2951','PETROFLEX S.A.','AV. SANTA ROSA # 1726','SANTIAGO','CL','cgonzalez@petroflex.cl','224826437','96.832.300-8','CRISTIAN GONZALEZ','PERFECO',1,'2026-02-04 17:31:55','2026-02-04 17:31:55'),(501,'41890','SIBELCO CHILE LTDA.','LIRA 2488','SANTIAGO','CL','','','76.861.280-3','','CALIDRA',0,'2026-02-04 17:31:55','2026-02-04 17:31:55'),(502,'612','CENTRO VETERINARIO Y AGRICOLA LTDA','AV.SALOMON SACK # 255 ','SANTIAGO','CL','','7270518','86.510.400-6','','CEN.VETERINARIO',1,'2026-02-04 17:31:55','2026-02-04 17:31:55'),(503,'32895','SOC.COM.DE ART.MEDICOS P Y M LTDA.','TIL TIL 2430 MACUL','SANTIAGO','CL','','','77.573.900-2','','PYM',0,'2026-02-04 17:31:55','2026-02-04 17:31:55'),(504,'22571','PROCESADORA DE ALIMENTOS DEL SUR LT.','CAM.LA ESTRELLA N401 PTA.DE CORTES','RANCAGUA','CL','','','77.476.390-2','','PROC.ALM.DELSUR',0,'2026-02-04 17:31:55','2026-02-04 17:31:55'),(505,'43418','FRANCISCO RAUL MIRANDA RETAMALES','DELTA N 1927, PENALOLEN','SANTIAGO','CL','','56229964860','13.690.787-5','','MIRANDA',1,'2026-02-04 17:31:55','2026-02-04 17:31:55'),(506,'2746','MULTIGLASS S.A','AV. ESCUELA AGRICOLA 2291','SANTIAGO','CL','','','96.905.650-K','','MULTIGLASS',0,'2026-02-04 17:31:55','2026-02-04 17:31:55'),(507,'37824','IMP GLOBAL LTDA','UNION LATINO AMERICANA 83','SANTIAGO','CL','ANDYYUN@MSN.COM','6898720','76.855.730-6','','IMP GLOBAL',1,'2026-02-04 17:31:55','2026-02-04 17:31:55'),(508,'49037','DISTRIBUIDORA E Y E LIMITADA','AV.CERRO EL PLOMO 5931, OF 1413','SANTIAGO','CL','jecheverria@eye.cl','02-25367095','76.429.309-6','','E Y E',1,'2026-02-04 17:31:55','2026-02-04 17:31:55'),(509,'2114','INDUSTRIAS QUIMICAS CLORAMON LTDA','PANAMERICANA NORTE N8900.QUILICURA','SANTIAGO','CL','','6237773','83.019.500-9','FRANCISCO MUOZ','CLORAMON',1,'2026-02-04 17:31:55','2026-02-04 17:31:55'),(510,'41992','EXPORT.JOSEMARIA BASTON TARALLO EIRL','MONSEOR EYZAGUIRRE 65 DPT.1402 UOA','SANTIAGO','CL','','','76.095.205-2','','JET EXPORTACION',0,'2026-02-04 17:31:55','2026-02-04 17:31:55'),(511,'38170','CUTRALCO PRODUCCIONES LTDA','ABATE MOLINA NO.218','SANTIAGO','CL','','','76.107.058-4','','CUTRALCO',0,'2026-02-04 17:31:55','2026-02-04 17:31:55'),(512,'1594','FULL PAK LOGISTICA LIMITADA','AV.VITACURA 2969 OF.1001','SANTIAGO','CL','','','96.712.570-9','','ULOG',0,'2026-02-04 17:31:55','2026-02-04 17:31:55'),(513,'18401','MOLINO BALMACEDA S.A.','AV.PRESIDENTE BALMACEDA N1726','SANTIAGO','CL','','','93.764.000-5','','MOLINO',0,'2026-02-04 17:31:55','2026-02-04 17:31:55'),(514,'39994','MARCELINO ANDRES  ALBORNOZ RIVA','LLAIMA 1644','CONCHALI,SANTIAGO','CL','','','11.863.802-6','','MARCELINO',0,'2026-02-04 17:31:55','2026-02-04 17:31:55'),(515,'50892','ALIMENTACIONES INTERNACIONALES S.A.','MIRAFLORES 178 PISO 8 SANTIAGO','SANTIAGO','CL','compras@merkeuspa.cl','32239595','76.186.372-K','FRANCISCO VILOCHO','ALIMENTACIONES',1,'2026-02-04 17:31:55','2026-02-04 17:31:55'),(516,'3773','THC CHILE S.A.','MAR DEL SUR 7481 PARQUE INDUSTRIAL','SANTIAGO','CL','','7491002','96.502.050-0','','THC',1,'2026-02-04 17:31:55','2026-02-04 17:31:55'),(517,'18324','PILOTES TERRATEST S.A.','ALONSO DE CORDOBA N5151 OF.1401','SANTIAGO','CL','','','96.588.560-9','','PILOTES',0,'2026-02-04 17:31:55','2026-02-04 17:31:55'),(518,'10059','REVESOL S.A.','MIRAFLORES PARCELA 5TA,PUDAHUEL','SANTIAGO','CL','','','93.402.000-6','','REVESOL',0,'2026-02-04 17:31:55','2026-02-04 17:31:55'),(519,'39751','COMERCIAL E INVERS. S.B. LTDA.','PORTO SEGURO 4736','SANTIAGO','CL','sb@suenoblanco.cl','56-2-7795536','76.065.038-2','','S.B.',1,'2026-02-04 17:31:55','2026-02-04 17:31:55'),(520,'1229','VINILIT S.A.','JORGE ALESSANDRI 10900.SAN BERNARDO','SANTIAGO','CL','','4605000','87.006.000-9','CARLOS WALGER','VINILIT',1,'2026-02-04 17:31:55','2026-02-04 17:31:55'),(521,'32495','INDUSTRIAL TECPIPE S.A.','PANAMERICANA NORTE 19501','SANTIAGO','CL','','','76.067.019-7','','TECPIPE',0,'2026-02-04 17:31:55','2026-02-04 17:31:55'),(522,'1014','CONTATTO S.A.','EXEQUIEL FERNANDEZ 2765','SANTIAGO','CL','','2396981','96.703.040-6','','CONTATO',1,'2026-02-04 17:31:55','2026-02-04 17:31:55'),(523,'6050','COMERCIAL ARAGON LTDA.','CA.S.MARTIN P16 1/2 J.M.CARRERA 13 LT','SANTIAGO','CL','eflores@comercialaragon.cl','','78.430.830-8','','ARAGON',1,'2026-02-04 17:31:55','2026-02-04 17:31:55'),(524,'5824','FABR.METALICAS CONTAINERLAND LTDA','CAMINO LA VARA NRO.03595','SAN BERNARDO/SANTIAGO','CL','','','96.552.310-3','','CONTAINERLAND',0,'2026-02-04 17:31:55','2026-02-04 17:31:55'),(525,'3193','QUIMICA RHENIUM LTDA.','CAMINO LO RUIZ 5200 RENCA','SANTIAGO','CL','jorge.diaz@grupoliguria.cl','','89.730.300-0','','RHENIUM',1,'2026-02-04 17:31:55','2026-02-04 17:31:55'),(526,'36004','NAHUM Y GALVEZ LIMITADA','VILLASECA 21 OF.904  NUOA','SANTIAGO','CL','','','76.047.629-3','','NAHUM Y GALVEZ',0,'2026-02-04 17:31:55','2026-02-04 17:31:55'),(527,'45694','GREAT FOODS S.A.','VIRGEN DEL PILAR 01054 ','LA CISTERNA SANTIAGO','CL','','','96.775.020-4','','GREAT FOODS',0,'2026-02-04 17:31:55','2026-02-04 17:31:55'),(528,'891','COMERCIAL VENSER S.A. VIRGEN DEL PILAR 01054 BOD.4   SANTIAGO','','SANTIAGO','CL','','','96.607.770-0','','VENSER',0,'2026-02-04 17:31:55','2026-02-04 17:31:55'),(529,'18879','JARDINES Y PARQUES LTDA.','AV.ALONSO DE CORDOVA 2600 OF.31','SANTIAGO','CL','','','77.401.530-2','','JARDINES',0,'2026-02-04 17:31:55','2026-02-04 17:31:55'),(530,'52782','ALCHILE SPA','CHANARCILLO 1201 MAIPU','SANTIAGO','CL','','79674448','76.424.331-5','','ALCHILE',1,'2026-02-04 17:31:55','2026-02-04 17:31:55'),(531,'969','SOC.QUIMIC.IND.Y COM.COMPOFLEX LTDA','CURACAVI N 157,','SANTIAGO','CL','ccartagena@compoflex.com','','79.582.470-7','','COMPOFLEX',1,'2026-02-04 17:31:55','2026-02-04 17:31:55'),(532,'38189','ENVASES CARRILLO LTDA.','LA PLATA 1852','SANTIAGO','CL','','','78.154.300-4','','CARRILLO',0,'2026-02-04 17:31:55','2026-02-04 17:31:55'),(533,'46704','GEO IMPORTACIONES LTDA','IRARRAZAVAL 2821 OF 818 UOA','SANTIAGO','CL','','','76.158.806-0','','GEO',0,'2026-02-04 17:31:55','2026-02-04 17:31:55'),(534,'52108','IMPORT. Y COMERC. HUATAI LIMITADA','GORBEA 2841, ESTACION CENTRAL','SANTIAGO','CL','446013849@qq.com','76594045','76.385.264-4','WEIGUNG CHEN','HUATAI',1,'2026-02-04 17:31:55','2026-02-04 17:31:55'),(535,'96','AGINOX COMERCIAL LTDA','CONFERENCIA N 956','SANTIAGO','CL','contabilidad@aginox.cl','','78.240.410-5','','AGINOX',1,'2026-02-04 17:31:55','2026-02-04 17:31:55'),(536,'38175','MOLDAJES ALSINA LIMITADA','NUEVA TAQUERAL 369','LAMPA,SANTIAGO','CL','','','77.879.620-1','','ALSINA',0,'2026-02-04 17:31:55','2026-02-04 17:31:55'),(537,'52511','PAULO C.MARTIN DEPORT.Y RECR.LTDA','AV S/BARTOLOME 004, CALERA DE TANGO','SANTIAGO','CL','CMARTINEZ@PEFER.CL','58796995','76.232.467-9','CARLOS GABELLA','PAULO CARLOS MA',1,'2026-02-04 17:31:55','2026-02-04 17:31:55'),(538,'50940','JMPACK SPA','BARROS ARANA 767 GALPON A,Q.NORMAL','SANTIAGO','CL','mmr@jmpack.cl','22-9049453','76.234.681-8','MARCELO MEYER','JMPACK SPA',1,'2026-02-04 17:31:55','2026-02-04 17:31:55'),(539,'25606','UNIC COMPANY CHILE S.A.','AGUSTINAS 2718 ','SANTIAGO','CL','','','96.576.750-9','','UNIC COMPANY',0,'2026-02-04 17:31:55','2026-02-04 17:31:55'),(540,'3781','COMERCIAL ALAMEDA LTDA.','TIL TIL 2721 ','SANTIAGO','CL','','','79.845.390-4','','ALAMEDA',0,'2026-02-04 17:31:55','2026-02-04 17:31:55'),(541,'1615','GARMENDIA MACUS S.A.','ARTURO PRAT 1468','SANTIAGO','CL','','5554898','96.889.950-3','JAIME IZQUIERDO','MACUS',1,'2026-02-04 17:31:55','2026-02-04 17:31:55'),(542,'48158','IMPORTADORA MULTIPRODUCTO SPA','SAN ISIDRO 2208','SANTIAGO','CL','WALTERESCRIBANO@GMAIL.COM','226962723','76.312.037-6','','MULTIPRODUCTO',1,'2026-02-04 17:31:55','2026-02-04 17:31:55'),(543,'40649','AGRICOLA SAN OSVALDO LIMITADA','CAMINO EL MILAGRO N 257 MAIPU','SANTIAGO','CL','','','76.046.956-4','','SAN OSVALDO',0,'2026-02-04 17:31:55','2026-02-04 17:31:55'),(544,'2572','MAQUIMETAL LTDA.','OBISPO MANUEL UMAA 791 EST.CENT','SANTIAGO','CL','','6960541','80.585.900-8','','MAQUIMETAL',1,'2026-02-04 17:31:55','2026-02-04 17:31:55'),(545,'30147','ANASAC CHILE S.A.','ALMIRANTE PASTENE 300,PROVIDENCIA','SANTIAGO','CL','lcortez@anasac.cl','56-2-2470-6819','76.075.832-9','Rodrigo Bugueo','ANASAC',1,'2026-02-04 17:31:55','2026-02-04 17:31:55'),(546,'17820','GLASSTECH S.A.','SAN PABLO N3038','SANTIAGO','CL','','','87.949.500-8','','GLASSTECH',0,'2026-02-04 17:31:55','2026-02-04 17:31:55'),(547,'53263','COMERCIAL E IMPORT. VALPRIK LTDA','JUAN ROJAS MALDONADO 285','SANTIAGO','CL','','','76.533.149-8','','VALPRIK',0,'2026-02-04 17:31:55','2026-02-04 17:31:55'),(548,'2145','EMARESA INGENIEROS Y REPRESENT.S.A.','SANTA ADELA NO. 9901.MAIPU','SANTIAGO','CL','JRODRIGUEZS@EMARESA.CL','4602000','83.162.400-0','WOLFGANG LEIN','EMARES',1,'2026-02-04 17:31:55','2026-02-04 17:31:55'),(549,'8929','RODRIGUEZ Y RODRIGUEZ IMPORTACION LTDA','RAMON DIAZ 279','SANTIAGO','CL','','','78.630.980-8','','R&R IMP.',0,'2026-02-04 17:31:55','2026-02-04 17:31:55'),(550,'21576','RAYLEX DIGINET S.A.','AV.FRANCISCO BILBAO N2469','SANTIAGO','CL','','','96.635.030-K','','RAYLEX',0,'2026-02-04 17:31:55','2026-02-04 17:31:55'),(551,'1439','EXSER AGROINDUSTRIAL LTDA. DEL INCA 4446 PISO 12 LAS CONDES SANTIAG','','SANTIAGO','CL','','','78.266.740-8','','EXSERAG',0,'2026-02-04 17:31:55','2026-02-04 17:31:55'),(552,'44227','CHEC CHILE SPA','CALLAO 3024 OF 10','LAS CONDES, SANTIAGO','CL','','','76.264.339-1','','CHEC CHILE',0,'2026-02-04 17:31:55','2026-02-04 17:31:55'),(553,'2500','MABU S.A.','AV.VICUA MACKENNA 3150 C.MACUL','SANTIAGO','CL','','09-2231374','99.512.250-2','','MABU',1,'2026-02-04 17:31:55','2026-02-04 17:31:55'),(554,'51568','SCAFOM-RUX CHILE SPA','LOS CONQUISTADORES 2569  PROVIDENCIA','SANTIAGO','CL','victoria.ormeno@scafom-rux.cl','223781243','76.133.111-6','VICTORIA ORMEO','SCAFOM-RUX CHIL',1,'2026-02-04 17:31:55','2026-02-04 17:31:55'),(555,'33294','TECNICABLES LIMITADA','C.AUGUSTO MATTE 2056 Q.NORMAL','SANTIAGO','CL','','7736438','76.589.510-3','','TECNICABLES ',1,'2026-02-04 17:31:55','2026-02-04 17:31:55'),(556,'21010','COMERCIAL TAISA LIMITADA','QUILLIN 1690 MACUL','SANTIAGO','CL','','','77.838.420-5','','TAISA',0,'2026-02-04 17:31:55','2026-02-04 17:31:55'),(557,'3474','SINDELEN S.A.','AV. VICUA MACKENNA 9840','SANTIAGO','CL','','8102000','92.139.000-9','OSCAR ALMUNA','SINDELEN',1,'2026-02-04 17:31:55','2026-02-04 17:31:55'),(558,'31104','CBC PLASTICS S.A.','CARLOS SILVA VILDASOLA 774','SANTIAGO','CL','','','76.847.560-1','','CBC',0,'2026-02-04 17:31:55','2026-02-04 17:31:55'),(559,'3191','QUIMICA MIRALLES S.A.','EDO.FREI MONTALVA 9431','SANTIAGO','CL','czavala@quimicamiralles.cl','','89.686.900-0','','MIRALLES',1,'2026-02-04 17:31:55','2026-02-04 17:31:55'),(560,'5446','DIRECCION GENERAL DE AERONAUTICA CIVIL','MIGUEL CARO 1314 ','SANTIAGO','CL','','','61.104.000-8','','DIGENAU',0,'2026-02-04 17:31:55','2026-02-04 17:31:55'),(561,'41086','IMP.Y EXP.PROTEX LTDA.','SAN ALFONSO 151','SANTIAGO','CL','','','76.216.342-K','','PROTEX',0,'2026-02-04 17:31:55','2026-02-04 17:31:55'),(563,'2190','TRANSP.INT.LOG.SHIPMENTS CHILE LTDA.','MERCED 32 OF.23, PLAZA ITALIA','SANTIAGO','CL','','226336140-6581','77.841.980-7','','ILS CHILE',1,'2026-02-04 17:31:55','2026-02-04 17:31:55'),(564,'36103','EMP.ELECTRICA DE LA FRONTERA S.A.','BULNES N 441','OSORNO','CL','','','76.073.164-1','','FRONTERA',0,'2026-02-04 17:31:55','2026-02-04 17:31:55'),(565,'8524','MORGAN IMPRESORES S.A','ANDES N4616','QUINTA NORMAL','CL','','','88.506.400-0','','MORGANIM',0,'2026-02-04 17:31:55','2026-02-04 17:31:55'),(566,'41893','SEKO LOGISTICS CHILE LIMITADA','AV. AMERICO VESPUCIO 1309, OF.206','PUDAHUEL,SANTIAGO','CL','Solange.martorell@sekologistics.com','(56-2)9644441','76.135.354-3','','SEKO',1,'2026-02-04 17:31:55','2026-02-04 17:31:55'),(567,'3832','TEXTILES ZAHR S.A.','CAMINO TRONCAL 1682','QUILPUE','CL','','','93.049.000-8','','ZAHR',0,'2026-02-04 17:31:55','2026-02-04 17:31:55'),(568,'821','COMFRUT S.A.','ELIODORO YAEZ 2905.PROVIDENCIA','SANTIAGO','CL','','3346088','79.663.940-7','CRISTIAN STEWART','COMFRUT',1,'2026-02-04 17:31:55','2026-02-04 17:31:55'),(569,'28819','QUIMICA LATINOAMERICANA S.A.','MAGDALENA 265 ','SANTIAGO','CL','','','89.551.800-K','','QUIMICA',0,'2026-02-04 17:31:55','2026-02-04 17:31:55'),(570,'3060','PLASTIQUIMICA S.I.C. LTDA.','UBLE 324-326','SANTIAGO','CL','','5552424','83.007.600-K','','PLASQUISIC',1,'2026-02-04 17:31:55','2026-02-04 17:31:55'),(571,'11198','COMERC.LO ESPEJO MAQ.Y EQUIPOS S.A.','CAMINO LO SIERRA N1299.MAIPU','SANTIAGO','CL','','','94.836.000-4','','LO ESPEJO',0,'2026-02-04 17:31:55','2026-02-04 17:31:55'),(572,'18940','ALLEN S.A.','EDUARDO MATTE N1830','SANTIAGO','CL','sallende@allen.cl','','78.769.930-8','','ALLEN',1,'2026-02-04 17:31:55','2026-02-04 17:31:55'),(573,'43941','CODELPA CHILE S.A','LO ECHEVERS N801, QUILICURA','SANTIAGO','CL','','','94.668.000-1','','CODELPA ',0,'2026-02-04 17:31:55','2026-02-04 17:31:55'),(574,'6874','ADIZOL S.A.','AV VITACURA 5250 OF 403 VITACURA','SANTIAGO','CL','','','76.183.070-8','','ADIZOL',0,'2026-02-04 17:31:55','2026-02-04 17:31:55'),(575,'41385','COM. E INVERSIONES HAN RONG LTDA','SAN ALFONSO 259 ','SANTIAGO','CL','','','76.142.150-6','','SMOKE',0,'2026-02-04 17:31:55','2026-02-04 17:31:55'),(576,'1441','IND.DE SIST.CONTRA INC.FIRE MASTER LTD','SANTA ELENA 2035','SANTIAGO','CL','fdelavega@fire-master.cl','27134000','77.322.070-0','FELIPE DE LA VEGA','FIREMASTER',1,'2026-02-04 17:31:55','2026-02-04 17:31:55'),(577,'45978','ANTALIS ABITEK LIMITADA','AV.SALVADOR ALLENDE 539','SANTIAGO','CL','polmos@antalisabitek.com','(56-2)4855000','76.240.087-1','','ANTALIS',1,'2026-02-04 17:31:55','2026-02-04 17:31:55'),(578,'30695','CERDA Y BREITLING IMPRESORES LTDA.','RUTA 5 SUR KM.42,2 PARCEL 195','PAINE','CL','postventa@abhemak.cl','','77.663.270-8','','CERDA',1,'2026-02-04 17:31:55','2026-02-04 17:31:55'),(580,'18385','ARCOS DORADOS REST.DE CHILE LTDA.','AV.KENNEDY N5454 PISO 16 VITACURA','SANTIAGO','CL','','','96.620.260-2','','ARCOS',0,'2026-02-04 17:31:55','2026-02-04 17:31:55'),(581,'970','COMPONENTES AUTOMOTRICES CARS LTDA.','PEUELAS N0253 SAN BERNARDO','SANTIAGO','CL','','','81.697.200-0','','CARS',0,'2026-02-04 17:31:55','2026-02-04 17:31:55'),(582,'6681','IMP. Y EXP. FULLTEX LTDA','DARDIGNAC N 335, RECOLETA','SANTIAGO','CL','fulltex@fulltex.cl','','78.762.180-5','','FULLTEX',1,'2026-02-04 17:31:55','2026-02-04 17:31:55'),(583,'36549','SOC. CENTRALNET LIMITADA','MUJICA N 066 NUOA','SANTIAGO','CL','','','76.261.870-2','','CENTRALNET',0,'2026-02-04 17:31:55','2026-02-04 17:31:55'),(584,'43610','FRUNUT SPA','AV. LA DEHESA 1201  OF. 522','LO BARNECHEA, SANTIAGO','CL','','','76.188.446-8','','FRUNUT',0,'2026-02-04 17:31:55','2026-02-04 17:31:55'),(585,'3262','RESINAS CHILENAS LTDA.','PANAMERICANA NORTE  8900','SANTIAGO','CL','','','89.733.800-9','','CHILENAS',0,'2026-02-04 17:31:55','2026-02-04 17:31:55'),(586,'46098','COMERCIAL Y SERVICIOS VERNE SPA LTDA.','ADD:APOQUINDO 2818 OF 31','LAS CONDES - SANTIAGO ','CL','','','76.034.722-1','','VERNE SPA',0,'2026-02-04 17:31:55','2026-02-04 17:31:55'),(587,'21116','SACO SHIPPING S.A.','NAPOLEON NO. 3565 OF.706 ','SANTIAGO','CL','marcoleiva@sslconsolidation.cl','','76.006.381-9','','SSL',1,'2026-02-04 17:31:55','2026-02-04 17:31:55'),(588,'19281','CIA DIST.DE ELECTRONICA Y TELECOMUN','AV. MANUEL MONTT 1854.PROVIDENCIA','SANTIAGO','CL','','','79.789.710-8','','TELCOM',0,'2026-02-04 17:31:55','2026-02-04 17:31:55'),(589,'35224','APL LOGIST.CHILE FR.FORWARDER LTDA','AV. LAGUNA SUR 9660. PUDAHUEL','SANTIAGO','CL','','','76.073.018-1','','APL',0,'2026-02-04 17:31:55','2026-02-04 17:31:55'),(590,'38610','BOSHUM MA','SAN DIEGO 402','SANTIAGO','CL','','','14.632.576-9','','BOSHUM',0,'2026-02-04 17:31:55','2026-02-04 17:31:55'),(591,'44565','COMERCIAL ECOSTONE LTDA.','CHACABUCO 26','SANTIAGO','CL','','','76.283.125-2','','ECOSTONE',0,'2026-02-04 17:31:55','2026-02-04 17:31:55'),(592,'20303','KBE S A','LA PASTORA 174 PISO 2, LAS CONDES','SANTIAGO','CL','','','99.517.500-2','','KBE',0,'2026-02-04 17:31:55','2026-02-04 17:31:55'),(593,'42893','MACROSOLAR SPA','AV. MARATHON 1315 BODEGA 18','NUNOA - SANTIAGO','CL','','98312537','76.235.518-3','TILO RITZ','MACROSOLAR',1,'2026-02-04 17:31:55','2026-02-04 17:31:55'),(594,'11052','AMTEX S.A.','EUROPA N 1908. PROVIDENCIA','SANTIAGO','CL','','','99.561.730-7','','AMTEX ',0,'2026-02-04 17:31:55','2026-02-04 17:31:55'),(595,'5307','REFRICENTRO S.A','AV.CLAUDIO ARRAU 9458 PUDAHUEL','SANTIAGO','CL','','','79.863.070-9','','REFRI',0,'2026-02-04 17:31:55','2026-02-04 17:31:55'),(596,'48959','DENTAL AMERICA LIMITADA','SANTA BEATRIZ N 71','SANTIAGO','CL','DENTALAMERICACL@GMAIL.COM','56-2-28484171','78.333.650-2','','DENTAL',1,'2026-02-04 17:31:55','2026-02-04 17:31:55'),(597,'2653','MERIGGI S.A.','AV.VICUNA MACKENNA 4525','SANTIAGO','CL','meriggi@meriggi.cl','25532225','96.665.360-4','','MERIGGI',1,'2026-02-04 17:31:55','2026-02-04 17:31:55'),(598,'35928','ELEMAR LOG. SOPORTE Y SOLUC. LTDA','MERCED 651 PISO 8','SANTIAGO','CL','','','76.860.010-4','','ELEMAR',0,'2026-02-04 17:31:55','2026-02-04 17:31:55'),(599,'20939','SEAFAIR CHILE S.A.','NUEVA DE LYON 96 OF 205','SANTIAGO','CL','evelyn.pena@seafairgroup.com','2445230','76.006.532-3','','AIRSEALOGISTICS',1,'2026-02-04 17:31:55','2026-02-04 17:31:55'),(600,'43304','COMERCIAL LAS AMERICAS S.A.','CLAUDIO ARRAU 9430 ','SANTIAGO','CL','b.gong@textillasamericas.cl','56-2-26306100','76.014.543-2','','AMERICAS',1,'2026-02-04 17:31:55','2026-02-04 17:31:55'),(601,'48972','FABRICA DE EVA.PLAST.SERVIFORM SPA','EL TOTORAL N 451','SANTIAGO','CL','recepcion@serviform.cl','2-24321926','76.259.139-1','','SERVIFORM',1,'2026-02-04 17:31:55','2026-02-04 17:31:55'),(602,'20855','DISTRIB. DE INDUST. NACIONALES S A','NUEVA DE LYON 72 P.6 ','SANTIAGO','CL','valparaiso@menares.cl','','82.982.300-4','','DISTRIBUIDORA ',1,'2026-02-04 17:31:55','2026-02-04 17:31:55'),(603,'41929','PEREZ E HIJOS LIMITADA','ALBERTO EDWARDS 4234,QUINTA NORMAL','SANTIAGO','CL','','','76.073.821-2','','PEREZ E HIJOS',0,'2026-02-04 17:31:55','2026-02-04 17:31:55'),(604,'20923','MODULOS S.A.','FRESIA 9263 QUILICURA','SANTIAGO','CL','','','77.322.270-3','','MODULARES ',0,'2026-02-04 17:31:55','2026-02-04 17:31:55'),(605,'42611','COMERCIAL ZHANG TAI LI LTDA.','ALONSO OVALLE No 1060 PISO 2 L.11','SANTIAGO','CL','','','76.181.528-8','','ZHANG',0,'2026-02-04 17:31:55','2026-02-04 17:31:55'),(606,'9969','CHINA HOUSE LTDA','ANTONIA LOPEZ DE BELLO 310 RECOLETA','SANTIAGO','CL','','','76.131.730-K','','CHINAHOU',0,'2026-02-04 17:31:55','2026-02-04 17:31:55'),(607,'32110','IMPO. Y EXPO. DE MAQUINARIAS LTDA.','VICUA MACKENNA 7255 OF 514, LA FLORIDA','SANTIAGO','CL','','2211063','76.075.767-5','','MAQUINARIA ',1,'2026-02-04 17:31:55','2026-02-04 17:31:55'),(608,'1775','IDEAL S.A.','CAAVERAL 100 KM 15 PANAM PORT QUILICURA','SANTIAGO','CL','ppinoaed@gibsa.com','3857200','82.623.500-4','PATRICIA PINO','IDEAL',1,'2026-02-04 17:31:55','2026-02-04 17:31:55'),(609,'41376','COMERCIAL BINGJIAN XU EIRL','BASCUAN GUERRERO 191','SANTIAGO','CL','','','76.163.749-5','','BOTELI',0,'2026-02-04 17:31:55','2026-02-04 17:31:55'),(610,'41340','IMPORT. YU Y LIANG COMPAIA LTDA','AV.ALAMEDA NO.2781','SANTIAGO','CL','614868688@qq.com','00562-2229983','76.067.387-0','','YU Y LIANG',1,'2026-02-04 17:31:55','2026-02-04 17:31:55'),(611,'10496','PRODUCTOS QUIMICOS Y MINERALES LTDA','AV. CENTENARIO 1633 ','SANTIAGO','CL','','','78.608.270-6','','QUIMICOS',0,'2026-02-04 17:31:55','2026-02-04 17:31:55'),(612,'42416','IMPOR. Y EXP.SHUN CHILE LTDA.','RODULFO PHILLIPI 55','SANTIAGO','CL','','','76.102.319-5','','SHUN',0,'2026-02-04 17:31:55','2026-02-04 17:31:55'),(613,'49714','COMERCIAL E IMP.COLUMBO LIMITADA','AV.ALAMEDA 2702','SANTIAGO','CL','vms.fuentes@gmail.com','77700620','76.376.461-3','VICTOR FUENTES','COLUMBO',1,'2026-02-04 17:31:55','2026-02-04 17:31:55'),(614,'52924','BONDU SPA','JOSE JOAQUIN PEREZ 5539,','SANTIAGO','CL','','0056-2-27731474','76.268.923-5','','BONDU SPA',1,'2026-02-04 17:31:55','2026-02-04 17:31:55'),(615,'11716','PACIFICO CABLE S.A.','TUCAPEL 2827 VALLE PAICAVI,','CONCEPCION','CL','julio.veloso@mundopacifico.cl','51690559','96.722.400-6','','PACIFICO CABLE',1,'2026-02-04 17:31:55','2026-02-04 17:31:55'),(616,'8722','FERREX S.A','BLANCO ENCALADA 2537','SANTIAGO','CL','','','77.675.220-7','','FERREX',0,'2026-02-04 17:31:55','2026-02-04 17:31:55'),(617,'1748','SODIMAC S.A.','AV.PRESIDENTE FREI MONTALVA 3092','SANTIAGO','CL','galvarez@sodilog.cl','56-2-27381000','96.792.430-K','','HOMESTORE',1,'2026-02-04 17:31:55','2026-02-04 17:31:55'),(618,'17655','BARRON VIEYRA INTERNATIONAL SPA','BARRON VIEYRA 4, COLINA','SANTIAGO','CL','RVIEYRA@BARRONVIEYRA.COM','','78.723.570-0','','BARRON',1,'2026-02-04 17:31:55','2026-02-04 17:31:55'),(619,'52948','GVA TRADING SPA','AV. MEXICO 852 RECOLETA ','SANTIAGO','CL','rodrigo.domingj@gmail.com','61716278','76.475.719-K','RODRIGO DOMINGO','GVA',1,'2026-02-04 17:31:55','2026-02-04 17:31:55'),(620,'13591','PINCU Y GUTIERREZ LTDA.','ANTONIO VARAS N2460 NUOA','SANTIAGO','CL','','','78.561.520-4','','PINCU',0,'2026-02-04 17:31:55','2026-02-04 17:31:55'),(621,'48630','IMPORT. Y COM. JAIME MUNOZ E.I.R.L','BELLAVISTA 185 OF 818','SANTIAGO','CL','jaime@impograss.cl','09-93210340','76.080.122-4','','JAIME MUNOZ',1,'2026-02-04 17:31:55','2026-02-04 17:31:55'),(622,'51663','COMERCIAL E IMPORT. SHUN DA LTDA','SAN ALFONSO 88  SANTIAGO','SANTIAGO','CL','SUNYUE1129@gmail.com','29821308','76.412.311-5','LIYAN CHEN','SHUNDA LTDA',1,'2026-02-04 17:31:55','2026-02-04 17:31:55'),(623,'5185','ING.DE MADERAS COMERCIAL E IND.LTDA.','AV. EINSTEIN 716 RECOLETA ','SANTIAGO','CL','info@ingemad.cl','56-2-26225333','84.467.000-1','','INGEMAD',1,'2026-02-04 17:31:55','2026-02-04 17:31:55'),(624,'24333','RESTAURANT CHEF KING LTDA.','LAS CONDES N8956','SANTIAGO','CL','','','77.680.650-1','','CHEF KING',0,'2026-02-04 17:31:55','2026-02-04 17:31:55'),(625,'24456','VALLE DIGITAL S.A.','ESTORIL 120 OF.504','SANTIAGO','CL','jlaso@valledigital.cl','27743356','96.927.070-6','','VALLE',1,'2026-02-04 17:31:55','2026-02-04 17:31:55'),(626,'5735','MOSAICO S.A.','JUAN DE LA FUENTE 284 LAMPA','SANTIAGO','CL','','','78.030.500-2','','MOSAICO',0,'2026-02-04 17:31:55','2026-02-04 17:31:55'),(627,'6612','ARYSTA LIFESCIENCE CHILE S.A.','EL ROSAL N 4610.HUECHURABA','SANTIAGO','CL','','','99.575.150-K','','ARYSTA',0,'2026-02-04 17:31:55','2026-02-04 17:31:55'),(628,'17414','HIPERMERCADOS TOTTUS SA','SAN MARTIN 174  BUIN','SANTIAGO','CL','','','78.627.210-6','','TOTTUS',0,'2026-02-04 17:31:55','2026-02-04 17:31:55'),(629,'25506','CENTRO COMERCIAL CHINA TOWN LTDA','DOLORES 658 ESTACION CENTRAL ','SANTIAGO','CL','','','76.036.532-7','','CHINA TOWN ',0,'2026-02-04 17:31:55','2026-02-04 17:31:55'),(630,'53219','SERVICIOS E INSUMOS FISTEX S.A.','AV.MARATHON 1315 E01 UOA','SANTIAGO','CL','','','76.140.214-5','','FITTEX',0,'2026-02-04 17:31:55','2026-02-04 17:31:55'),(631,'3998','VECTOR S.A.','LAS ENCINAS 400','SANTIAGO','CL','','5578737','96.660.890-0','BERNARDO ROSENBERG','VECTOR',1,'2026-02-04 17:31:55','2026-02-04 17:31:55'),(632,'3234','REFAX CHILE S.A.','PUERTO SANTIAGO 198 PUDAHUEL','SANTIAGO','CL','','02 - 6814251','96.519.500-9','','REFAX',1,'2026-02-04 17:31:55','2026-02-04 17:31:55'),(633,'52641','COMERC.ELISA YANG LTDA.','DARDIGNAC 386 RECOLETA','SANTIAGO','CL','','','76.229.796-5','','ELISA',0,'2026-02-04 17:31:55','2026-02-04 17:31:55'),(634,'2434','COMERCIAL LBF LIMITADA','AV.LA ORACION 1299','SANTIAGO','CL','lbfsa@lbfsa.cl','6991943','93.366.000-1','','LBF',1,'2026-02-04 17:31:55','2026-02-04 17:31:55'),(635,'49248','IMP. Y COM. ASIA PACIFICO LTDA','LOS MILITARES 5620 OF.606  LAS CONDES','SANTIAGO','CL','e.siebert@chileimports.cl','56975169879','76.381.942-6','ENRIQUE SIEBERT','IMP CALBUCO',1,'2026-02-04 17:31:55','2026-02-04 17:31:55'),(636,'9678','IM.OFFICENTER-DECORHOUSE CHILE LTDA','AV. LOS LEONES # 195.','SANTIAGO','CL','officenterchile@yahoo.com','056-02-3351480','77.516.780-7','','DECORHOUSE',1,'2026-02-04 17:31:55','2026-02-04 17:31:55'),(637,'3494','SOC. COM. ITALMACC CHILE SPA.','ROBERTO ESPINOZA N848','SANTIAGO','CL','','','77.585.500-2','','ITALMAC',0,'2026-02-04 17:31:55','2026-02-04 17:31:55'),(638,'9614','COMERCIAL ARG LTDA','EL TAQUERAL, PARCELA 7, LOTE C','SANTIAGO','CL','jacque@goren.cl','27453611','77.151.960-1','','ARG',1,'2026-02-04 17:31:55','2026-02-04 17:31:55'),(639,'9318','IXOM CHILE S.A.','CALLE DOS NRO 9463, QUILICURA','SANTIAGO','CL','ivonne.castro@ixom.com','56 2 3848100','96.959.480-3','','POCHTECA CHILE ',1,'2026-02-04 17:31:55','2026-02-04 17:31:55'),(640,'7022','INDUSTRIAS CELTA LIMITADA','LARRONDO 180','COQUIMBO','CL','','','50.159.080-0','','CELTA ',0,'2026-02-04 17:31:55','2026-02-04 17:31:55'),(641,'44062','ZHENJIANG LI','AV.UNION LATINO AMERICA 247','SANTIAGO','CL','','','14.719.649-0','','ZHEN',0,'2026-02-04 17:31:55','2026-02-04 17:31:55'),(642,'37626','COMERCIAL SHENGDI LIMITADA','ALONSO OVALLE 1060 LOCAL 10','SANTIAGO','CL','','','76.117.193-3','','SHENGDI',0,'2026-02-04 17:31:55','2026-02-04 17:31:55'),(643,'23609','IMPORT.Y EXPOR.SPEED R LTDA.','MAC IVER N518 LOCAL 4','SANTIAGO','CL','','','76.012.278-5','','SPEED R',0,'2026-02-04 17:31:55','2026-02-04 17:31:55'),(644,'42410','I.C.Y D.PABLO R.CESPEDES FARIAS EIRL','MANUEL RODRIGUEZ 2571 MAIPU,','SANTIAGO','CL','','562-9-7497258','76.871.410-K','','ROYAL GLOBAL ',1,'2026-02-04 17:31:55','2026-02-04 17:31:55'),(645,'44680','COMERCIALIZADORA BECA LTDA','LO FONTECILLA 101,OF. 504,LAS CONDES','LAS CONDES,SANTIAGO','CL','','2951 5974','76.064.657-1','','BECA',1,'2026-02-04 17:31:56','2026-02-04 17:31:56'),(646,'31043','IMPORT. Y EXPORT.SINAO LTDA.','SALVADOR SAN FUENTES 2899','SANTIAGO','CL','','','77.814.710-6','','SINAO',0,'2026-02-04 17:31:56','2026-02-04 17:31:56'),(647,'1354','ENVASES IMPRESOS S.A.','CAMINO ALTO JAHUEL 0360. BUIN ','SANTIAGO','CL','balquinta@envases.cmpc.cl','7390126','89.201.400-0','CARLOS CAMPOS','ENVAIMPRES',1,'2026-02-04 17:31:56','2026-02-04 17:31:56'),(648,'18664','SOC.COMERCIAL AMW LTDA.','GAMERO N2109','SANTIAGO','CL','','','77.714.930-K','','AMW',0,'2026-02-04 17:31:56','2026-02-04 17:31:56'),(649,'46956','COM. Y DISTRIB. DMASLED LTDA.','AV. RECOLETA 4422 HUECHURABA','SANTIAGO','CL','','','76.124.863-4','','DMASLED',0,'2026-02-04 17:31:56','2026-02-04 17:31:56'),(650,'4478','POLYTEX S.A.','PANAMERICANA NORTE 21000 COLINA  ','SANTIAGO','CL','','','96.777.810-9','','POLYTEX',0,'2026-02-04 17:31:56','2026-02-04 17:31:56'),(651,'2889','PACIFIC RESOURCES','EUROPA 2.030','SANTIAGO','CL','presourc@entelchile.net','2336792','78.062.050-1','PAOLA MALDONADO','PACIFIC RESOURC',1,'2026-02-04 17:31:56','2026-02-04 17:31:56'),(652,'49826','IMPORT Y EXPORT XINKAI CHILE LTDA','SAN ALFONSO N 299 LOCAL 21','SANTIAGO','CL','','569 76468798','76.423.429-4','','XINKAI',1,'2026-02-04 17:31:56','2026-02-04 17:31:56'),(653,'19646','WINTEC S.A.','AEROPUERTO N620 QUILICURA','SANTIAGO','CL','','','96.952.990-4','','WINTEC',0,'2026-02-04 17:31:56','2026-02-04 17:31:56'),(654,'3275','RHONA S.A.','VARIANTE AGUA SANTA N 4211','VINA DEL MAR','CL','rhonacom@rhona.cl','32 610896','92.307.000-1','MARIA EUGENIA SAEZ','RHONA',1,'2026-02-04 17:31:56','2026-02-04 17:31:56'),(655,'52437','WEG CHILE S.A.','LOS CANTEROS N 8600','SANTIAGO','CL','lalvarez@web.net','56 27848900','99.528.050-7','','WEG CHILE',1,'2026-02-04 17:31:56','2026-02-04 17:31:56'),(656,'9615','IMP Y EXP ORIENTAL GRAN DRAGON LTDA','MEIGG 84','SANTIAGO','CL','','','77.298.030-2','','DRAGON',0,'2026-02-04 17:31:56','2026-02-04 17:31:56'),(657,'52975','COMERCIAL ESFORZAR LTDA','AV.LIB.BERNARDO  O. 2939 SANTIAGO','SANTIAGO','CL','zting420@gmail.com','','76.213.865-4','TING ZHOU','ESFORZAR',1,'2026-02-04 17:31:56','2026-02-04 17:31:56'),(658,'31446','COMERCIAL YUANDA LTDA.','SAN ALFONSO 72','SANTIAGO','CL','','','76.061.324-K','','YUANDA',0,'2026-02-04 17:31:56','2026-02-04 17:31:56'),(659,'42969','IMPOR.Y COMERCIALIZADORA LEON LTDA.','GRAJALES 2868','SANTIAGO','CL','','','76.239.854-0','','LEON',0,'2026-02-04 17:31:56','2026-02-04 17:31:56'),(660,'23136','FALABELLA RETAIL S.A.','MANUEL RODRIGUEZ NORTE 730','SANTIAGO','CL','JMULLOA@FALABELLA.CL','','77.261.280-K','','FALABELLA RETAI',1,'2026-02-04 17:31:56','2026-02-04 17:31:56'),(661,'47235','GLAM S.A','GERONIMO DE ALDERETE #1355 VITACURA','SANTIAGO','CL','lavalo@fiestayregalos.cl','','77.740.500-4','LUCY AVALO','GLAM',1,'2026-02-04 17:31:56','2026-02-04 17:31:56'),(662,'44773','UNIBAG SPA','CAUPOLICAN 9400 BODEGA 2 QUILICURA','SANTIAGO','CL','','','76.283.675-0','','UNIBAG',0,'2026-02-04 17:31:56','2026-02-04 17:31:56'),(663,'28184','IMPORT. Y EXPORT. AL DONNA LIMITADA','PATRONATO 453B','SANTIAGO','CL','','','76.035.035-4','','DONNA ',0,'2026-02-04 17:31:56','2026-02-04 17:31:56'),(664,'17970','COMERCIAL URRUTIA E HIJOS LTDA.','DIAGONAL CERVANTES N707','SANTIAGO','CL','','','78.702.380-0','','URRUTIA',0,'2026-02-04 17:31:56','2026-02-04 17:31:56'),(665,'45237','MP IMPORTADORA LIMITADA','AVDA LA FLORIDA 8791 LA FLORIDA','SANTIAGO','CL','','(56) (2) 29571314 ','76.188.424-7','','MP',1,'2026-02-04 17:31:56','2026-02-04 17:31:56'),(666,'28486','IMP, EXP Y COM. MERCAVISION LTDA.','RODOLFO PHILLIPPI 36 OF.1 SEGUNDO PISO','SANTIAGO','CL','','','76.594.520-8','','MERCAVISION',0,'2026-02-04 17:31:56','2026-02-04 17:31:56'),(667,'5812','LOS ROBLES S.A','LAS CONDES 10187','SANTIAGO','CL','','','96.692.040-8','','RROBLES',0,'2026-02-04 17:31:56','2026-02-04 17:31:56'),(668,'12175','IMPORTADORA MARIN LIMITADA','DISPUTADA 1298 ','SANTIAGO','CL','mauropizarro2005@yahoo.es','56-2-7807461','76.280.150-7','MAURICIO PIZARRO','MARIN',1,'2026-02-04 17:31:56','2026-02-04 17:31:56'),(669,'11019','COMERCIALIZADORA PRO CLEAN LTDA','PUERTO MONTT # 3626','SANTIAGO','CL','','','76.284.270-K','','PRO CLEAN',0,'2026-02-04 17:31:56','2026-02-04 17:31:56'),(670,'5709','IMPORTADORA DOWLIGHT LTDA','GRUMETE BUSTO 702','SANTIAGO','CL','','','77.708.540-9','','DOWLIGHT',0,'2026-02-04 17:31:56','2026-02-04 17:31:56'),(671,'22305','IMPORT.Y EXPORT.SORIA HNOS. LTDA.','SANTO DOMINGO N788 ','SANTIAGO','CL','','','77.743.610-4','','SORIA',0,'2026-02-04 17:31:56','2026-02-04 17:31:56'),(672,'232','ALIMEX S.A.','ISIDORA GOYENECHEA 3621 PISO 17','LAS CONDES,SANTIAGO','CL','','','96.938.200-8','','ALIMEX',0,'2026-02-04 17:31:56','2026-02-04 17:31:56'),(673,'47206','CALTEX ADMINISTRADORA LTDA','EL TAQUERAL PARCELA 4 , LAMPA','SANTIAGO','CL','','09-12345678','76.045.645-4','','CALTEX',1,'2026-02-04 17:31:56','2026-02-04 17:31:56'),(674,'8378','FORUS S.A','A.VESPUCIO NORTE 1789.HUECHURABA','SANTIAGO','CL','','','86.963.200-7','','FORUS',0,'2026-02-04 17:31:56','2026-02-04 17:31:56'),(675,'24370','PRECISION S.A.','AV.EJERCITO 521 ','SANTIAGO','CL','jessica.soto@grupoprecision.com','24226130','96.980.910-9','Jessica Soto','PRECISION ',1,'2026-02-04 17:31:56','2026-02-04 17:31:56'),(676,'42749','COMERCIAL WAN DA CHILE LTDA.','SAZIE  2623','SANTIAGO','CL','','','76.143.659-7','','WAN',0,'2026-02-04 17:31:56','2026-02-04 17:31:56'),(677,'10592','COMERCIAL CERRILLOS S.A.','AV.AMERICO VESPUCIO 2680','SANTIAGO','CL','dusan.kovacic@coce.cl','','84.264.900-5','','CERRILLOS',1,'2026-02-04 17:31:56','2026-02-04 17:31:56'),(678,'27509','SERVICIO ALUMINIO S.A.','URETA COX 1053','SANTIAGO','CL','','','96.877.740-8','','ALUMINIO ',0,'2026-02-04 17:31:56','2026-02-04 17:31:56'),(679,'19437','SOC.COM.CHIO Y ROSSE LTDA.','SANTA FILOMENA N561 RECOLETA','SANTIAGO','CL','','','76.328.470-0','','CHIO',0,'2026-02-04 17:31:56','2026-02-04 17:31:56'),(680,'30053','COMERCIAL SHENG LTDA','CHACABUCO 55.','SANTIAGO','CL','gerencia@interteam.cl','56-2-6816238','76.735.480-0','','COMERCIAL SHENG',1,'2026-02-04 17:31:56','2026-02-04 17:31:56'),(681,'3812','TEXTIL CIRCUTEX LTDA.','RECOLETA N786 RECOLETA','SANTIAGO','CL','','','79.794.230-8','','CIRCUTEX',0,'2026-02-04 17:31:56','2026-02-04 17:31:56'),(682,'20705','HALES HERMANOS Y CIA LTDA','CALICHE 971 RECOLETA','SANTIAGO','CL','','','83.535.000-2','','HALES HNOS',0,'2026-02-04 17:31:56','2026-02-04 17:31:56'),(683,'11199','LUIS ALBERTO RABANAL VILLEGAS','LOCAL 564 VEGA CENTRAL','SANTIAGO','CL','','','8.545.560-5','','LUIS RABANAL',0,'2026-02-04 17:31:56','2026-02-04 17:31:56'),(684,'681','CIA. MOLINERA SAN CRISTOBAL S.A.','EXPOSICION 1657 ESTACION CENTRAL','SANTIAGO','CL','','','90.060.000-3','','MOLINERA',0,'2026-02-04 17:31:56','2026-02-04 17:31:56'),(685,'17919','FIJACIONES PROCRET LTDA.','TIL TIL N1980 UOA','SANTIAGO','CL','','','77.553.050-2','','PROCRET',0,'2026-02-04 17:31:56','2026-02-04 17:31:56'),(686,'5986','TECBOLT S.A','RAMON FREIRE 5760 ESTACION CENTRAL','SANTIAGO','CL','','','96.565.870-K','','TECBOLT',0,'2026-02-04 17:31:56','2026-02-04 17:31:56'),(687,'11740','CUNADO INTERCONTINENTAL S.A.','C/JUAN DE LA FUENTE 334B, LAMPA','SANTIAGO','CL','','','96.713.640-9','','CUNADO ',0,'2026-02-04 17:31:56','2026-02-04 17:31:56'),(688,'39731','AUTOMOTRIZ AUTOCAR S.A.','COQUIMBO N 345 ','SANTIAGO','CL','h.urbina@indumotora.cl','','96.856.360-2','','AUTOCAR',1,'2026-02-04 17:31:56','2026-02-04 17:31:56'),(689,'46735','SOPROLE S.A.','AV.VITACURA N4465','SANTIAGO','CL','','','76.101.812-4','','SOPROLE',0,'2026-02-04 17:31:56','2026-02-04 17:31:56'),(690,'18729','EMP.CONT.MOLLER Y PEREZ COTA','LOS LEONES N957 PROVIDENCIA','SANTIAGO','CL','','','92.770.000-K','','MOLLER',0,'2026-02-04 17:31:56','2026-02-04 17:31:56'),(691,'45195','SPECIALIZED BICICLETAS CHILE LTDA','LOS CARRERA 1289 OF. 201 VITACURA ','SANTIAGO','CL','','','76.242.118-6','','SPECIALIZED',0,'2026-02-04 17:31:56','2026-02-04 17:31:56'),(692,'2071','IND.METALURGICA URSUS TROTTER S.A.','SAN PABLO 3770','SANTIAGO','CL','','','92.065.000-7','','URSUS',0,'2026-02-04 17:31:56','2026-02-04 17:31:56'),(693,'2422','LASTRADE HNOS. Y CIA LTDA.','IRARRAZABAL N1115 NUOA','SANTIAGO','CL','','','80.538.300-3','','LASTRADE',0,'2026-02-04 17:31:56','2026-02-04 17:31:56'),(694,'31884','SOC.COMERC.GRUPO YES CHILE SPA','BAYONA 25  BODEGA 09','COLINA ,SANTIAGO','CL','','','76.045.598-9','','GRUPO YES',0,'2026-02-04 17:31:56','2026-02-04 17:31:56'),(695,'1179','DISTRIBUIDORA ALAMEDA AMERICO VESPUCIO 1843','','SANTIAGO','CL','','5601500','94.340.000-8','PATRICIO CANESSA','DERCO',1,'2026-02-04 17:31:56','2026-02-04 17:31:56'),(696,'32130','COMERCIAL FESAL LTDA.','AMERICO VESPUCIO SU 1669 LAS CONDES','SANTIAGO','CL','','','76.146.880-4','','FESAL',0,'2026-02-04 17:31:56','2026-02-04 17:31:56'),(697,'20106','LOGWIN AIR + OCEAN CHILE S.A.','AV. APOQUINDO 301 PISO 11','SANTIAGO','CL','','','76.723.100-8','','LOGWIN ',0,'2026-02-04 17:31:56','2026-02-04 17:31:56'),(698,'832','COMERCIAL INTERADI LTDA.','AV. LAS CONDES 9792 OF.713','SANTIAGO','CL','','','77.687.700-K','','INTERADI',0,'2026-02-04 17:31:56','2026-02-04 17:31:56'),(699,'2163','INTCOMEX','AV.CORDILLERA 331 C-2 QUILICURA','SANTIAGO','CL','','3637100','96.705.940-4','MAURO BUTELMANN','INTCOMEX',1,'2026-02-04 17:31:56','2026-02-04 17:31:56'),(700,'9387','HUAWEI CHILE S.A.','HENDAYA N60 OF.1301 LAS CONDES','SANTIAGO','CL','','','99.535.120-K','','HUAWEI',0,'2026-02-04 17:31:56','2026-02-04 17:31:56'),(701,'2717','MOLYCOP CHILE S.A.','AV. GRAN BRATAA N 2075','TALCAHUANO','CL','cmelo@molycop.cl','41-440507','92.244.000-K','Cecilia Melo','MOLYCOP',1,'2026-02-04 17:31:56','2026-02-04 17:31:56'),(702,'3925','TUBOPACK S.A.','CORDILLERA 198 P.IND.VESP.QUILICURA','SANTIAGO','CL','patricio.aburto@stein.cl;compras@tubopack.cl','','96.585.650-1','','TUBOPACK',1,'2026-02-04 17:31:56','2026-02-04 17:31:56'),(703,'16216','CHILE CARGO LTDA.','SANTA LUCIA 110 OF.42','SANTIAGO','CL','raulsantana@telleria.cl','56 2 383 6315','76.673.230-5','RAUL SANTANO','CHILECARGO',1,'2026-02-04 17:31:56','2026-02-04 17:31:56'),(704,'34984','SOC. JORGE BUTTE E HIJOS Y CIA LTDA','FREIRE 605','OSORNO','CL','','','76.902.710-6','','BUTTE E HIJOS',0,'2026-02-04 17:31:56','2026-02-04 17:31:56'),(705,'37053','DAP DUCASSE DISENO LTDA.','AV.LIB.BDO. O\'HIGGINS 1460 OF.501','SANTIAGO','CL','csoto@ducasse.cl','','76.046.809-6','','DISENO',1,'2026-02-04 17:31:56','2026-02-04 17:31:56'),(706,'47131','JUEGOS ELECT SERGIO F.PEREZ L. EIRL','CARELMAPU # 2443, PEDRO AGUIRRE CERDA','SANTIAGO','CL','','89170753','76.339.945-1','','MAIFE SPA',1,'2026-02-04 17:31:56','2026-02-04 17:31:56'),(707,'42523','ALO VENTAS LTDA.','ED.FREI MONTALVA 9800 QUILICURA','SANTIAGO','CL','','','76.043.119-2','','VENTAS',0,'2026-02-04 17:31:56','2026-02-04 17:31:56'),(708,'859','SABIC POLYMERSHAPES CHILE S.A.','ROMAN SPECH 3205,QUINTA NORMAL','SANTIAGO','CL','','','96.823.070-0','','POLYMERSHAPES ',0,'2026-02-04 17:31:56','2026-02-04 17:31:56'),(709,'30707','FEGALUX S.A.','EXPOSICION 1258 ESTACION CENTRAL','SANTIAGO','CL','','','77.776.760-7','','FEGALUX',0,'2026-02-04 17:31:56','2026-02-04 17:31:56'),(710,'19896','CIA.NAC.DE TE.TELEFONICA DEL SUR SA','SAN CARLOS N107','VALDIVIA','CL','','','90.299.000-3','','TELEFONICA SUR',0,'2026-02-04 17:31:56','2026-02-04 17:31:56'),(711,'50730','COM. JUAN P. GUERRA AGUERO E.I.R.L','PHILIPS 451 OF.1408','SANTIAGO','CL','jpguerra@comercialclick.cl','2-28335989','76.299.984-6','','CLICK SPA ',1,'2026-02-04 17:31:56','2026-02-04 17:31:56'),(712,'11142','MISLE Y CIA LIMITADA','AV.VICUNA MACKENNA 2375','SANTIAGO','CL','rmisle58@hotmail.com','','77.694.130-1','','MISLE',1,'2026-02-04 17:31:56','2026-02-04 17:31:56'),(713,'48874','JARA MENDEZ LIMITADA','GERONIMO DE ALDERETE N 1311','SANTIAGO','CL','maite.ferrada@sherpass.com','25028574','76.089.757-4','','JARA',1,'2026-02-04 17:31:56','2026-02-04 17:31:56'),(714,'1100','CURTIEMBRE RUFINO MELERO S.A.','FERMIN VIVACETA N 1018 INDEPENDENCIA ','SANTIAGO','CL','','7376720','91.448.000-0','ANA MARIA VERGARA','RUFINO MER',1,'2026-02-04 17:31:56','2026-02-04 17:31:56'),(715,'2852','OMYA CHILE S.A.','SAN SEBASTIAN 2750 OF.203 LAS CONDES','SANTIAGO','CL','','073-328181','96.988.480-1','','OMYA',1,'2026-02-04 17:31:56','2026-02-04 17:31:56'),(716,'37','ACOSTA Y AGUAYO LTDA','ESCANILLA N 1412','SANTIAGO','CL','','','78.171.100-4','','AGUAYO',0,'2026-02-04 17:31:56','2026-02-04 17:31:56'),(717,'3942','UNISPAN CHILE S.A.','ELIODORO YAEZ 1761','SANTIAGO','CL','','','96.754.460-4','','UNISPAN',0,'2026-02-04 17:31:56','2026-02-04 17:31:56'),(718,'51539','COMERCIALIZADORA JJ MINERAL LTDA.','UNO ORIENTE 291 MANZANA H  TIL TIL','SANTIAGO','CL','','28462561','76.126.208-4','','JJ',1,'2026-02-04 17:31:56','2026-02-04 17:31:56'),(719,'52877','SOC MERCANTIL CASTILLA LTDA','MATUCANA N 709-711','SANTIAGO','CL','fabiolaangulo@vtr.net','2 26814015','78.835.520-3','','CASTILLA',1,'2026-02-04 17:31:56','2026-02-04 17:31:56'),(720,'38341','SOC.COM.E IMP. KUTHUMI LTDA.','HIPODROMO CHILE 1696','SANTIAGO','CL','','','76.115.863-5','','KUTHUMI',0,'2026-02-04 17:31:56','2026-02-04 17:31:56'),(721,'13117','SERVICIOS DE MANTENCION LTDA.','LOS CARRERAS N444 MELIPILLA','SANTIAGO','CL','','','78.910.400-K','','SERV MANTENCION',0,'2026-02-04 17:31:56','2026-02-04 17:31:56'),(722,'45328','MONARCH INDUSTRIAL S.A.','JOSE ANANIAS 530','MACUL SANTIAGO','CL','','','96.903.050-0','','MONARCH',0,'2026-02-04 17:31:56','2026-02-04 17:31:56'),(723,'19480','DERCOMAQ S.A.','AMERICO VESPUCIO 1838','SANTIAGO','CL','alexcaroca@derco.cl','562-560-1500','96.545.450-0','','DERCOMAQ',1,'2026-02-04 17:31:56','2026-02-04 17:31:56'),(724,'6255','ANTONIO CASTILLO S.A','AVDA. 10 DE JULIO No 850','SANTIAGO','CL','','','83.366.800-5','','ANTONIO CASTILL',0,'2026-02-04 17:31:56','2026-02-04 17:31:56'),(725,'39564','COMERCIAL HUANGDONG S.P.A.','GENERAL GOROSTIAGA 1027','SANTIAGO','CL','','','76.010.774-3','','HUANG',0,'2026-02-04 17:31:56','2026-02-04 17:31:56'),(726,'38655','COMERC.  RENTA GAME CHILE LTDA.','GRAN AVENIDA 8051 LA CISTERNAS','SANTIAGO','CL','','','76.164.601-K','','RENTA GAME ',0,'2026-02-04 17:31:56','2026-02-04 17:31:56'),(727,'1069','CRISTALERIAS DE CHILE S.A.','JOSE LUIS CARO N.501,','SANTIAGO','CL','jvargas@cristalchile.cl ','','90.331.000-6','','CRISTALERIAS DE',1,'2026-02-04 17:31:56','2026-02-04 17:31:56'),(728,'29313','BARRERA Y ALONSO LIMITADA','MANUEL RIVAS VICUA 145','SANTIAGO','CL','','','78.377.540-9','','SUR DEL MUNDO',0,'2026-02-04 17:31:56','2026-02-04 17:31:56'),(729,'1580','FRUTAS DE EXPORTACION S.A.','HERNANDO DE AGUIRRE 61.PROVIDENCIA','SANTIAGO','CL','','2338172','79.749.070-9','BARBARA VIVANCO','FRUTEXSA',1,'2026-02-04 17:31:56','2026-02-04 17:31:56'),(730,'2138','INGENIERIA DE PROTECCION S.A.','PORTUGAL N 1357.SANTIAGO','SANTIAGO','CL','','','89.722.200-0','','ING.PROTEC',0,'2026-02-04 17:31:56','2026-02-04 17:31:56'),(731,'21825','ZAMBON Y ZAMBON S.A.','AV.LO SIERRA N2726 SAN BERNARDO','SANTIAGO','CL','','','77.247.510-1','','ZAMBON',0,'2026-02-04 17:31:56','2026-02-04 17:31:56'),(732,'13864','ORAFTI CHILE S.A.','RUTA 5 SUR KM.445 FUNDO SAN PEDRO 3','PEMUCO','CL','','','77.894.990-3','','ORAFTI ',0,'2026-02-04 17:31:56','2026-02-04 17:31:56'),(733,'578','CARTONES SAN FERNANDO LTDA.','PANAMERICANA SUR KM.132','SAN FERNANDO','CL','','712484','96.551.150-4','','CONTENEDORES',1,'2026-02-04 17:31:56','2026-02-04 17:31:56'),(734,'40271','CORREAS Y SERVICIOS S.A.','JUAN DE LA FUENTE 455 LAMPA','SANTIAGO','CL','','','76.116.526-7','','CORREAS',0,'2026-02-04 17:31:56','2026-02-04 17:31:56'),(735,'876','EMPRESAS LA POLAR S.A.','AV.PDTE.EDUARDO FREI M.N 520.RENCA','SANTIAGO','CL','','','96.874.030-K','','LA POLAR',0,'2026-02-04 17:31:56','2026-02-04 17:31:56'),(736,'26776','DAN SYSTEMS S.A.','CARRETERA SAN MARTIN 16500 COLINA','SANTIAGO','CL','','','96.797.170-7','','DAN SYSTEMS SPA',0,'2026-02-04 17:31:56','2026-02-04 17:31:56'),(737,'32215','CONSTRUCTORA SU KSA S.A.','AV.ANDRES BELLO 2777 OF.604','SANTIAGO','CL','','','76.033.004-3','','SU KSA',0,'2026-02-04 17:31:56','2026-02-04 17:31:56'),(738,'3559','SOC.IMPORTADORA LATINA LTDA.','SALVADOR SAN FUENTES 2.470','SANTIAGO','CL','','6892175','78.417.700-9','CARLOS GUZMAN CONTRERAS','LATINA',1,'2026-02-04 17:31:56','2026-02-04 17:31:56'),(739,'37094','DIST.ENRIQUE MEZA BARRETO E.I.R.L','SANTO DOMINGO 843','SANTIAGO','CL','','','76.072.579-K','','ENRIQUE MEZA',0,'2026-02-04 17:31:56','2026-02-04 17:31:56'),(740,'770','COMERCIAL ATOQUIMICA SPA','EL ARROYO 815. VALLE GRANDE','SANTIAGO','CL','paula@atoquimica.cl','7286507','78.841.810-8','','ATOQUIMICA',1,'2026-02-04 17:31:56','2026-02-04 17:31:56'),(741,'1078','CRISTIAN VALDES BLANCO-ADHEGRAF','AV. CARRASCAL 4014 QUINTA NORMAL','SANTIAGO','CL','','','77.419.350-2','','CRISTIAN VALDES',0,'2026-02-04 17:31:56','2026-02-04 17:31:56'),(742,'38136','IMPORTADORA HAIS LTDA','AHUMADA 85 LOCAL 308','SANTIAGO','CL','cferrada@carpe.cl','0056-2-67261','76.102.756-5','','HAIS',1,'2026-02-04 17:31:56','2026-02-04 17:31:56'),(743,'19709','MANUF.CALZADOS MEDITERRANEO LT.','GABRIELA MISTRAL N5931','SANTIAGO','CL','','','79.553.100-9','','MACME LTDA. ',0,'2026-02-04 17:31:56','2026-02-04 17:31:56'),(744,'1542','METECNO S.A.','AV.NVA.LAS INDUSTRIAS 200.QUILICURA','SANTIAGO','CL','vnavarro@metecno.cl','','99.500.750-9','','METECNO S.A. ',1,'2026-02-04 17:31:56','2026-02-04 17:31:56'),(745,'2366','KOMATSU CHILE S A','AMERICO VESPUCIO 0631, QUILICURA','SANTIAGO','CL','milena.alday@kcl.cl','(56)2-8894050','96.843.130-7','MILENA ALDAY GODOY','KOMATSU',1,'2026-02-04 17:31:56','2026-02-04 17:31:56'),(746,'8852','BIOCLIN S.A','C EL ALZAR N 3779 P.IND,CURAUMA','VALPARAISO','CL','info@bioclinsa.cl ','32-2294328 ','96.910.280-3','RICARDO RIFFO ','BIOCLIN',1,'2026-02-04 17:31:56','2026-02-04 17:31:56'),(747,'22983','BAFCO AUSTRAL LTDA','VOLCAN LANIN N448 V.PARQUE IND LO BOZA','SANTIAGO','CL','','','76.470.320-0','','BAFCO',0,'2026-02-04 17:31:56','2026-02-04 17:31:56'),(748,'49302','PATAGON LOGISTICS SPA','ALONSO DE CORDOVA # 5870, OF. 1007.','SANTIAGO','CL','DNAVARRO@PATAGONLOGISTICS.CL','2 23075497','76.379.459-8','','SPARX LOGISTICS',1,'2026-02-04 17:31:56','2026-02-04 17:31:56'),(749,'721','CMPC TISSUE S.A.','AGUSTINAS N1343 PISO 6','SANTIAGO','CL','','3666279','96.529.310-8','MARCELO MARTINEZ','SOFTYS CHILE',1,'2026-02-04 17:31:56','2026-02-04 17:31:56'),(750,'9618','HENKEL CHILE LTDA','AV.LAGUNA SUR N9551','SANTIAGO','CL','','','78.803.490-3','','HENKELCHI',0,'2026-02-04 17:31:56','2026-02-04 17:31:56'),(751,'11684','BELMERIX S.A.','JORGE ALESSANDRI N10100 S.BER.','SANTIAGO','CL','','','76.478.810-9','','MER INFRAESTRUC',0,'2026-02-04 17:31:56','2026-02-04 17:31:56'),(752,'9120','PAPIRO S.A','PALACIO RIESCO 3819 B14','SANTIAGO','CL','','','96.956.180-8','','PAPIRO',0,'2026-02-04 17:31:56','2026-02-04 17:31:56'),(753,'16791','HELA ESPECIAS CHILE S.A.','VISTA HERMOSA 9791 ','SANTIAGO','CL','','','78.092.710-0','','HELA',0,'2026-02-04 17:31:56','2026-02-04 17:31:56'),(754,'34207','SOC. TECNOLOG. METAL MADERA S.A.','ALTAMIRANO 2503 P. 2 INDEPENDENCIA','SANTIAGO','CL','','','99.562.420-6','','METAL MADERA',0,'2026-02-04 17:31:56','2026-02-04 17:31:56'),(755,'17851','VIGAFLOW S.A.','ISIDORA GOYENECHEA N3621','SANTIAGO','CL','','','99.515.010-7','','VIGAFLOW',0,'2026-02-04 17:31:56','2026-02-04 17:31:56'),(756,'28042','RENDIC HNOS S.A.','AV. DEL VALLE 537 PISO 1 Y 2, HUECHURABA','SANTIAGO','CL','','','81.537.600-5','','RENDIC',0,'2026-02-04 17:31:56','2026-02-04 17:31:56'),(757,'2624','MARZULLO S.A.','AV.PDTE.EDUARDO FREI 3899','SANTIAGO','CL','cristianrodriguez@topcolor.com','','89.407.400-0','CHRISTIAN RODRIGUEZ','TOPCOLOR S.A. ',1,'2026-02-04 17:31:56','2026-02-04 17:31:56'),(758,'10588','IMP. EXP. UNIVERSO LTDA','COMPANIA 4270','SANTIAGO','CL','import@ieuniverso.com','+56995998152','79.665.280-2','','UNIVERSO',1,'2026-02-04 17:31:56','2026-02-04 17:31:56'),(759,'18041','COMERC.DE PRODUCTOS PANOR LTDA','UNO ORIENTE 841','VIA DEL MAR','CL','','','76.883.510-1','','PANOR',0,'2026-02-04 17:31:56','2026-02-04 17:31:56'),(760,'5864','IND.NAC.ROLLOS P/TELEC.ENGATEL S.A.','LOS YACIMIENTOS 1095 MAIPU','SANTIAGO','CL','agy@engatel.cl','4968000','84.273.400-2','','ENGATEL ',1,'2026-02-04 17:31:56','2026-02-04 17:31:56'),(761,'38044','COMERCIALIZADORA WEPLAY CHILE LTDA.','CANEVERAL 095, MODULO 20','QUILICURA - SANTIAGO','CL','','56 2 3765154','76.049.717-7','','WEPLAY',1,'2026-02-04 17:31:56','2026-02-04 17:31:56'),(762,'593','CONTITECH CHILE S.A.','CAMINO LO RUIZ N 4470  RENCA','SANTIAGO','CL','caucho_t@entelchile.net','7363000','83.070.800-6','PETER KLAUS','CONTITECH ',1,'2026-02-04 17:31:56','2026-02-04 17:31:56'),(763,'22615','TRANSVE S.A.','MARCHANT PEREIRA N3256 UOA','SANTIAGO','CL','','','96.802.280-6','','TRANSVE',0,'2026-02-04 17:31:56','2026-02-04 17:31:56'),(764,'3066','POINT CHILE S.A.','AV.PDTE.EDO.FREI N9950 OF.10','SANTIAGO','CL','','','79.621.060-5','','POINT',0,'2026-02-04 17:31:56','2026-02-04 17:31:56'),(765,'2041','I.DE ROLLOS TLX.Y P.ENG.ALPINA LTDA','BRIGADIER DE LA CRUZ 641.SAN MIGUEL','SANTIAGO','CL','','','88.027.500-3','','ROLLOS',0,'2026-02-04 17:31:56','2026-02-04 17:31:56'),(766,'5573','CONFECCIONES TOP LTDA','Avda. EINSTEIN Nro 885 RECOLETA ','SANTIAGO','CL','','','83.210.700-K','','TOP',0,'2026-02-04 17:31:56','2026-02-04 17:31:56'),(767,'2697','MEDICAL INTER.LABORATORIES CORP.S.A.','NUEVA ANDRES BELLO N1960','SANTIAGO','CL','inform@mintlab.cl','2 7352988','96.581.370-5','','MINTLAB',1,'2026-02-04 17:31:56','2026-02-04 17:31:56'),(768,'50618','IMPORTADORA HANDICRAFT GALLERIA LTDA','ANDES 2826   SANTIAGO','SANTIAGO','CL','mlourdes@handicraft.cl','85957542','76.434.638-6','MARIA DE LOURDES IZQUIERDO','IMPORTADORA HAN',1,'2026-02-04 17:31:56','2026-02-04 17:31:56'),(769,'26537','EXPORTADORA ANAKENA LTDA.','CALLE 6 ORIENTE PARCELA 164','PAINE','CL','','','78.185.710-6','','ANAKENA',0,'2026-02-04 17:31:56','2026-02-04 17:31:56'),(770,'46509','EMBALAJES INTERNAC. OSKUPACK SPA','CAMINO A LAJARILLA PARCELA 744','VIA DEL MAR','CL','','','76.188.974-5','','OSKUPACK',0,'2026-02-04 17:31:56','2026-02-04 17:31:56'),(771,'14062','EWOS CHILE ALIMENTOS LTDA.','PARQUE INDUSTRIAL ESCUADRON KM.20','CORONEL','CL','','','77.424.780-7','','EWOS',0,'2026-02-04 17:31:56','2026-02-04 17:31:56'),(772,'22618','FITALIA REPUESTOS LTDA.','AV.BRASIL N26','SANTIAGO','CL','','','84.726.100-5','','FITALIA',0,'2026-02-04 17:31:56','2026-02-04 17:31:56'),(773,'41429','LUIGUI LOTITO S.Y CIA.LTDA.','SANTA ROSA 676','SANTIAGO','CL','','','76.199.346-1','','LUIGUI',0,'2026-02-04 17:31:56','2026-02-04 17:31:56'),(774,'3118','PRODUCTO CHILENOS DE ACERO','PANAMERICANA NORTE KM.37','TIL TIL','CL','','','78.803.130-0','','MAGOTTEAUX ',0,'2026-02-04 17:31:56','2026-02-04 17:31:56'),(775,'6576','IMPORT Y EXPORT GUANGJIN LTDA','DOCTOR JOHOW 672 UOA','SANTIAGO','CL','jonathanmerino@benlatina.cl','562 28860551','77.756.950-3','GUSTAVO BLAS','GUANGJIN',1,'2026-02-04 17:31:56','2026-02-04 17:31:56'),(777,'10979','GEST.LOG.MAURICIO A.ROTTER K. EIRL','1 PONIENTE N 123,  OF.212','VIA DEL MAR','CL','','56 32 2694485','76.370.670-2','MAURICIO ROTTER K.','GEST.LOGISTICA',1,'2026-02-04 17:31:56','2026-02-04 17:31:56'),(778,'46808','COMERCIAL H2 LIMITADA','N.PROVIDENCIA 2212 LOCAL 112','SANTIAGO','CL','','','76.104.107-K','','COM H2 ',0,'2026-02-04 17:31:56','2026-02-04 17:31:56'),(779,'52508','JOSE PATRICIO ALARCON ORTEGA','DAVILA BAEZA N 994','SANTIAGO','CL','lewisfly@tom.com','','9.896.464-9','','JOSE ALARCON',1,'2026-02-04 17:31:56','2026-02-04 17:31:56'),(780,'15107','ALBORNOZ Y LAMA LTDA','DAVILA BAEZA 1009-B INDEPENDENCIA','SANTIAGO','CL','','','78.381.520-6','','ALBORNOZ',0,'2026-02-04 17:31:56','2026-02-04 17:31:56'),(781,'3192','QUIMICA PASSOL','CALLE LIMACHE 4225 ','VIA DEL MAR','CL','','','84.634.200-1','','PASSOL',0,'2026-02-04 17:31:56','2026-02-04 17:31:56'),(782,'42921','QUIMICA XETAM LIMITADA','SANTA ELENA 1119','SANTIAGO','CL','','','76.241.118-0','','XETAM',0,'2026-02-04 17:31:56','2026-02-04 17:31:56'),(783,'1145','DERCO S A','AV.AMERICO VESPUCIO No 1842','SANTIAGO','CL','francismancilla@mazda.cl','(56-2) 5601925','94.141.000-6','FRANCIA MANCILLA','DERCO',1,'2026-02-04 17:31:56','2026-02-04 17:31:56'),(784,'2493','M I L. MARKETING INTERNATIONAL LTDA.','AV.COLORADO 661 PARQUE INDUS. QUILICURA','SANTIAGO','CL','','02-9823263','79.756.920-8','','MIL',1,'2026-02-04 17:31:56','2026-02-04 17:31:56'),(785,'10037','SOUTH PACIFIC LOGISTICS S.A','BLANCO N 625, OFICINA 95','VALPARAISO','CL','','','96.914.620-7','','LOGISTICSA',0,'2026-02-04 17:31:56','2026-02-04 17:31:56'),(786,'9688','FCA.DE PLAST REIFSCHNEIDER Y CIA LTDA','AV AMERICO VESPUCION 2101','SANTIAGO','CL','','','83.484.700-0','','REIFOX ',0,'2026-02-04 17:31:56','2026-02-04 17:31:56'),(787,'28467','EMP.DE SERV.PARA MAQUINARIAS S.A.','GERMAN RIESCO N 3489','TALCAHUANO','CL','','41/2970573','99.501.790-3','','MAQUINARIAS',1,'2026-02-04 17:31:56','2026-02-04 17:31:56'),(788,'2926','PATAGONIAFRESH S.A','PARQUE INDUSTRIAL S/N ','SAN FERNANDO','CL','','','96.912.440-8','','PATAGONIAFRESH',0,'2026-02-04 17:31:56','2026-02-04 17:31:56'),(789,'3169','PROYECTA CORP S.A.','AV.DEL VALLE N945,OF.3611,HUECHURABA','SANTIAGO','CL','','7390740','96.816.720-0','VICTOR ALVAREZ','PROYECTA',1,'2026-02-04 17:31:56','2026-02-04 17:31:56'),(790,'26598','FROZEN SEA S.A.','TABANCURA 1515 OF.120 VITACURA ','SANTIAGO','CL','','','76.520.120-9','','FROZEN ',0,'2026-02-04 17:31:56','2026-02-04 17:31:56'),(791,'2505','TRANSWORLD IMPORT AND EXPORT LTDA.','CALLE NUEVA 1890','SANTIAGO','CL','mmanzano@transworld.cl','56-02-7604100','96.755.110-4','','POWER & TELCOM',1,'2026-02-04 17:31:56','2026-02-04 17:31:56'),(792,'24433','SOC.COM.Y AG.KESCO CHILE Y CIA.LT.','PANAMERICANA SUR N1288 BUIN','SANTIAGO','CL','','','76.004.689-2','','KESCO',0,'2026-02-04 17:31:56','2026-02-04 17:31:56'),(793,'2029','INCO ALIMENTOS S.A','MARTINEZ DE ROZAS # 3770','SANTIAGO','CL','','','95.548.000-7','','INCO',0,'2026-02-04 17:31:56','2026-02-04 17:31:56'),(794,'46489','RODOLFO ARMANDO HANCKES ARQUEROS','AV. GABRIELA MISTRAL N 2534, ','SANTIAGO','CL','','','10.658.534-2','','RODOLFO',0,'2026-02-04 17:31:56','2026-02-04 17:31:56'),(795,'5314','IND.NAC.DE P.Y P.METALURGICAS S.A.','CAMINO A MELIPILLA # 13460','SANTIAGO','CL','federico.cox@inppa.cl','','87.804.000-7','','METALURGICAS',1,'2026-02-04 17:31:56','2026-02-04 17:31:56'),(796,'15687','LUIS MARIN BLANCO Y CIA.LTDA.','LINARES N870 TIERRAS BLANCAS','COQUIMBO','CL','','','77.422.610-9','','MARIN',0,'2026-02-04 17:31:56','2026-02-04 17:31:56'),(797,'9017','EMPRESAS QUIMICAS CERQUIM S.A','AVDA.COIMBRA 116 PISO 2,LAS CONDES','SANTIAGO','CL','cjerez@pollmann.cl','','99.590.610-4','','CERQUIN',1,'2026-02-04 17:31:56','2026-02-04 17:31:56'),(798,'841','COMERCIAL KAUFMAN S.A.','AV. LOS PAJARITOSN N 5830','SANTIAGO','CL','','','96.572.360-9','','KAUFMANN',0,'2026-02-04 17:31:56','2026-02-04 17:31:56'),(799,'16658','EXPORTADORA AGROMAR LTDA.','PAPUDO N479','LOS ANDES','CL','','','76.663.650-0','','AGROMAR',0,'2026-02-04 17:31:56','2026-02-04 17:31:56'),(800,'44385','PROC. Y DESHIDRAT.COLCHAGUA S.A.','CAMINO PICHILEMU S/N','PALMILLA','CL','','','76.059.579-9','','COLCHAGUA',0,'2026-02-04 17:31:56','2026-02-04 17:31:56'),(801,'21599','ALCHEM PRODUCTOS QUIMICOS S.A.','LOS LEONES 2255 OF. 203 PROV.','SANTIAGO','CL','','','96.702.410-4','','ALCHEM',0,'2026-02-04 17:31:56','2026-02-04 17:31:56'),(802,'18275','JACOBO ALVAREZ Y COMPAIA LTDA.','S.CATALINA DE CHENA 1050 S.BERNARDO','SANTIAGO','CL','','8716510-11-12','79.692.960-K','','JACOBO',1,'2026-02-04 17:31:56','2026-02-04 17:31:56'),(803,'1768','IANSAGRO S.A.','ROSARIO NORTE N615 P.23 ','SANTIAGO','CL','FTOLEDOP@Iansa.cl','3615500','96.772.810-1','RENE ALARCON','IANSAGRO',1,'2026-02-04 17:31:56','2026-02-04 17:31:56'),(804,'2705','METSO CHILE S.A.','CAMINO INTERNACIONAL NO. 5725','VINA DEL MAR','CL','hugo.lopez@metso.com','32-2270805','93.077.000-0','','METSO OUTOTEC ',1,'2026-02-04 17:31:56','2026-02-04 17:31:56'),(805,'8368','SAN FRANCISCO LO GARCES LTDA','FUNDO SANTA MARGARITA S/N SAN FRANCISCO','SAN FRANCISCO DE MOSTAZAL','CL','','72-491021','79.599.730-K','CRISTIAN TAGLE','LOGARCES',1,'2026-02-04 17:31:56','2026-02-04 17:31:56'),(806,'38548','ENADHE CHEMICAL S.A.','VOLCAN LASCAR PON 839','SANTIAGO','CL','','','76.138.141-5','','REX',0,'2026-02-04 17:31:56','2026-02-04 17:31:56'),(807,'18476','GOOD FOOD S.A.','LAN ENCINAS N268','SANTIAGO','CL','','','96.665.460-0','','FOOD',0,'2026-02-04 17:31:56','2026-02-04 17:31:56'),(808,'1153','DETROIT CHILE S.A.','BARON DE JURAS REALES 5250','SANTIAGO','CL','detroit@detroit.cl','4408513','81.271.100-8','','DETROIT',1,'2026-02-04 17:31:56','2026-02-04 17:31:56'),(809,'5751','AUTOMA ELECTRONICA S.A','AV. PEDRO DE VALDIVIA No 1077','SANTIAGO','CL','','','78.143.850-2','','AUTOMA',0,'2026-02-04 17:31:57','2026-02-04 17:31:57'),(810,'12945','DIST.WALTER LUND Y CIA.LTDA.','LIRA N360','SANTIAGO','CL','','','86.310.700-8','','WALTER',0,'2026-02-04 17:31:57','2026-02-04 17:31:57'),(811,'26775','INVERSIONES MINOT CHILE LTDA.','AV.AMERICO VESPUCIO 2680 OF.25','SANTIAGO','CL','','','99.525.300-3','','MINOT ',0,'2026-02-04 17:31:57','2026-02-04 17:31:57'),(812,'4352','LUREYE GENERACION S.A.','AV.VICUA MACKENNA N1503 P.10.STGO','SANTIAGO','CL','','','93.141.000-8','','LUREYE',0,'2026-02-04 17:31:57','2026-02-04 17:31:57'),(813,'39558','WHCL CHILE AGENCIAMIENTOS DE CARGAS LTDA','APOQUINDO 6314 OF 301 LAS CONDES','SANTIAGO','CL','','22129228','76.163.742-8','','FRACHT CHILE',1,'2026-02-04 17:31:57','2026-02-04 17:31:57'),(814,'41355','DISTRIBUIDORA CASA LTDA.','PAUL HARRIS 980 LAS CONDES','SANTIAGO','CL','','','76.188.692-4','','CASA',0,'2026-02-04 17:31:57','2026-02-04 17:31:57'),(815,'2101','INDUSTRIAS DUROMARMOL S.A.','EL CONQUISTADOR DEL MONTE 4732','SANTIAGO','CL','','','79.996.090-7','CRISTIAN VALECIA','DUROMARMOL',0,'2026-02-04 17:31:57','2026-02-04 17:31:57'),(816,'8574','COMERCIALIZADORA DE PLASTICOS LTDA','PINTOR CICARELLI NO. 268, SAN JOAQUIN','SANTIAGO','CL','','','78.524.620-9','','COMEPLA',0,'2026-02-04 17:31:57','2026-02-04 17:31:57'),(817,'3448','SHERWIN WILLIAMS CHILE S.A.','AV.LA DIVISA N0689.SAN BERNARDO','SANTIAGO','CL','','8543000','96.803.460-K','VICTOR FERNANDEZ','SHERWIN',1,'2026-02-04 17:31:57','2026-02-04 17:31:57'),(818,'24822','RITRAMA S.A.','AV.TUPUNGATO 3420 PI.CURUAMA ','VALPARAISO','CL','','','76.970.400-0','','RITRAMA ',0,'2026-02-04 17:31:57','2026-02-04 17:31:57'),(819,'45418','GODOY Y MONTENEGRO SPA','CAMINO PUBLICO SAN PEDRO 9610','PUDAHUEL,SANTIAGO','CL','','','77.044.370-9','','GODOYMONTENEGRO',0,'2026-02-04 17:31:57','2026-02-04 17:31:57'),(820,'734','COEMBAL CHILE S.A','AV. LAS ESTERAS SUR 2591','SANTIAGO','CL','','6208000','96.590.620-7','JULIO LEIVA','COEMBAL CH',1,'2026-02-04 17:31:57','2026-02-04 17:31:57'),(821,'8377','FARMALATINA LTDA','LAS ENCINAS 1495 PARQUE IND.VALLE GRANDE','SANTIAGO','CL','','','79.728.570-6','','FARMALA',0,'2026-02-04 17:31:57','2026-02-04 17:31:57'),(822,'42891','REXEL CHILE S.A.','MORANDE 838','SANTIAGO.','CL','','','96.896.480-1','','ELECTRAFK S.A. ',0,'2026-02-04 17:31:57','2026-02-04 17:31:57'),(823,'2886','PACIFIC NUT COMPANY CHILE S.A.','CAM.NOS A LOS MORROS 1201.SAN BDO','SANTIAGO','CL','pacinut@entelchile.nut','8573064','96.629.050-1','MARISOL CABELLO','PACIFIC NUT COM',1,'2026-02-04 17:31:57','2026-02-04 17:31:57'),(824,'49761','IMPORTADORA SURDENT LIMITADA','RUTA 5 SUR KM4 LICANCO ','TEMUCO','CL','gerencia@surdent.cl','','86.316.500-8','','SURDENT',1,'2026-02-04 17:31:57','2026-02-04 17:31:57'),(825,'26797','PRODUCTOS AUTOADHESIVOS FIXO S.A.','ESPERANZA 89','SANTIAGO','CL','','','96.806.140-2','','FIXO',0,'2026-02-04 17:31:57','2026-02-04 17:31:57'),(826,'22865','SOC COMERCIAL YONGLI LTDA','MEIGGS 98 ','SANTIAGO','CL','','','76.045.410-9','','YONGLI',0,'2026-02-04 17:31:57','2026-02-04 17:31:57'),(827,'20031','LOGISTICA INTERNACIONAL S.A.','AV.NUEVA PROVIDENCIA 2155 OF 1503','SANTIAGO','CL','','','96.911.210-8','','INTERLOG',0,'2026-02-04 17:31:57','2026-02-04 17:31:57'),(828,'41675','SOC.COMERCIAL BEFOODS LIMITADA','BELLAVISTA 463 LOCAL 101','VALPARAISO','CL','','','77.648.180-7','','BEFOODS',0,'2026-02-04 17:31:57','2026-02-04 17:31:57'),(829,'5685','SINEA S.A.','PRESIDENTE JORGE ALESSANDRI 22451','SAN BERNARDO , SANTIAGO','CL','','562 756 2300','96.633.550-5','','SINEA',1,'2026-02-04 17:31:57','2026-02-04 17:31:57'),(830,'131','EMPRESAS LOURDES S.A','AV. SANTELICES # 2830','SANTIAGO','CL','daguilar@lourdes.cl','56-228192104','79.868.770-0','DANIELA AGUILAR','LOURDES',1,'2026-02-04 17:31:57','2026-02-04 17:31:57'),(831,'4403','CELULOSA ARAUCO Y CONSTITUCION S.A.','LOS CANELOS 71.SAN PEDRO DE LA PAZ','CONCEPCION','CL','oarriagada@arauco.cl','4617369','93.458.000-1','Osel Arriagada','ARAUCO CEL',1,'2026-02-04 17:31:57','2026-02-04 17:31:57'),(832,'27698','PLAST.REFORZ.EYE FIBERGLASS LTDA','DIEGO DE ALMAGRO 1835-A','SAN FELIPE','CL','','','76.017.546-3','','EYE FIBERGLASS',0,'2026-02-04 17:31:57','2026-02-04 17:31:57'),(833,'23667','ANSELMO GALVEZ COM.GALF ELEC.EIRL','TOCORNAL 1754','SANTIAGO','CL','galf@vtr.net','056-02-5559121','52.002.992-3','ANSELMO GALVEZ ','GALF',1,'2026-02-04 17:31:57','2026-02-04 17:31:57'),(834,'1567','COMERCIAL MAXAGRO S.A.','RUTA H-886 KM 2, EL TOCO','PICHIDEGUA','CL','pdinamarca@maxagro.cl','72-2975850','91.944.000-7','MARISOL MENA','MAXAGRO',1,'2026-02-04 17:31:57','2026-02-04 17:31:57'),(835,'20243','PONTI-FRUT EXPORTACIONES LTDA.','CARRET.DE LA FRUTA S/N LO ENCAADO','LINARES','CL','','','76.780.870-4','','PONTI-FRUT',0,'2026-02-04 17:31:57','2026-02-04 17:31:57'),(836,'587','CASO & CIA. S.A.C.','SANTA ELENA 594','VALAPARAISO','CL','caso_import@hotmail.com','376010','92.423.000-2','CRISTIAN SEPULVEDA','CASO',1,'2026-02-04 17:31:57','2026-02-04 17:31:57'),(837,'46058','PANTOS LOGISTICS CHILE SPA','AV.LOS CONQUISTADORES 1700 P.11 PROV','SANTIAGO','CL','','','76.265.705-8','','LX PANTOS CHILE',0,'2026-02-04 17:31:57','2026-02-04 17:31:57'),(838,'20309','IMP. Y EXP. DE CARTONES ROKA LTDA.','AMERICA 648 SAN MIGUEL','SANTIAGO','CL','','','77.315.670-0','','ROKA',0,'2026-02-04 17:31:57','2026-02-04 17:31:57'),(839,'3292','DSM NUTRITIONAL PRODUCTS CHILE S.A.','LOT.LOS CANTAROS RUTA 5 SUR KM1010','PUERTO VARAS','CL','maite.jerez@dsm.com','005487963215','96.959.470-6','ANDRES SEGOVIA','VITAMINAS',1,'2026-02-04 17:31:57','2026-02-04 17:31:57'),(840,'9051','GESTION DE EXPORTAC.FRUTICOLAS S.A','PANAMERICANA SUR 5018 KM.38','SANTIAGO','CL','','09-4364754','96.867.620-2','HOMERO ALFARO VEGA ','GESEX',1,'2026-02-04 17:31:57','2026-02-04 17:31:57'),(841,'11546','TEJIDOS TRANZATEX LT.','LOS TRES ANTONIOS N2435','SANTIAGO','CL','','','78.264.800-4','','TRANZATEX',0,'2026-02-04 17:31:57','2026-02-04 17:31:57'),(842,'2612','MARITIMA VALPARAISO-CHILE S.A.','ALMIRANTE GOMEZ CARREO 49','VALPARAISO','CL','','234124','96.591.730-6','LUIS SUBERCASEAUX','MARVAL',1,'2026-02-04 17:31:57','2026-02-04 17:31:57'),(843,'21485','ANODITE S.A.','URETA COX N1035 SAN MIGUEL','SANTIAGO','CL','','','81.408.300-4','','ANODITE',0,'2026-02-04 17:31:57','2026-02-04 17:31:57'),(844,'30950','CARNES AASA PORK LTDA.','LOS CONQUISTADORES 1700 PISO 18','SANTIAGO','CL','icaceres@aasa.cl','25895624','78.906.710-4','INGRID CACERES','CARNES AASA',1,'2026-02-04 17:31:57','2026-02-04 17:31:57'),(845,'5234','MANUEL OYARZO','CONDELL 1190 OF.93','VALPARAISO','CL','','','5.750.015-8','','OYARZO',0,'2026-02-04 17:31:57','2026-02-04 17:31:57'),(846,'40742','IMPORTADORA GABRIELA LIMITADA','SAZIE 2785 B','SANTIAGO','CL','','','76.191.009-4','','IMP GABRIELA',0,'2026-02-04 17:31:57','2026-02-04 17:31:57'),(847,'10905','DEANDES S.A.','CAUPOLICAN 9930 QUILICURA ','SANTIAGO','CL','','','79.845.670-9','','DEANDES',0,'2026-02-04 17:31:57','2026-02-04 17:31:57'),(848,'9444','MANUFACTURAS DE ALPARGATAS IBERIA LTDA','BULNES 779 SAN BERNARDO ','SANTIAGO','CL','','','85.518.800-7','','ALPARGATAS',0,'2026-02-04 17:31:57','2026-02-04 17:31:57'),(849,'39887','T C C  REFRIGERACION LIMITADA','PTO.SANTIAGO 188,PARQUE INDUSTRIAL','SANTIAGO','CL','','','77.068.230-4','','TCC ',0,'2026-02-04 17:31:57','2026-02-04 17:31:57'),(850,'38137','GOERLICH PHARMA CHILE LTDA','AV.PROVIDENCIA 2594 OF.501','PROVIDENCIA,SANTIAGO','CL','','','76.021.120-6','','GOERLICH',0,'2026-02-04 17:31:57','2026-02-04 17:31:57'),(851,'42673','SEUNG MOON LEE','MANZANO 248 RECOLETA','SANTIAGO','CL','','','14.698.254-9','','SEUNG',0,'2026-02-04 17:31:57','2026-02-04 17:31:57'),(852,'46390','SOC.COMERCIAL MIRADOR LTDA.','JUAN C. DIAZ VUCUA MACKENNA 975','OVALLE ','CL','','','78.818.720-3','','MIRADOR',0,'2026-02-04 17:31:57','2026-02-04 17:31:57'),(853,'20162','SOCOFAR S.A.','VICUA MACKENA 3550 MACUL','SANTIAGO','CL','','','91.575.000-1','','SOCOFAR',0,'2026-02-04 17:31:57','2026-02-04 17:31:57'),(854,'31046','DEPOSITOS PORTUARIOS LIRQUEN S.A.','','LIRQUEN','CL','','','96.871.870-3','','DP WORLD LOG',0,'2026-02-04 17:31:57','2026-02-04 17:31:57'),(855,'30748','PINTO GLAVICH ING.Y CONSTRUCCION SA','OJOS DEL SALADO 0801 QUILICURA','SANTIAGO','CL','','','78.110.590-2','','GLAVICH',0,'2026-02-04 17:31:57','2026-02-04 17:31:57'),(856,'8709','ENCRYPTA CHILE S.A','PUERTO MADERO 9691 PUDAHUEL','SANTIAGO','CL','','','96.935.050-5','','ENCRYPTA',0,'2026-02-04 17:31:57','2026-02-04 17:31:57'),(857,'210','ALFOMBRAS SAHARA LTDA.','DOMINGO ARTEAGA  N 509','SANTIAGO','CL','','2842520','86.581.500-K','JUAN FUENTES','SAHARA',1,'2026-02-04 17:31:57','2026-02-04 17:31:57'),(858,'28510','KRAH AMERCIA LATINA S.A.','CHORRILLO LOTE A6B,LOTEO IND.PERALILLO','LAMPA - SANTIAGO','CL','','','76.014.035-K','','KRAH',0,'2026-02-04 17:31:57','2026-02-04 17:31:57'),(859,'47946','PRODINSA S.A.','EL MILAGRO 455,MAIPU','SANTIAGO','CL','','','76.412.909-1','','PRODINSA',0,'2026-02-04 17:31:57','2026-02-04 17:31:57'),(860,'943','CCI S.A.','AV.JORGE HIRMAS N2679. RENCA','SANTIAGO','CL','info@ccindustrial.cl','56-02-6696980','77.506.270-3','','CCI',1,'2026-02-04 17:31:57','2026-02-04 17:31:57'),(861,'10120','AGROINDUSTRIAL Y COM SUPERFRUIT LTDA','SECTOR LA ISLA S/N,LOTE A,LO MIRANDA','DOIHUE,RANCAGUA.','CL','','','76.008.900-1','','SUPERFT',0,'2026-02-04 17:31:57','2026-02-04 17:31:57'),(862,'2335','JUSOCAR TEXTIL JUSOCAR LTDA.','CALLE MAIPU 9435','SANTIAGO','CL','','','79.771.410-0','','JUSOCAR',0,'2026-02-04 17:31:57','2026-02-04 17:31:57'),(863,'25815','FARET SOCIEDAD ANONIMA','DOMINGO ARTEAGA N 191 MACUL','SANTIAGO','CL','gramirez@faret.cl','','96.508.660-9','','FARET',1,'2026-02-04 17:31:57','2026-02-04 17:31:57'),(864,'3983','VALBIFRUT S.A.','FELIX DE AMESTI 124 P. 6 LAS CONDES','SANTIAGO','CL','','','79.988.520-4','','VALBRIFRUT',0,'2026-02-04 17:31:57','2026-02-04 17:31:57'),(865,'2787','NESTLE CHILE S.A.','AV.LAS CONDES 11287 LAS CONDES','SANTIAGO','CL','','3384621','90.703.000-8','FERNANDO RUIZ','NESTLE',1,'2026-02-04 17:31:57','2026-02-04 17:31:57'),(866,'2394','LABORATORIO CHILE S.A.','AV. MARATHON 1.315','SANTIAGO','CL','ingrid.ramos@laboratorioschile.cl ','3655188','77.596.940-7','ALFREDO ANDONIE','LAB CHILE',1,'2026-02-04 17:31:57','2026-02-04 17:31:57'),(867,'47555','AGRICOLA SEMINARIO LIMITADA','AV.KENNEDY 6690 OF. 301,LAS CONDES','SANTIAGO','CL','','','76.167.804-3','','SEMINARIO',0,'2026-02-04 17:31:57','2026-02-04 17:31:57'),(868,'20443','COORPORACION ZTE DE CHILE S.A.','ROSARIO NORTE 555 OF.1902 ED.NERUDA','LAS CONDES SANTIAGO','CL','','','99.566.810-6','','ZTE',0,'2026-02-04 17:31:57','2026-02-04 17:31:57'),(869,'39196','PACIFIC CHILE LOG. Y TRANSP. LTDA.','AV.VITACURA 2909 OF 703, LAS CONDES','SANTIAGO','CL','','','76.463.690-2','','PACIFIC CHILE L',0,'2026-02-04 17:31:57','2026-02-04 17:31:57'),(870,'41926','APIA S.A.','CORDILLERA N 241 QUILICURA','SANTIAGO','CL','','','99.537.890-6','','APIA',0,'2026-02-04 17:31:57','2026-02-04 17:31:57'),(871,'1191','DISTRIBUIDORA DE PAPELES INDUSTRIALES S.','SAN IGNACIO 131-QUILICURA','SANTIAGO','CL','distribuidora@dipisa.cl','7471000','93.558.000-5','JULIA NUEZ','PAPELES',1,'2026-02-04 17:31:57','2026-02-04 17:31:57'),(872,'19520','COMERCIAL INDUSTRIAL MARKET LTDA','LOPEZ N 518. INDEPENDENCIA','SANTIAGO','CL','','','77.021.940-K','','MARKET',0,'2026-02-04 17:31:57','2026-02-04 17:31:57'),(873,'4054','VIA CASAL DE GORCHS S.A.','VICUA MACKENNA  2289, SAN JOAQUIN','SANTIAGO','CL','','2470177','96.646.650-2','VICTOR SAGREDO','GORCHS',1,'2026-02-04 17:31:57','2026-02-04 17:31:57'),(874,'25842','EMPACADORA DE PASAS DE EXP.S.A.','HERNANDO DE AGUIRRE 61 OF.4-E PROV.','SANTIAGO','CL','','','96.770.170-K','','FRUTEXSA RAISIN',0,'2026-02-04 17:31:57','2026-02-04 17:31:57'),(875,'26810','COMERCIAL MICHEL NEIME LTDA','RESIDENCIAL 489 INDEPENDENCIA ','SANTIAGO','CL','','','52.003.312-2','','MICHEL NEIME',0,'2026-02-04 17:31:57','2026-02-04 17:31:57'),(876,'5714','SOC.INDUST. Y COM. ELITEX LTDA','UNION LATINOAMERICANA No 368','SANTIAGO','CL','','','78.114.240-9','','ELITEX',0,'2026-02-04 17:31:57','2026-02-04 17:31:57'),(877,'43022','PESQUERA FRISKO SEAFOODS LTDA.','TUCAPEL 1850 LA PINTANA','SANTIAGO','CL','','','76.223.161-1','','FRISKO',0,'2026-02-04 17:31:57','2026-02-04 17:31:57'),(878,'9557','COMERCIAL SOIMEX S.A.','SILVA VILDOSOLA 17072','SANTIAGO','CL','','','99.510.380-K','','IPACER S.A. ',0,'2026-02-04 17:31:57','2026-02-04 17:31:57'),(879,'3116','PRODALAM S.A.','ALBERTO PEPPER 1610 ','SANTIAGO','CL','smaureira@prodalam.cl','','93.772.000-9','','PRODALAM',1,'2026-02-04 17:31:57','2026-02-04 17:31:57'),(880,'33565','INSUMOS PARA LA MIN.E INDUSTR.LTDA.','LOS LEONES 2533 OF.502.PROVIDENCIA','SANTIAGO','CL','','56 2 2230419','77.051.320-0','','INPAMIND',1,'2026-02-04 17:31:57','2026-02-04 17:31:57'),(881,'52163','LOGISTICA INTERNACIONAL LTDA','CALLE NEW YORK 53, OFICINA 93','SANTIAGO','CL','','56 2 26967486','76.010.681-K','NELLY BUSTOS Q','LOGISTICA INTER',1,'2026-02-04 17:31:57','2026-02-04 17:31:57'),(882,'34669','COMERCIAL NEUMAQ LTDA.','CAMINO INTERIOR 2161 GALPON 7','SANTIAGO','CL','','','76.790.520-3','','MOVIMIENTO SPA ',0,'2026-02-04 17:31:57','2026-02-04 17:31:57'),(883,'11521','AGUA CLIMA S.A','AV. MEXICO 638','SANTIAGO','CL','','','99.582.760-3','','AGUA',0,'2026-02-04 17:31:57','2026-02-04 17:31:57'),(884,'2157','INNOVACIONES PRODUCTOS Y SERV. LTDA','PORTUGAL N 948','SANTIAGO','CL','','','77.075.450-K','','INNOVA',0,'2026-02-04 17:31:57','2026-02-04 17:31:57'),(885,'3081','POLYFIBRA S.A.','FIDEL OTEIZA 1921, PROVIDENCIA','SANTIAGO','CL','','','96.832.030-0','','POLYFRI',0,'2026-02-04 17:31:57','2026-02-04 17:31:57'),(886,'2136','ING. DE COMBUSTION BOSCA CHILE S.A.','AV. AMERICO VESPUCIO NORTE N2077','SANTIAGO','CL','','','79.610.100-8','','BOSCA',0,'2026-02-04 17:31:57','2026-02-04 17:31:57'),(887,'12191','TATE & LYLE CHILE COMERCIAL LTDA.','A.DEL PARQUE 4980 OF135,HUECHURABA','SANTIAGO','CL','','','76.303.040-7','','TATE',0,'2026-02-04 17:31:57','2026-02-04 17:31:57'),(888,'3815','TEXTIL INDUSTRIAL S.A.TEXTINSA','AV. DOMINGO SANTA MARIA 2.401','SANTIAGO','CL','','7377203','92.492.000-9','HERNAN AYALA OLIVA','TEXTINSA',1,'2026-02-04 17:31:57','2026-02-04 17:31:57'),(889,'30727','AUXILIAR CONSERVERA AMERICA S.A.','AV.GOLFO DE ARAUCO N3604','CORONEL','CL','','','76.709.630-5','','AUXILIAR CONS',0,'2026-02-04 17:31:57','2026-02-04 17:31:57'),(890,'3637','SOCIEDAD TEXTIL KIMBA LTDA.','COTAPOS N 1278','SANTIAGOO','CL','','7777893','78.168.360-4','ADOLFO MOMARES','KIMBA',1,'2026-02-04 17:31:57','2026-02-04 17:31:57'),(891,'19591','BERRIES CHILE  S.A.','SAN ANTONIO DE LAMAS KM.2.8','LINARES','CL','','','76.688.700-7','','BERRIES',0,'2026-02-04 17:31:57','2026-02-04 17:31:57'),(892,'52794','FRUTICOLA OLMUE SPA','CAMINO PARQUE LANTAO N 100','CHILLAN','CL','comex@olmue.com','','76.078.112-6','','FRUTICOLA OLMUE',1,'2026-02-04 17:31:57','2026-02-04 17:31:57'),(893,'35308','SOLMAX CHILE SPA','GENERAL VELASQUEZ 11001','SAN BERNARDO,SANTIAGO','CL','','','76.133.595-2','','V-MAX SPA',0,'2026-02-04 17:31:57','2026-02-04 17:31:57'),(894,'1213','POLIFUSION S.A.','CAMINO EL OTOO N375','SANTIAGO','CL','','','96.560.030-2','','POLIFUSION',0,'2026-02-04 17:31:57','2026-02-04 17:31:57'),(895,'6911','AIR LIQUIDE CHILE S.A','AV KENNEDY N 5454 VITACURA ','SANTIAGO','CL','','562 4657600','96.590.530-8','','LIQUIDE',1,'2026-02-04 17:31:57','2026-02-04 17:31:57'),(896,'9848','BULBOS DE LOS ANDES S.A','LO NARVAEZ 6949 F. OJOS BUENOS ','OLMUE','CL','','','96.621.100-8','','BULBOS',0,'2026-02-04 17:31:57','2026-02-04 17:31:57'),(897,'52116','SOC ENRIQUE HERRERA Y CIA LTDA','MILLAN 45','RANCAGUA','CL','CRISTIANR@GMAIL.COM','76220000','77.927.190-0','CRISTIAN RICHAR','ENRIQUE HERRERA',1,'2026-02-04 17:31:57','2026-02-04 17:31:57'),(898,'45988','MOTORES DE LOS ANDES S.A.','AV. GLADYS MARIN NRO. 6290','SANTIAGO','CL','','','76.005.909-9','','MOT LOS ANDES',0,'2026-02-04 17:31:57','2026-02-04 17:31:57'),(899,'21927','BASAURE IMPORT. COMERCIAL LTDA.','SAN ISIDRO N19 OF.1108','SANTIAGO','CL','','','76.064.030-1','','BASAURE',0,'2026-02-04 17:31:57','2026-02-04 17:31:57'),(900,'738','COLCHONES ROSEN S.A.I.C.','AV.RUDECINDO  ORTEGA N04500','TEMUCO','CL','roberto.arcis@rosen.cl','294700','93.129.000-2','ROBERTO ARCIS','ROSEN',1,'2026-02-04 17:31:57','2026-02-04 17:31:57'),(901,'47755','LOGISTICA Y TRANSPORTE AP LTDA.','FONTANA ROSA N 6731 OF.907 ','SANTIAGO','CL','paulina.olmo@aplogistics.cl','562 2341-4629','76.346.799-6','','AP LOGISTICA',1,'2026-02-04 17:31:57','2026-02-04 17:31:57'),(902,'9322','ASTILLEROS Y SERVICIOS NAVALES S.A','FIDEL OTEIZA 1956 PISO 13 ','SANTIAGO','CL','maximoyanez@asenav.cl','56-2-2741515','84.009.400-6','','ASTILLEROS',1,'2026-02-04 17:31:57','2026-02-04 17:31:57'),(903,'42001','WILKINZON OYARZUN CIA.LTDA.','AV.BORGOA 14580 LOCAL 64','VIA DEL MAR','CL','','','78.916.720-6','','WILKINZON',0,'2026-02-04 17:31:57','2026-02-04 17:31:57'),(904,'10992','DOM S.A.','AV. DUQUE DE KENT 0955,844-1132','SANTIAGO','CL','','','96.701.520-2','','DOM S.A.',0,'2026-02-04 17:31:57','2026-02-04 17:31:57'),(905,'22471','COMERCIAL GRAFICA MILLANTUE LTDA.','JULIET N 2194 INDEPENDENCIA','SANTIAGO','CL','','','86.654.600-2','','MILLANTUE',0,'2026-02-04 17:31:57','2026-02-04 17:31:57'),(906,'2474','LOUISIANA PACIFIC CHILE S.A.','P.IND.Y TEC.DE LA ARAUCANIA L.B S/N','LAUTARO','CL','','3783300','96.874.160-8','','LOUSIANA',1,'2026-02-04 17:31:57','2026-02-04 17:31:57'),(907,'33092','FABR.DE PLASTICOS ECO PLASTICS SPA','MOLINA LAVIN 1691','SANTIAGO','CL','ccastro@ecoplastics.cl','56-9-93183818','76.068.396-5','','ECO PLASTICS',1,'2026-02-04 17:31:57','2026-02-04 17:31:57'),(908,'17872','GUILLERMO BAECHLER S Y CIA LTDA','MONTALBAN 2445B PROVIDENCIA','SANTIAGO','CL','','','78.384.280-7','','BAECHLER',0,'2026-02-04 17:31:57','2026-02-04 17:31:57'),(909,'2904','PANIMEX QUIMICA LTDA.','AV. EDUARDO FREI MONTALVA 8.710','QUILICURA','CL','','','96.545.900-6','ALBERTO LIZANA','PANIMEX',0,'2026-02-04 17:31:57','2026-02-04 17:31:57'),(910,'12932','SERVICIO AGROPRECISION LTDA.','JOSE MANUEL INFANTE N1183','SANTIAGO','CL','','','77.600.040-K','','AGROPRECISION',0,'2026-02-04 17:31:57','2026-02-04 17:31:57'),(911,'10083','JORGE DE CAMINO Y COMPAIA LTDA','SANTA ANA 235','SANTIAGO','CL','','','79.682.480-8','','JORGE DE CAMINO',0,'2026-02-04 17:31:57','2026-02-04 17:31:57'),(912,'45333','MEDICIONES GEOLEC DE CHILE LTDA','CROACIA N 135','PUNTA ARENAS','CL','','5661 2226000','86.713.500-6','','GEOLEC',1,'2026-02-04 17:31:57','2026-02-04 17:31:57'),(913,'28021','TRANSFORMADORES CH S.A.','GUILLERMO MANN 1751','SANTIAGO','CL','','','96.943.670-1','','TRANSF. CH ',0,'2026-02-04 17:31:57','2026-02-04 17:31:57'),(914,'2045','RENO CHILE S.A.','LIMACHE N 3730','VINA DEL MAR','CL','sgodoy@reno.cl','56-32-2455210','80.485.300-6','','RENO',1,'2026-02-04 17:31:57','2026-02-04 17:31:57'),(915,'49095','RTA DESIGN CHILE SPA','FRANCISCO DE ASIS 150 OF. 725 SAN BERNAR','SANTIAGO','CL','cristian_sandoval@leschaco.cl','22731340','76.427.389-3','CRISTIAN SANDOVAL','TUHOME SPA',1,'2026-02-04 17:31:57','2026-02-04 17:31:57'),(916,'3197','IMPORTADORA Y DISTRIB. BLUMOS LTDA','EXPOSICION N 1316','SANTIAGO','CL','rpalomera@blumos.cl','6833904','82.705.900-5','RAUL PALOMERA','BLUMOS',1,'2026-02-04 17:31:57','2026-02-04 17:31:57'),(917,'41960','SOC COM HENRIQUEZ HERMANOS LTDA','SAN VICENTE 1651','SANTIAGO','CL','juanhenriquez@casadeltecle.cl','','77.273.090-K','','HENRIQUEZ',1,'2026-02-04 17:31:57','2026-02-04 17:31:57'),(918,'32251','QUIMICA ANDERS CHILE LTDA.','AV. AMERICO VESPUCIO 1385','QUILICURA','CL','','','76.079.066-4','','ANDERS',0,'2026-02-04 17:31:57','2026-02-04 17:31:57'),(919,'121','AGRICOLA SAN CLEMENTE LTDA.','AV.LOS CONQUISTADORES 1700 P.27','SANTIAGO','CL','','6249219','79.500.510-2','ANDREW WALLACE','CLEMENTE',1,'2026-02-04 17:31:57','2026-02-04 17:31:57'),(920,'16397','GR INGENERIA INDUSTRIAL S.A.','1 NORTE N3700 B-1','VIA DEL MAR','CL','','','77.317.080-0','','GR',0,'2026-02-04 17:31:57','2026-02-04 17:31:57'),(921,'42911','ENERSAFE CHILE SA','AV.PUERTA SUR 03340,SAN BERNARDO','SANTIAGO','CL','','','76.258.221-K','','ENERSAFE CHILE',0,'2026-02-04 17:31:57','2026-02-04 17:31:57'),(922,'2738','MUEHLSTEIN DE CHILE','AV. PROVIDENCIA 2653 OF. 1202','SANTIAGO','CL','','2326695','96.779.030-3','MARIA DE LA LUZ GALLINATO','MUEHLSTEIN',1,'2026-02-04 17:31:57','2026-02-04 17:31:57'),(923,'28725','ABINGRAF LTDA','JOSE DOMINGO CANAS 2088','SANTIAGO','CL','','','77.325.180-0','','ABINGRAF',0,'2026-02-04 17:31:57','2026-02-04 17:31:57'),(924,'53128','INDUSTRIAS KYPCO SPA','EL JUNCAL 101','QUILICURA','CL','','','76.753.280-6','','KYPCO',0,'2026-02-04 17:31:57','2026-02-04 17:31:57'),(925,'10719','IMPORT Y EXPORT COMEX LTDA','LOS COIHUES 701 MODULO 1 QUILICURA','SANTIAGO','CL','','','79.744.220-8','','COMEX LTDA',0,'2026-02-04 17:31:57','2026-02-04 17:31:57'),(926,'32641','SOPROCAL CALERIAS E INDUSTRIAS S.A','AV.PEDRO DE VALDIVIA 193 OF. 31','SANTIAGO','CL','','','92.108.000-K','','SOPROCAL',0,'2026-02-04 17:31:57','2026-02-04 17:31:57'),(927,'45659','COM. IMP.Y EXPORT. QUALITY PRO LTDA','CAMINO MELIPILLA KM.31 S/N,PEAFLOR','SANTIAGO','CL','','562 - 28144705','76.133.396-8','','QUALITY PRO SPA',1,'2026-02-04 17:31:57','2026-02-04 17:31:57'),(928,'2399','LABORATORIO SANDERSON S.A.','CARLOS FERNANDEZ N244.SAN JOAQUIN','SANTIAGO','CL','','5561068','91.546.000-3','','SANDERSON',1,'2026-02-04 17:31:57','2026-02-04 17:31:57'),(929,'3803','TETRA PAK DE CHILE COMERCIAL LTDA.','APOQUINDO 5400 PISO 4','SANTIAGO','CL','','2031234','85.749.900-K','PAULA SALVADOR','TETRAPAK',1,'2026-02-04 17:31:57','2026-02-04 17:31:57'),(930,'18000','ARTECOLA CHILE S.A.','MANUEL ANTONIO MATTA 1771 QUILIC.','SANTIAGO','CL','','','77.497.650-7','','ARTECOLA',0,'2026-02-04 17:31:57','2026-02-04 17:31:57'),(931,'21378','QUIMICA Y ADHESIVOS PATEL LTDA','PUERTO VESPUCIO 9695 PUDAHUEL','SANTIAGO','CL','','','76.013.880-0','','PATEL',0,'2026-02-04 17:31:57','2026-02-04 17:31:57'),(932,'335','ARTEL S.A.I.C.','AV FREI MONTALVA N 9700','SANTIAGO','CL','','3901500','92.642.000-3','OSVALDO MATZNER THOMSEN','ARTEL',1,'2026-02-04 17:31:57','2026-02-04 17:31:57'),(933,'11513','PERSONAL COMPUTER FACTORY LT.','ELEODORO YAEZ N1184 PROV.','SANTIAGO','CL','','','78.885.550-8','','FACTORY',0,'2026-02-04 17:31:57','2026-02-04 17:31:57'),(934,'36127','IMP.Y EXP.DACHANG ESTANT.CHILE LTD','AV.L.BDO.OHIGGINS 2602','SANTIAGO','CL','','','76.043.066-8','','DACHANG',0,'2026-02-04 17:31:57','2026-02-04 17:31:57'),(935,'1490','FERRETERIA LAS DOS ESTRELLAS S.A.','SANTA ROSA N2001','SANTIAGO','CL','','','93.631.000-1','','DOS ESTREL',0,'2026-02-04 17:31:57','2026-02-04 17:31:57'),(936,'1440','SERV.DE EXP.FRUTICOLAS EXCER LTDA.','DEL INCA N 4446 PISO 12 LAS CONDES ','SANTIAGO','CL','','','78.036.610-9','','EXSER',0,'2026-02-04 17:31:57','2026-02-04 17:31:57'),(937,'46675','PROD. Y SERV. DE INGENERIA LTDA','AV LOS LEONES N2255 OF 201','PROVIDENCIA','CL','','','77.126.060-8','','INGENERIA',0,'2026-02-04 17:31:57','2026-02-04 17:31:57'),(938,'48764','LORENZO JIMENEZ SALAZAR COMERC.EIRL','SAN ANTONIO 378 OF.808 SANTIAGO','SANTIAGO','CL','manuel_a_cacho@hotmail.com','02-26294324','76.879.090-6','VICTORIA READI','PROVOTEL SPA',1,'2026-02-04 17:31:57','2026-02-04 17:31:57'),(939,'5468','CO.Y TR.MARIT.UNITED LOG.SERV.LTDA','PRAT 827, OF 1004','VALPARAISO','CL','','','76.039.100-K','','ULS',0,'2026-02-04 17:31:57','2026-02-04 17:31:57'),(940,'30473','SOC. DISTRIBUIDORA DE ALUMINIIO S.A.','AV. MARATON 3605','MACUL','CL','','','96.537.940-1','','ALUMINIO',0,'2026-02-04 17:31:57','2026-02-04 17:31:57'),(941,'49778','CLARK INGENIERIA Y DESARROLLO S.A','AV.CHENA 11850','SANTIAGO','CL','sergio.camilo.c@usach.cl','2-3668100','96.632.440-6','SERGIO CAMILO','PULLEY & IDLER',1,'2026-02-04 17:31:57','2026-02-04 17:31:57'),(942,'2097','IND.DE ALIMENTOS DOS EN UNO S.A.','PLACER N 1324','SANTIAGO','CL','','5505415','84.476.300-K','Jaime Meneses','DOS EN UNO',1,'2026-02-04 17:31:57','2026-02-04 17:31:57'),(943,'9449','IMPORTADORA AUTOTEC S.A','LAS ESTERAS NORTE 2541','SANTIAGO','CL','jcastillo@automarco.com','2-8734113','96.540.460-0','','AUTOTEC',1,'2026-02-04 17:31:57','2026-02-04 17:31:57'),(944,'12848','INSUMOS Y SERV.INDUST.MAGEVA LTDA','MALAGA N 115 OF. 809. LAS CONDES','SANTIAGO','CL','','','77.602.970-K','','MAGEVA',0,'2026-02-04 17:31:57','2026-02-04 17:31:57'),(945,'35931','EBT S.A.','SANTA MARIA N 2450 , PROVIDENCIA','SANTIAGO','CL','gregory.tyszka@hobbymarket.cl','','76.105.493-7','','EBT',1,'2026-02-04 17:31:57','2026-02-04 17:31:57'),(946,'22832','IND.QUIMICA SOLEX CHILENA LIMITADA','HUERFANOS 1117 OF.810','SANTIAGO','CL','','','82.146.400-5','','QUIMICA SOLEX',0,'2026-02-04 17:31:57','2026-02-04 17:31:57'),(947,'1164','DIST. DE MATERIALES DE FIJACION S.A.','AV. SANTA ROSA 4574 SAN JOAQUIN','SANTIAGO','CL','','','78.370.100-6','','DIMAFI',0,'2026-02-04 17:31:57','2026-02-04 17:31:57'),(948,'41133','FRIGO.VICTOR MANCILLA Y CIA LTDA','CALLE PHILLIPI 195','VALPARAISO','CL','','','77.570.670-8','','VICTOR MANCILLA',0,'2026-02-04 17:31:57','2026-02-04 17:31:57'),(949,'27328','TUB. Y COMP. MINEROS TUBOMIN S.A.','LOS ARRAYANES 450','COLINA','CL','','','77.265.980-6','','TUBOMIN',0,'2026-02-04 17:31:57','2026-02-04 17:31:57'),(950,'32767','ALIMENTOS CORDILLERA LTDA','LOS NOGALES ORIENTE 228 VALLE GRANDE','LAMPA','CL','','','77.278.060-5','','DAILY FOODS S.A',0,'2026-02-04 17:31:57','2026-02-04 17:31:57'),(951,'46946','ABBUA FLORES SPA','AV.PTE.FREI MONTALVA 1615 L.68','SANTIAGO','CL','','','76.243.911-5','','ABBUA',0,'2026-02-04 17:31:57','2026-02-04 17:31:57'),(952,'45840','EXPORT. BEST BERRY CHILE S.A','FUNDO ALASKA S/N SECTOR CHACAYAL SUR','','CL','','','76.337.507-2','','BEST BERRY',0,'2026-02-04 17:31:57','2026-02-04 17:31:57'),(953,'29372','SOCIEDAD IMPORTADORA AVALANCHA LTDA','SAN ALFONSO 242 LOCAL 7-8 ','SANTIAGO','CL','','','76.066.024-8','','AVALANCHA ',0,'2026-02-04 17:31:57','2026-02-04 17:31:57'),(954,'2118','INDUSTRIAS REUNIDAS ANDES S.A.C.I.','AVDA.LOS CERRILLOS 564','SANTIAGO','CL','','02-6324608','92.124.000-7','','REUNIDAS',1,'2026-02-04 17:31:57','2026-02-04 17:31:57'),(955,'44889','FERRETERIA INDUSTRIAL S.A.','ZENTENO 1289','SANTIAGO','CL','','','99.552.660-3','','FERRETIND',0,'2026-02-04 17:31:57','2026-02-04 17:31:57'),(956,'51908','CRISTINA YANET AGUIRRE GOMEZ','VICUNA MACKENA 079','CHILE','CL','EDUARTELALO@VTR.NET','56 53 2634852','14.446.179-7','','AGUIRRE',1,'2026-02-04 17:31:57','2026-02-04 17:31:57'),(957,'1741','HILADOS Y TEJIDOS GARIB S.A.','RODRIGO DE ARAYA N951.MACUL','SANTIAGO','CL','','2384007','92.198.000-0','MANUEL BALMACEDA','GARIB',1,'2026-02-04 17:31:57','2026-02-04 17:31:57'),(958,'30302','IMPO CHUNHUA WANG E.I.R.L.','SALVADOR SAN FUENTES 2659','SANTIAGO','CL','','','76.772.640-6','','CHUNHUA',0,'2026-02-04 17:31:57','2026-02-04 17:31:57'),(959,'22264','IMP.SANTA TERESITA TRADER LTDA.','DOMINICA N548 RECOLETA','SANTIAGO','CL','','','76.005.448-8','','SANTA TERESITA',0,'2026-02-04 17:31:57','2026-02-04 17:31:57'),(960,'12268','VILLALBA S.A.','ARTURO PRAT #1524','SANTIAGO','CL','jcarrillo@villalba.cl','4122600','81.105.000-8','','VILLALBA ',1,'2026-02-04 17:31:57','2026-02-04 17:31:57'),(961,'40021','SOC.COMER.MANCINO Y COLEMAN LTDA','6 ORIENTE 1138 ','VIA DEL MAR','CL','','','78.248.640-3','','MANCINI',0,'2026-02-04 17:31:57','2026-02-04 17:31:57'),(962,'3179','QUIMATIC S.A','EL ROSAL 4578 ','SANTIAGO','CL','stapia@quimatic.cl','56 2 2675 6437','81.846.100-3','','QUIMATIC',1,'2026-02-04 17:31:57','2026-02-04 17:31:57'),(963,'19718','IMPORT.Y EXPORT.PREMIER ACE LTDA','SALVADOR SAN FUENTES 2747','SANTIAGO','CL','','','78.759.880-3','','PREMIER',0,'2026-02-04 17:31:57','2026-02-04 17:31:57'),(964,'1897','IMPORTADORA CAFE DO BRASIL S.A.','CAMINO INTERIOR N 9401.QUILICURA','SANTIAGO','CL','jtoledo@icb.cl','2 6241910','93.178.000-K','','CAFE DO BRASIL',1,'2026-02-04 17:31:57','2026-02-04 17:31:57'),(965,'431','BASF CONSTRUCTION CHEMICALS LTDA.','RIO PALENA N9665 ENEA PUDAHUEL','SANTIAGO','CL','','','96.899.010-1','','SIKA MBCC CHILE',0,'2026-02-04 17:31:57','2026-02-04 17:31:57'),(966,'20566','MINERA ESPERANZA','VITACURA 2670 PISO 6 LAS CONDES','SANTIAGO','CL','','','76.727.040-2','','CENTINELA',0,'2026-02-04 17:31:57','2026-02-04 17:31:57'),(967,'3810','TEXTIL CASSIS S.A.','JOSE PEDRO ALESSANDRI 1880 NUOA','SANTIAGO','CL','','','93.149.000-1','','CASSIS',0,'2026-02-04 17:31:57','2026-02-04 17:31:57'),(968,'6299','HUBER CHILE S.A','CERRO SAN LUIS N9980.QUILICURA','SANTIAGO','CL','','','96.953.770-2','','HUBEN',0,'2026-02-04 17:31:57','2026-02-04 17:31:57'),(969,'4401','COMEX S.A.','OBISPO M.UMANA S. 1527, ESTACION CENTRAL','SANTIAGO','CL','','','91.837.000-5','','COMEX',0,'2026-02-04 17:31:57','2026-02-04 17:31:57'),(970,'714','CLOROX CHILE S.A.','AV.AMERICO VESPUCIO 0701','SANTIAGO','CL','comex.chile@clorox.com','7306367','96.681.470-5','FRANCISCO PEREZ','CLOROX',1,'2026-02-04 17:31:57','2026-02-04 17:31:57'),(971,'52418','CAMPOS CANALES AUSTRALES LTDA','AV. CENTRAL 180, PLACILLA','VALPARAISO','CL','camposcanales@gmail.com','2298580','76.004.437-7','FREDY SOTO SOTOMAYOR','CAMPOS CANALES',1,'2026-02-04 17:31:58','2026-02-04 17:31:58'),(972,'39681','B Y B FARMACEUTICA LTDA.','PARINACOTA 381 GAL 15, QUILICURA','SANTIAGO','CL','','','77.787.390-3','','B Y B',0,'2026-02-04 17:31:58','2026-02-04 17:31:58'),(973,'1389','EXCAVACIONES Y PROYECTOS DE CHILE S.A.','EL ROBLE 615 L.','SANTIAGO','CL','','','96.773.060-2','','EXCA. Y PROYECT',0,'2026-02-04 17:31:58','2026-02-04 17:31:58'),(974,'37307','SOC DE INVERSIONES DJ LIMITADA','CALLE NUEVA 1661 TORRE  C','HUECHURABA,SANTIAGO','CL','','','76.273.030-8','','DJ ',0,'2026-02-04 17:31:58','2026-02-04 17:31:58'),(975,'50589','INVERSIONES DA HUA LIMITADA','CHACABUCO 40','SANTIAGO','CL','ylg321@hotmail.com','226950540','76.432.531-1','MANUEL MUOZ','DA HUA',1,'2026-02-04 17:31:58','2026-02-04 17:31:58'),(976,'38513','COM.TEXTIL TENNENBAUM & CIA.LTDA.','PICARTE 376 P.2, ','SANTIAGO','CL','dennpb@gmail.com','2330600','76.169.653-K','','TENNENBAUM',1,'2026-02-04 17:31:58','2026-02-04 17:31:58'),(977,'3563','SOC.INDUSTRIAL ROMERAL S.A.','AVDA.SANTA ROSA 1710 P.ALTO-STGO','SANTIAGO','CL','','','86.113.000-2','','ROMERAL',0,'2026-02-04 17:31:58','2026-02-04 17:31:58'),(978,'358','INTERLINE','G.DEL CANTO 105.OF.210.PROVIDENCIA','SANTIAGO','CL','import@international-line.cl','','77.777.060-8','','INTERLINE',1,'2026-02-04 17:31:58','2026-02-04 17:31:58'),(979,'6544','DAVIS GRAFHICS S.A','AV LOS PAJARITOS 6588','SANTIAGO','CL','','','81.081.200-1','','GRAFHICS',0,'2026-02-04 17:31:58','2026-02-04 17:31:58'),(980,'1477','FASTPACK S.A.','LA ESTERA N 633','SANTIAGO','CL','','7385040','78.295.070-3','','FASTPACK S.A.',1,'2026-02-04 17:31:58','2026-02-04 17:31:58'),(981,'5238','DUCASSE INDUSTRIAL S.A','AV.NUEVA LA INDUSTRIA 201QUILICURA','SANTIAGO','CL','','','83.279.200-4','','DUCASSE',0,'2026-02-04 17:31:58','2026-02-04 17:31:58'),(982,'5967','AGRICOLA SUPER LIMITADA','CAM.LA ESTRELLA 401.PUNTA DE CORTES','RANCAGUA','CL','','','88.680.500-4','','AGRICOLA SUPER ',0,'2026-02-04 17:31:58','2026-02-04 17:31:58'),(983,'5197','AGROSYSTEMS S.A','GRAL.SAN MARTIN 16500 COLINA','SANTIAGO','CL','','','96.653.350-1','','AGROSYSTEMS ',0,'2026-02-04 17:31:58','2026-02-04 17:31:58'),(984,'47958','EXPERTO BAGS S.A.','PDTE.RIESCO 5157, LAS CONDES','SANTIAGO','CL','','82486062','76.232.027-4','','EXPERTO BAGS',1,'2026-02-04 17:31:58','2026-02-04 17:31:58'),(985,'12550','SOC MADERAS BRAVO LTDA','LONG.SUR KM.236, SAN RAFAEL','TALCA','CL','','','79.925.870-6','','BRAVO',0,'2026-02-04 17:31:58','2026-02-04 17:31:58'),(986,'40727','COM. Y PROD. DE INSUMOS ECOFOS LTD','AV. VITACURA 2939','LAS CONDES,SANTIAGO','CL','','','76.621.200-K','','ECOFOS',0,'2026-02-04 17:31:58','2026-02-04 17:31:58'),(987,'39167','PLASTICOS HOMS LTDA.','DOMINICA 382','SANTIAGO','CL','','','77.931.120-1','','HOMS',0,'2026-02-04 17:31:58','2026-02-04 17:31:58'),(989,'4701','LIZCAL S.A.','SANTA ROSA 3660, SAN JOAQUIN','SANTIAGO','CL','','(56-2) 518 65 01 ','78.740.780-3','','LIZCAL S.A',1,'2026-02-04 17:31:58','2026-02-04 17:31:58'),(990,'2081','KIMBERLY-CLARK CHILE S.A.','AV.DEL VALLE 732','SANTIAGO','CL','pablo.darrigrandi@kcc.com','2 23944983','96.888.460-3','PABLO DARRIGRANDI','KIMBERLY ',1,'2026-02-04 17:31:58','2026-02-04 17:31:58'),(991,'2010','IMPORT.Y EXPORT.RHOINTER CHILE LTDA','AMERICO VESPUCIO 2880 OF.502-503','SANTIAGO','CL','importaciones@rhointer.cl','6034635','79.887.310-5','PABLO VIADERO','RHOINTER',1,'2026-02-04 17:31:58','2026-02-04 17:31:58'),(992,'1583','ONIZZO EXPORTACIONES LTDA.','AVDA. ANDRES BELLO N 1251 OF.902','SANTIAGO','CL','','56-2-236 2676','77.629.050-5','JUANITA PEALOZA','ONIZZO',1,'2026-02-04 17:31:58','2026-02-04 17:31:58'),(993,'8985','INDUSTRIAS VANNI S.A','CAMINO LA VARA 03800','SANTIAGO','CL','hasa@vanni.cl','56-2-228921000','96.797.770-5','','INDUVANNI',1,'2026-02-04 17:31:58','2026-02-04 17:31:58'),(994,'4339','AIYI ZHOU Y CIA LTDA','AVDA.VALPARAISO 595 DEPT.51','VIA DEL MAR','CL','','','78.542.840-4','','AIYICHOU',0,'2026-02-04 17:31:58','2026-02-04 17:31:58'),(995,'7143','DISTR DE PROD INDUS Y COMER DEL SUR LTDA','LOS COIGUES 701  MOD.6 PQUE.IND.AEROPUER','TEMUCO','CL','','','77.473.370-1','','DIPROSUR',0,'2026-02-04 17:31:58','2026-02-04 17:31:58'),(996,'3881','TRANSFORMADORES TUSAN S.A.','AV.GLADIZ MARIN 6030.EST.CENTRAL','SANTIAGO','CL','','7797636','86.386.700-2','GONZALO RAMIREZ','TUSAN',1,'2026-02-04 17:31:58','2026-02-04 17:31:58'),(997,'1158','DIAZOL DE CHILE LTDA.','PRESIDENTE ERRAZURIZ 2939','SANTIAGO','CL','comex@diazol.cl','6811642','88.947.800-4','JUAN OTEIZA','DIAZOL',1,'2026-02-04 17:31:58','2026-02-04 17:31:58'),(998,'2568','MANUF.METALUR RHEEM CHILENA LTDA','CAMINO A MELIPILLA N10340 ','SANTIAGO','CL','','4408000','91.881.000-5','JORGE ANDRADE','RHEEM',1,'2026-02-04 17:31:58','2026-02-04 17:31:58'),(999,'50729','SOC.COMECIAL MARBEN PETS LTDA','BAQUEDANO 530','VILLA ALEMANA','CL','mriegelp@marbenpets.cl','72115569','76.100.687-8','MARTIN RIEGEL P','MARBEN',1,'2026-02-04 17:31:58','2026-02-04 17:31:58'),(1000,'29152','COMERCIAL E INDUSTRIAL DI TREVI LTDA','CUEVAS 1366','SANTIAGO','CL','','','88.347.700-6','','DI TREVI',0,'2026-02-04 17:31:58','2026-02-04 17:31:58'),(1001,'30962','RAVAGO CHILENA COM.DE RESINAS LTDA','JOSE LUIS ARANEDA 253 OF 201','SANTIAGO','CL','','','76.552.590-K','','ENTEC CHILENA',0,'2026-02-04 17:31:58','2026-02-04 17:31:58'),(1002,'10388','INDUSTRIAL NEUCHATEL LTDA.','CAMINO INTERNACIONAL 1421 REACA ALTO','VIA DEL MAR','CL','','','77.706.890-3','','NEUCHATEL',0,'2026-02-04 17:31:58','2026-02-04 17:31:58'),(1003,'4390','SENATOR INTERNATIONAL CHILE S.A.','MAGDALENA 140 OF. 502. LAS CONDES','SANTIAGO','CL','aalvarez@senatorchile.cl','56-2 3660584','78.490.870-4','','ONBOARD',1,'2026-02-04 17:31:58','2026-02-04 17:31:58'),(1004,'2298','COMERCIAL J.DEVOTO LIMITADA','DECIMA AVENIDA #1740, PLACILLA','VALPARAISO','CL','cjerez@jdevoto.cl','32 3315100','84.915.400-1','JOSE DEVOTO','DEVOTO',1,'2026-02-04 17:31:58','2026-02-04 17:31:58'),(1005,'2742','MULTICOLOR LTDA','ISIDORA GOYENECHEA 3250','SANTIAGO','CL','','6405680','84.057.000-2','','MULTICOLOR',1,'2026-02-04 17:31:58','2026-02-04 17:31:58'),(1006,'43943','IMPORT. Y COMERC. NANDA LIMITADA','EUSEBIO LILLO N 333 RECOLETA','SANTIAGO','CL','','562 7370075','77.898.100-9','','NANDA',1,'2026-02-04 17:31:58','2026-02-04 17:31:58'),(1007,'6298','IMP. Y COMERCIALIZADORA NOVAPLAS LTDA','LAS ESTERAS NORTE 2620','SANTIAGO','CL','','','77.859.490-0','','NOVAPLA',0,'2026-02-04 17:31:58','2026-02-04 17:31:58'),(1008,'3609','SOCIEDAD HAMAME Y CIA. LTDA.','AV. LO ESPEJO 0190   EL BOSQUE','SANTIAGO','CL','','','78.368.940-5','','HAMAME',0,'2026-02-04 17:31:58','2026-02-04 17:31:58'),(1009,'313','COMER.DE ART.DE PROT.Y SEG.INDUST. MANQUEHUE','SILVA VILDOSOLA 930-4','SANTIAGO','CL','','5566488','86.887.200-4','','APRO',1,'2026-02-04 17:31:58','2026-02-04 17:31:58'),(1010,'43287','GROUP INDUSTRIAL NALLAR LTDA.','MARIA GRAHAM 388','SANTIAGO','CL','','','77.542.310-2','','NALLAR',0,'2026-02-04 17:31:58','2026-02-04 17:31:58'),(1011,'6604','DE VICENTE PLASTICOS S.A','CAMINO LA MONTAA 635 KM 16 1/2 LAMPA','SANTIAGO','CL','','56 2 23920000','89.689.900-7','','DVP S.A.',1,'2026-02-04 17:31:58','2026-02-04 17:31:58'),(1012,'16442','ARTILEC LTDA.','JOSE ARTIGAS 3043 UOA','SANTIAGO','CL','','','79.796.310-0','','ARTILEC',0,'2026-02-04 17:31:58','2026-02-04 17:31:58'),(1013,'43735','MAXIMO EUGENIO ELIZALDE QUINTEROS','AV.EINSTEIN N 364 RECOLETA','SANTIAGO','CL','','','8.959.321-2','','MAXIMO',0,'2026-02-04 17:31:58','2026-02-04 17:31:58'),(1014,'1132','DEL MONTE FRESH PRODUCE (CHILE) S.A','AV. SANTA MARIA N 6300.VITACURA','SANTIAGO','CL','','3614600','95.089.000-2','GUSTAVO NOVOA WALLS','DEL MONTE',1,'2026-02-04 17:31:58','2026-02-04 17:31:58'),(1015,'5684','IND.ALCAN PACKAGING ENOCAP LTDA.','CONQUISTADOR DEL MONTE 4688 HUECHUR','SANTIAGO','CL','','','77.909.310-7','','AMCOR CAPSULES ',0,'2026-02-04 17:31:58','2026-02-04 17:31:58'),(1016,'331','ARQUITECTURA Y CON.TECNO TEXTIL S.A','AYUNTAMIENTO N1746.QUINTA NORMAL','SANTIAGO','CL','','','96.530.820-2','','ARQUITECTU',0,'2026-02-04 17:31:58','2026-02-04 17:31:58'),(1017,'2528','MAFOR S.A.','PANAMERICANA NORTE KM 17 1/2 LOTEO ','SANTIAGO','CL','','','96.698.130-K','','MAFORSA',0,'2026-02-04 17:31:58','2026-02-04 17:31:58'),(1018,'35058','CESAR JADUE S.A.','AV.NUEVA DE MATTE 2276','INDEPENDENCIA,SANTIAGO','CL','isabel.pacheco@cmfg.cl','','82.300.700-0','','JADUE',1,'2026-02-04 17:31:58','2026-02-04 17:31:58'),(1019,'22563','FU CHAN CIA. LTDA.','MERCED N547','SANTIAGO','CL','','','76.016.309-0','','FU CHAN',0,'2026-02-04 17:31:58','2026-02-04 17:31:58'),(1020,'9111','LA OFERTA S.A','CARLOS VALDOVINOS 1229 SAN MIGUEL','SANTIAGO','CL','','','96.532.120-9','','OFERTA',0,'2026-02-04 17:31:58','2026-02-04 17:31:58'),(1021,'11137','DANUS CONEXIONES LTDA','ZENTENO # 1165','SANTIAGO','CL','','','96.576.200-0','','DANUS',0,'2026-02-04 17:31:58','2026-02-04 17:31:58'),(1022,'44126','COM. CLAUDIUS WOLF EIGENHERR EIRL','AV. LUIS PASTEUR 5337','SANTIAGO','CL','','','76.146.187-7','','WOLF SPA',0,'2026-02-04 17:31:58','2026-02-04 17:31:58'),(1023,'51969','INMOB. Y FAENADORA PROYECTA SPA','AV.DEL VALLE 945 OF. 3611','SANTIAGO','CL','operaciones@proyecta.cl','227384935','76.258.950-8','VICTOR GONZALEZ','PROYECTA',1,'2026-02-04 17:31:58','2026-02-04 17:31:58'),(1024,'4955','STROBEL LIMITADA','SAN GERARDO N  660 RECOLETA','SANTIAGO','CL','','56 2 6226116','96.719.980-K','','STROBEL',1,'2026-02-04 17:31:58','2026-02-04 17:31:58'),(1025,'15629','SOC.CONSTRUCTORA PARDO Y CIA.LT.','OHIGGINS N261 DP.4 QUILLOTA','VALPARAISO','CL','','','78.544.060-9','','PARDO',0,'2026-02-04 17:31:58','2026-02-04 17:31:58'),(1026,'37133','AUTOMATEC IMP LTDA.','AV.ITALIA 1669','SANTIAGO','CL','','','76.779.540-8','','AUTOMATEC',0,'2026-02-04 17:31:58','2026-02-04 17:31:58'),(1027,'20','ABENGOA CHILE S A','LAS ARAUCARIAS 9130 QUILICURA','SANTIAGO','CL','cristian.sandoval@abengoa.com','6236765','96.521.440-2','DANIEL PEYROTT','COX CHILE S.A.',1,'2026-02-04 17:31:58','2026-02-04 17:31:58'),(1028,'3398','BOLLORE LOGISTICS CHILE S.A.','ALMTE PASTENE 333 P.9 PROVIDENCIA','SANTIAGO','CL','karloshe@sdv.cl','56 2224984000','78.000.560-2','JORGE BARROS','CEVA AIR & OCEA',1,'2026-02-04 17:31:58','2026-02-04 17:31:58'),(1029,'13215','ARENYS INDUSTRIAL S.A.','PORTUGAL 1045','SANTIAGO','CL','','','76.527.330-7','','ARENYS',0,'2026-02-04 17:31:58','2026-02-04 17:31:58'),(1030,'41631','COMPAIA NAVIERA FRASAL S.A.','SOFIA NO 2417 ','PUERTO MONTT','CL','','','76.450.970-6','','FRASAL ',0,'2026-02-04 17:31:58','2026-02-04 17:31:58'),(1031,'12176','HARTING S.A','AV. EDUARDO FREI MONTALVA 6000 QUILICURA','SANTIAGO','CL','','','92.846.000-2','','HARTING',0,'2026-02-04 17:31:58','2026-02-04 17:31:58'),(1032,'9223','SOC COM LI-HUE LTDA','SAN DIEGO 1361','SANTIAGO','CL','','','79.651.270-9','','HUE',0,'2026-02-04 17:31:58','2026-02-04 17:31:58'),(1033,'28410','SOC.COMERCIAL E INDUST.DEPINO LTDA','PATRIA VIEJA N 362 , RECOLETA','SANTIAGO','CL','','','77.236.830-5','','DEPINO',0,'2026-02-04 17:31:58','2026-02-04 17:31:58'),(1034,'29421','FORMAS WOOD LIMITADA','RIVAS 778 SAN MIGUEL','SANTIAGO','CL','','','76.003.193-3','','FORMAS WOOD',0,'2026-02-04 17:31:58','2026-02-04 17:31:58'),(1035,'3462','SIGN SHOP S.A.','AV.MATTA 43','SANTIAGO','CL','','','96.993.190-7','','SIGN',0,'2026-02-04 17:31:58','2026-02-04 17:31:58'),(1036,'7449','TRADCORP S.A','AV. VITACURA N4380 OF.83.VITACURA','SANTIAGO','CL','','','96.809.220-0','','TRADCORP',0,'2026-02-04 17:31:58','2026-02-04 17:31:58'),(1037,'1494','FERROSTAL CHILE S.A.C.','AV. VITACURA #2736','SANTIAGO','CL','erika.hahn@ferrostaal.com','','91.336.000-1','','FERROSTAAL',1,'2026-02-04 17:31:58','2026-02-04 17:31:58'),(1038,'27124','DACHSER CHILE SPA.','AV.VITACURA 4380 OF.84','SANTIAGO','CL','sonia.munoz@dachser.cl','','76.147.894-K','','DACHSER',1,'2026-02-04 17:31:58','2026-02-04 17:31:58'),(1039,'1360','EPOXA S.A.','AV.VITACURA 2969 PISO 15,LAS CONDES','SANTIAGO','CL','','6858200','96.807.660-4','GUSTAVO JEANNERET','EPOXA',1,'2026-02-04 17:31:58','2026-02-04 17:31:58'),(1040,'46856','BG LOGISTICS S.A.','ALMIRANTE SEORET N 70 PISO 10.','VALPARAISO','CL','customercare.scl@bglogistics.org','','76.377.365-5','','BG LOGISTICS',1,'2026-02-04 17:31:58','2026-02-04 17:31:58'),(1041,'18793','SOC.CONTINENTE SUDAMERICA LTDA','MANZANA E SITIO 48-E, ZOFRI','IQUIQUE','CL','andrea@ooook.com','56-57-2391888','76.453.150-7','','CONTINENTE',1,'2026-02-04 17:31:58','2026-02-04 17:31:58'),(1042,'48208','TRANS.MULT.TRANSBOL CHINA LOG.LTDA','MANZANA 1 GALPON 7 Y 8 OFIC.218','IQUIQUE','CL','projas@transbolchina.cl','2337076','76.282.313-6','','TRANSBOL',1,'2026-02-04 17:31:58','2026-02-04 17:31:58'),(1043,'3994','VANGUARD LOGISTICS SERV.CHILE S.A.','AV. PROVIDENCIA 1760 OF.502,','SANTIAGO','CL','dgutierrez@vls.cl','3875700','96.909.820-2','JOSE MANUEL MEDINA','VANGUARD',1,'2026-02-04 17:31:58','2026-02-04 17:31:58'),(1045,'33960','ACOSTA Y COMPANIA LIMITADA','AV. PROVIDENCIA 2392 OF.403','SANTIAGO','CL','operaciones@redlinesgroup.com','02-3354106','76.050.324-K','','ACOSTA',1,'2026-02-04 17:31:58','2026-02-04 17:31:58'),(1046,'94','AGENCIAS UNIVERSALES S.A.','AVDA ANDRES BELLO 2687 PISO 15','SANTIAGO','CL','','','96.566.940-K','','AGUNIVER',0,'2026-02-04 17:31:58','2026-02-04 17:31:58'),(1047,'129','AGROSUPER COMER. DE ALIMENTOS LTDA','C.LA ESTRELLA 401 OF.7.P.DE CORTES','RANCAGUA','CL','fcastillor@agrosuper.com','72 238448','79.984.240-8','','AGROSUPER',1,'2026-02-04 17:31:58','2026-02-04 17:31:58'),(1048,'99','AGRICOLA ARIZTIA LTDA.','LOS CARRERA 444','MELIPILLA','CL','kamor@ariztia.com','5582729','82.557.000-4','ISMAEL CORREA RODRIGUEZ','ARIZTIA',1,'2026-02-04 17:31:58','2026-02-04 17:31:58'),(1049,'5817','AISLANTES VOLCAN S.A','QUITALMAHUE N2202.PUENTE ALTO','SANTIAGO','CL','','','96.848.750-7','','AISLANTES',0,'2026-02-04 17:31:58','2026-02-04 17:31:58'),(1050,'41094','ALBATRANS CHILE S.A','AV. DEL PARQUE 4928 OF 403 ','HUECHURABA SANTIAGO','CL','m.aliste@albatrans.com','5626537501','76.077.549-5','','ALBATRANS',1,'2026-02-04 17:31:58','2026-02-04 17:31:58'),(1051,'47426','ALIMENTOS BOBA LTDA','BUENOS AIRES 369','SANTIAGO','CL','YOUNGNAMJO@YAHOO.COM','56 2 735 2082','76.377.162-8','MR.YOUNG NAM JO','BOBA',1,'2026-02-04 17:31:58','2026-02-04 17:31:58'),(1052,'24239','AMC CHILE S.A.','EL JUNCAL 091. QUILICURA','SANTIAGO','CL','','','76.003.147-K','','AMC',0,'2026-02-04 17:31:58','2026-02-04 17:31:58'),(1053,'10154','AMERICAN CONTAINER LINE S.A','GENERAL DEL CANTO 105 OF.211','SANTIAGO','CL','jacqueline.reydecastro@americancontainer.cl','562 2362 1511','99.584.650-0','','CONTALINER',1,'2026-02-04 17:31:58','2026-02-04 17:31:58'),(1054,'283','ANAGRA S.A.','AGUSTINAS 640 CENTRO','SANTIAGO','CL','','6970136','96.635.340-6','JAVIER POBLETE','ANAGRA',1,'2026-02-04 17:31:58','2026-02-04 17:31:58'),(1055,'22270','ANDES LOGISTICS DE CHILE SA','ALONSO DE CORDOVA 5900 OF.201','SANTIAGO','CL','carlos.garcia@andeslogistics.cl','(56 2) 2797 0100 ','76.788.050-2','CARLOS GARCIA','ANDES LOGISTICS',1,'2026-02-04 17:31:58','2026-02-04 17:31:58'),(1056,'384','AUSTRADE','LO ZAARTU 131','SANTIAGO','CL','','4436522','96.655.120-8','MARIA CARREO','AUSTRADE',1,'2026-02-04 17:31:58','2026-02-04 17:31:58'),(1057,'6467','AXIS LOGISTICA DE CHILE S.A.','CALLE CERRO PORTEZUELO NO.9931','QUILICURA, SANTIAGO','CL','','','99.563.380-9','','AXIS',0,'2026-02-04 17:31:58','2026-02-04 17:31:58'),(1058,'460','B H A CARGO LOGISTIC S.A.','AV.11 DE SEPTIEMBRE 2134 PISO 8','SANTIAGO','CL','customer2@bhacargo.cl','4340814','77.675.460-9','','BHA',1,'2026-02-04 17:31:58','2026-02-04 17:31:58'),(1059,'42790','BILLABONA CHILE LOGISTICA LTDA.','COCHRANE 639 OF.53','VALPARAISO','CL','raraya@billabona.cl','2594696','76.197.282-0','','BILLABONA',1,'2026-02-04 17:31:58','2026-02-04 17:31:58'),(1060,'32756','BON VOYAGE LOGISTICS CHILE SPA','CERRO EL PLOMO 5630, OF. 404, ','LAS CONDES SANTIAGO','CL','carola.vidal@bvlchile.com','2 23074300','76.079.749-9','','BON VOYAGE',1,'2026-02-04 17:31:58','2026-02-04 17:31:58'),(1061,'36772','PAOLA FERRERO SOLUC.LOG. INT. EIRL','ESTADO 215 OF. 915 ','SANTIAGO','CL','roliva@bosslogistics.cl','6386825','76.046.763-4','RODRIGO OLIVA','PAOLA FERRERO',1,'2026-02-04 17:31:58','2026-02-04 17:31:58'),(1062,'33055','CAPITAL LOGISTICS S.A.','FIDEL OTEIZA 1916 OF. 202,PROVIDENCIA ','SANTIAGO','CL','julloa@capital-corp.cl','7153300','76.017.381-9','johana ulloa','CAPITAL',1,'2026-02-04 17:31:58','2026-02-04 17:31:58'),(1063,'1232','CEVA FREIGHT MANAG.LOG.DE CHILE LT.','AV.EL PARQUE 1307,MODULO 5 P.I.ENEA','PUDAHUEL,SANTIAGO','CL','Rodrigo.Castillo@cevalogistics.com','56 2 9150200','78.947.550-4','MARCIA CORNEJO','CEVA',1,'2026-02-04 17:31:58','2026-02-04 17:31:58'),(1064,'47990','CGI LOGISTICS CHILE SPA','FLOR DE AZUCENAS NO 42 OF.62','SANTIAGO','CL','','','76.382.916-2','','CGI LOGISTICS',0,'2026-02-04 17:31:58','2026-02-04 17:31:58'),(1065,'45925','CHILE CARGO INTERNATIONAL SPA','AVDA. AMERICO VESPUCIO 1309 OF.311','SANTIAGO','CL','','+56 2 2481 5264','76.262.043-K','','CHILE CARGO',1,'2026-02-04 17:31:58','2026-02-04 17:31:58'),(1066,'669','CIA. INDUSTRIAL EL VOLCAN S.A.','AGUSTINAS 1357 PISO 10','SANTIAGO','CL','alarrain@volcan.cl','3809700','90.209.000-2','AGUSTIN ECHEVERRIA','EL VOLCAN',1,'2026-02-04 17:31:58','2026-02-04 17:31:58'),(1067,'39563','COMERCIAL XD LTDA.','SAZIE 2777-2779','SANTIAGO','CL','','','76.182.365-5','','XD',0,'2026-02-04 17:31:58','2026-02-04 17:31:58'),(1069,'19203','COMERCIAL MERIDA S.A.','AV.LOS FRESNOS NO 600 B3 KM.18','PANAM. NORTE, SANTIAGO','CL','fmathey@comercialmerida.cl','738-9716/7476','77.788.730-0','','MERIDA',1,'2026-02-04 17:31:58','2026-02-04 17:31:58'),(1070,'41371','COMERCIALIZADORA CALVAC LTDA','CIENCIAS 6587','SANTIAGO','CL','','','76.137.646-2','','CALVAC',0,'2026-02-04 17:31:58','2026-02-04 17:31:58'),(1071,'17942','COMERCIAL RUIXIN LTDA.','ALONSO OVALLE 1060 2DO NIVEL L.35','SANTIAGO','CL','','','76.891.750-7','','RUIXIN',0,'2026-02-04 17:31:58','2026-02-04 17:31:58'),(1072,'38389','COMERCIAL ANDY LIMITADA','CAMBELL 3090 LOCAL 205,PORT.EXPOS.','ESTACION CENTRAL SANTIAGO','CL','','','76.086.003-4','','ANDY',0,'2026-02-04 17:31:58','2026-02-04 17:31:58'),(1073,'22902','CONFECCIONES SARTRE Y CIA LTDA','COQUIMBO 1084','SANTIAGO','CL','','','76.563.930-1','','SARTRE',0,'2026-02-04 17:31:58','2026-02-04 17:31:58'),(1074,'990','SOC.FABR.IMP.Y EXP.CONINTER LTDA','SAN GERARDO 770','SANTIAGO','CL','','6213859','84.368.600-1','','CONINTER',1,'2026-02-04 17:31:58','2026-02-04 17:31:58'),(1076,'1080','TRANSPORTES INTER.CRONOS LOGISTICA LTDA','FRANCISCO NOGUERA 200 OF.801','SANTIAGO','CL','maritimo@cronoslogistica.com','2 29287500','77.947.560-3','','CRONOS',1,'2026-02-04 17:31:58','2026-02-04 17:31:58'),(1077,'1087','CROWN WORLDWIDE INVESTMENS LTDA','EL TOTORAL 900 QUILICURA','SANTIAGO','CL','','02-2396833','77.604.460-1','','CROWN WORL',1,'2026-02-04 17:31:58','2026-02-04 17:31:58'),(1078,'3706','C.STEINWEG HANDELSVEEM (CHILE)LTD','AV.NVA TAJAMAR 481 T.NORTE OF.404','SANTIAGO','CL','','2036090','77.077.160-9','','STEIN',1,'2026-02-04 17:31:58','2026-02-04 17:31:58'),(1079,'2526','DAMCO CHILE S.A.','CERRO EL PLOMO 5420 OF.707','LAS CONDES - SANTIAGO','CL','','','96.914.370-4','','DAMCO',0,'2026-02-04 17:31:58','2026-02-04 17:31:58'),(1080,'50732','DARTEL S.A.','AV. MATTA 326','SANTIAGO','CL','CARMIREZ@DARTEL.CL','+560227572200','96.806.110-0','','DARTEL',1,'2026-02-04 17:31:58','2026-02-04 17:31:58'),(1081,'41735','D.B. GROUP CHILE S.A.','CAUPOLICAN 9241 F QUILICURA','SANTIAGO','CL','','','76.164.913-2','','DB',0,'2026-02-04 17:31:58','2026-02-04 17:31:58'),(1082,'24270','DANGEROUS Y DRY CARGO S.A.','AMERICO VESPUCIO ORIT.1309.','SANTIAGO','CL','oceanprealert@dydcargo.cl','','99.535.350-4','','DANGEROUS',1,'2026-02-04 17:31:58','2026-02-04 17:31:58'),(1083,'3527','SOC INT.DE TRANSPORTES DECA S A C','AV CLAUDIO ARRAU 9452, PUDAHUEL','SANTIAGO','CL','','','93.436.000-1','','DECA',0,'2026-02-04 17:31:58','2026-02-04 17:31:58'),(1084,'1138','SOC.TRAN.Y SER.QUETRALMAVIDA LTDA','AV. STA.CLARA NO.301 OF 3802','SANTIAGO','CL','maritimo@delpa.cl','9244500','78.795.960-1','NANCY JORQUERA','DELPA DOC',1,'2026-02-04 17:31:58','2026-02-04 17:31:58'),(1085,'1199','DISTRIBUIDORA PORTLAND S.A.','AV. VITACURA 2969, LAS CONDES','SANTIAGO','CL','amoder@pjportland.cl','562-730-1116','87.690.900-6','JOSE JACARD','PORTLAND',1,'2026-02-04 17:31:58','2026-02-04 17:31:58'),(1086,'35174','DISTRIB.AUTOMOTRIZ PRESTIGIO LTDA.','ARTURO PRAT 655','SANTIAGO','CL','','','76.083.674-5','','PRESTIGIO',0,'2026-02-04 17:31:58','2026-02-04 17:31:58'),(1087,'27816','COMERC.ECOTRANS CHILE LTDA','AV. 11 DE SEPTIEMBRE 1363 OF.309','SANTIAGO','CL','RCAROCA@ECOTRANS.CL','02-22640164','76.572.500-3','','ECOTRANS',1,'2026-02-04 17:31:58','2026-02-04 17:31:58'),(1088,'1247','EMBARC.MAR.Y REPRES.ECU LINE CHILE SA','AMERICO VESPUCIO 80 OF.81-82 LAS CONDES','SANTIAGO','CL','marcelo@ecuscl.eculine.net','4306600','78.556.470-7','Marcelo Obligado','ECULINE',1,'2026-02-04 17:31:58','2026-02-04 17:31:58'),(1089,'1272','ELABORADORA DE ENVASES S.A.','CAMINO BUIN MAIPO 2.060','SANTIAGO','CL','mariajose.salas@edensa.cl','8213555','82.225.800-K','JUAN TORRES OGALDE','METALPREN CHILE',1,'2026-02-04 17:31:58','2026-02-04 17:31:58'),(1090,'5043','EMBASSY FREIGHT CHILE LTDA','VILLASECA 21 OFICINA 504 PISO 5','SANTIAGO','CL','operaciones@embassychile.cl','','77.996.170-2','','EMBA',1,'2026-02-04 17:31:58','2026-02-04 17:31:58'),(1091,'1502','EMPRESAS CAROZZI S.A.','C.LONG.SUR 5201 KM.23.NOS','SANTIAGO','CL','juan.bagnara@carozzi.cl','377 6508','96.591.040-9','ELIZABETH MORA','CAROZZI',1,'2026-02-04 17:31:58','2026-02-04 17:31:58'),(1092,'1352','ENVASES DEL PACIFICO S.A.','CAMINO A MELIPILLA 13320  MAIPU','SANTIAGO','CL','','','89.996.200-1','','ENV.PACIFICO',0,'2026-02-04 17:31:58','2026-02-04 17:31:58'),(1093,'6019','EUROLINE LOGISTICS LTDA.','AV. 11 DE SEPTIEMBRE 1881 OF.1917','SANTIAGO','CL','','334 5036','76.150.090-2','JAMILET MIRANDA','EUROLINE ',1,'2026-02-04 17:31:58','2026-02-04 17:31:58'),(1094,'1476','FASTMARK CARGO Y CIA LTDA.','AV. BILBAO 691, PROVIDENCIA,','SANTIAGO','CL','jbrown@fastmark.cl','56-2-2328 0900','78.958.160-6','','FASTMARK',1,'2026-02-04 17:31:58','2026-02-04 17:31:58'),(1095,'2760','FELTREX S.A','LOS TRES ANTONIOS N2587.MACUL','SANTIAGO','CL','','2383855','92.819.000-5','SERGIO NUDMAN','FELTREX',1,'2026-02-04 17:31:58','2026-02-04 17:31:58'),(1096,'12244','FIBRA INGENIERIA Y CONSTRUCCION S.A.','SANTA MARGARITA 0750,SAN BERNARDO','SANTIAGO','CL','','','79.820.020-8','','FIBRA',0,'2026-02-04 17:31:58','2026-02-04 17:31:58'),(1098,'11616','FROMM CHILE S.A','AV.AEROPUERTO 560 P.IND.AEROPUERTO','SANTIAGO','CL','c.lagos@fromm-pack.com','','99.583.700-5','','FROMM CHILE',1,'2026-02-04 17:31:58','2026-02-04 17:31:58'),(1099,'1621','GAVA CHILE S.A.','AV. NUEVA LOS LEONES 7 P. 10 OF. 501','SANTIAGO','CL','jolivares@gavachile.com','2319871','79.803.210-0','GERARDO RASMUSSEN','GAVA CHILE',1,'2026-02-04 17:31:58','2026-02-04 17:31:58'),(1100,'48634','GENERAL LOGISTICS SERVICES LTDA','PJE.LOS SESAMOS 16442,','SANTIAGO','CL','csilva@generalogistics.cl','56-2-26956542','76.313.464-4','','GENERAL ',1,'2026-02-04 17:31:58','2026-02-04 17:31:58'),(1101,'1652','GLOBALNET LOGISTICS S.A.','LOS MILITARES 5885 OF. 205,','SANTIAGO','CL','cnavarro@globalnet-logistics.com','3671191','99.521.970-0','','GLOBALNET',1,'2026-02-04 17:31:58','2026-02-04 17:31:58'),(1102,'36850','IMP. Y EXP. GRUPO ASIMEX ANDINO LTDA','JOSE MIGUEL DE LA BARRA 508 OF 17','SANTIAGO','CL','','','76.808.930-2','','ASIMEX',0,'2026-02-04 17:31:58','2026-02-04 17:31:58'),(1103,'1679','GRUPO COMBIX  (CHILE) S.A.','RENATO SANCHEZ  N 4070','SANTIAGO','CL','aev@combix.cl','5977800','96.763.280-5','JORGE NUEZ','COMBIX',1,'2026-02-04 17:31:58','2026-02-04 17:31:58'),(1104,'9147','GRUPO PANAMERICA CHILE S.A.','AV.MANQUEHUE NORTE 151,OF.1002','SANTIAGO','CL','mgarcia@americashipping.net','56-2-28647292','99.582.810-3','','PANAMERICA',1,'2026-02-04 17:31:58','2026-02-04 17:31:58'),(1105,'38279','G Y M LOGISTICS CHILE LTDA.','SOTERO DEL RIO 508 OF. 1002','SANTIAGO','CL','recepcion@gymlogistics.cl','','76.169.887-7','','GYM',1,'2026-02-04 17:31:58','2026-02-04 17:31:58'),(1106,'40915','HMGS CHILE SOLUC. DE TRANSPORT LTDA','CARMENCITA 25 OF. 31 LAS CONDES','SANTIAGO','CL','','','76.121.175-7','','HMGS',0,'2026-02-04 17:31:58','2026-02-04 17:31:58'),(1107,'2','A. HARTRODT CHILE S.A.','LOS DOMINICOS 8630 OF.904,LAS CONDES','SANTIAGO','CL','ramon.nunez@hartrodt.cl','2047844','84.007.300-9','MAURICIO RIVEROS','HARTRODT',1,'2026-02-04 17:31:58','2026-02-04 17:31:58'),(1108,'1990','IMPORTADORA Y COMERCIAL EXCOM LTDA.','SALVADOR SAN FUENTES 2829','SANTIAGO','CL','sairam61@hotmail.com','6895424','79.836.390-5','BHARAT MOHANDAS AIDASANI','EXCOM',1,'2026-02-04 17:31:58','2026-02-04 17:31:58'),(1109,'1976','IMPORTADORA SANTA ELENA LTDA.','COPIAPO 1203','SANTIAGO','CL','isel@isel.cl','6958587','83.498.900-K','ESTEBAN ZABALETA URCELAY','SANTA ELENA',1,'2026-02-04 17:31:58','2026-02-04 17:31:58'),(1111,'5592','IMPORTADORA MIRTEX LTDA','SAZIE 2837 2843','SANTIAGO','CL','','','76.060.030-K','','MIRTEX ',0,'2026-02-04 17:31:58','2026-02-04 17:31:58'),(1112,'37242','IMP.EXP.COM.INTERNA. HUI HUANG LTDA.','SALVADOR SANFUENTES N 2545','SANTIAGO','CL','','','76.141.346-5','','HUI HUANG',0,'2026-02-04 17:31:58','2026-02-04 17:31:58'),(1113,'1969','IMPORTADORA DE REPUESTOS RACO S.A.','COMPAIA 2401','SANTIAGO','CL','importadoraraco@raco.cl','6730769','86.617.300-1','VICENTE RODRIGUEZ','RACO',1,'2026-02-04 17:31:58','2026-02-04 17:31:58'),(1114,'5008','IMPORTADORA SAN GIOVANNI S.A.','AV. MEXICO 865 RECOLETA ','SANTIAGO','CL','','','77.273.890-0','','SAN GIOVANNI',0,'2026-02-04 17:31:58','2026-02-04 17:31:58'),(1116,'11693','IND.FRANCO CHILENA DE PLASTICOS S.A.','CAMINO EL TAQUERAL S/N P.20 L.1 A 2 LAM','SANTIAGO','CL','','','96.822.950-8','','FRANCO',0,'2026-02-04 17:31:58','2026-02-04 17:31:58'),(1117,'2100','INDUSTRIAS DE PLASTICOS SERPLASS S.A.','CAMINO A MELIPILLA 8895 MAIPU','SANTIAGO','CL','','5572372','85.172.100-2','','SERPLASS',1,'2026-02-04 17:31:58','2026-02-04 17:31:58'),(1119,'2165','INTEGRAL CHILE S.A.','AV. APOQUINDO 6433 OF.214','SANTIAGO','CL','ssilva@integralchile.com','2337441','96.630.500-2','SONIA SILVA','INTEGRAL',1,'2026-02-04 17:31:58','2026-02-04 17:31:58'),(1120,'17879','INTERGLOBO CHILE S.A.','LA CONCEPCION  165 OF 102','SANTIAGO','CL','jpacheco@interglobo.com','','76.794.540-K','','INTERGLOBO ',1,'2026-02-04 17:31:58','2026-02-04 17:31:58'),(1121,'2245','ITALCARGO CHILE LTDA.','ERRAZURIZ 1178, PISO 7 OF.72','VALPARAISO','CL','ventas@italcargo.cl','','77.452.590-4','TOMAS BENGOA','ITALCARGO',1,'2026-02-04 17:31:58','2026-02-04 17:31:58'),(1122,'4156','JAS FORWARDING TRANSPORTES INT.LTDA','PROVIDENCIA NO 1760.','SANTIAGO','CL','barbara.ruiz@jas.com','25801600','78.080.110-7','','JAS FWD',1,'2026-02-04 17:31:58','2026-02-04 17:31:58'),(1123,'44557','K LOGISTICS DE CHILE S.A.','ALONSO DE CORDOVA 5900, OF 603','SANTIAGO','CL','carlos.garcia@klchile.cl','56 2 26170058','76.067.255-6','MARIANELA CATALAN','K LOGISTICS',1,'2026-02-04 17:31:58','2026-02-04 17:31:58'),(1124,'2374','KUEHNE + NAGEL LIMITADA','AV. APOQUINDO 4501 PISO 14 OF.1401','SANTIAGO','CL','luis.acevedo@kuehne-nagel.com','56-2-23389300','79.769.320-0','','KUEHNE',1,'2026-02-04 17:31:58','2026-02-04 17:31:58'),(1125,'2381','KUPFER HERMANOS S.A.','LIBERTAD NO 58','SANTIAGO','CL','aflores@kupfer.cl','6817175','90.844.000-5','','KUPFER',1,'2026-02-04 17:31:58','2026-02-04 17:31:58'),(1126,'5754','LABORATORIOS DURANDIN S.A.I','MANUEL RODRIGUEZ No 1052','SANTIAGO','CL','jgutierrez@durandin.cl','7075500','91.913.000-8','','DURANDIN',1,'2026-02-04 17:31:58','2026-02-04 17:31:58'),(1127,'11089','LATAM LOGISTICS LTDA','HUERFANOS NO.779,OFICINA 1110','SANTIAGO','CL','embarcadora@latamlogistics.cl','02-6321527-6382369','76.290.270-2','','LATAM',1,'2026-02-04 17:31:58','2026-02-04 17:31:58'),(1128,'4469','LCL LOGISTICA CHILE LIMITADA','ALMIRANTE SENORET #70, PISO 10','VALPARAISO','CL','monserrat@lclog.com','02-25498407','76.032.340-3','MONSERRAT AGUIRRE','LCL LOGISTICA',1,'2026-02-04 17:31:58','2026-02-04 17:31:58'),(1129,'2529','MAGALLANES FORWARDER CHILE S.A.','AHUMADA 312 OF.218','SANTIAGO','CL','ltorres@magallaneschile.cl','26729364','96.900.090-3','','MAGALLANES FF',1,'2026-02-04 17:31:58','2026-02-04 17:31:58'),(1130,'10429','MANUCHAR CHILE S.A.','ANTILLANCA 560 MODULOS 4-8','PUDAHUEL, SANTIAGO','CL','juan.escobar@manuchar.com','56 2 2653 7150','99.546.290-7','','MANUCHAR',1,'2026-02-04 17:31:58','2026-02-04 17:31:58'),(1132,'2679','MICROGEO LTDA.','CAM.DEL CERRO N5154 HUECHURABA','SANTIAGO','CL','','3728900','88.579.800-4','JOHAN RICHTA','MICROGEO',1,'2026-02-04 17:31:59','2026-02-04 17:31:59'),(1133,'3701','MIQ LOGISTICS INC.LIMITADA','LA PASTORA 192','SANTIAGO','CL','german.vial@miq.com','2223917','78.423.410-K','GERMAN VIAL','MIQ',1,'2026-02-04 17:31:59','2026-02-04 17:31:59'),(1134,'2708','MODAL TRADE','AV. ANDRES BELLO 2687. PISO 15','SANTIAGO','CL','GISELA.BIANCO@modaltrade.com','2039076','96.515.920-7','MARCELO GAJARDO','MODAL TRAD',1,'2026-02-04 17:31:59','2026-02-04 17:31:59'),(1135,'36154','MULTIMODAL LOGISTICS CHILE LTDA.','DR.SOTERO DEL RIO 326 OF 1001','SANTIAGO','CL','s.paredes@multimodal.cl','','76.036.777-K','','MULTIMODAL',1,'2026-02-04 17:31:59','2026-02-04 17:31:59'),(1136,'2758','NALCO INDUSTRIAL SERVICES CHILE','AV.ESTERAS NORTE 2341','SANTIAGO','CL','','(56-2) 640 2034','85.417.200-K','','NALCO',1,'2026-02-04 17:31:59','2026-02-04 17:31:59'),(1137,'6259','NAMA INTERNACIONAL S.A','AVDA. PROVIDENCIA No 2370 OF.34','SANTIAGO','CL','','','96.924.340-7','','NAMA',0,'2026-02-04 17:31:59','2026-02-04 17:31:59'),(1138,'10103','NEUMAT. Y LLANTAS DEL PACIFICO S.A.','CARLOS SALAS HERRERA 4165,CONCHALI','SANTIAGO','CL','EVELYN.ORELLANA@RUEDAS.CL','02-27344900','77.435.230-9','','PACIFICOLL',1,'2026-02-04 17:31:59','2026-02-04 17:31:59'),(1139,'37396','NORGISTICS CHILE S.A.','HENDAYA 60 OFICINA 1302 LAS CONDES','SANTIAGO','CL','info.norgistics@norgistics.com','0056-2-3307467','76.028.758-K','','NORGISTICS',1,'2026-02-04 17:31:59','2026-02-04 17:31:59'),(1140,'28529','NORMET CHILE LTDA','AV. CHENA 11.000 PARQUE IND.PUERTA SUR','SANTIAGO','CL','','','76.000.937-7','','NORMET ',0,'2026-02-04 17:31:59','2026-02-04 17:31:59'),(1141,'2837','NYK SUDAMERICA (CHILE) LTDA.','CERRO EL PLOMO 5680, 5TO PISO','SANTIAGO','CL','nyksud.logistics.customer.service@na.nykline.com','02-750 45 00','96.602.750-9','MARTIN AVARIA','NYK CHILE',1,'2026-02-04 17:31:59','2026-02-04 17:31:59'),(1142,'36215','OCEAN PIONNER S.A.','PINTOR CICARELLI 585,SAN JOAQUIN','SANTIAGO','CL','','','76.058.789-3','','OCEAN PIONEER',0,'2026-02-04 17:31:59','2026-02-04 17:31:59'),(1143,'48872','OEG OUTSOURCING ELEC. GROUP LTDA','JORGE HIRMAS No 2560 BODEGA 07','SANTIAGO','CL','gmc@oegroup.cl','562 - 223651722','76.468.900-3','','OEG',1,'2026-02-04 17:31:59','2026-02-04 17:31:59'),(1144,'8974','OMNI NUTS & FRUTS S.A','NATALIEL COX 1935 LOC ','SANTIAGO','CL','','','96.944.050-4','','OMNI',0,'2026-02-04 17:31:59','2026-02-04 17:31:59'),(1145,'2873','OXIQUIM S.A.','LIMACHE 3117','VIA DEL MAR','CL','lguzman@aaca.cl','','80.326.500-3','','OXIQUIM',1,'2026-02-04 17:31:59','2026-02-04 17:31:59'),(1146,'27107','PLUSCARGO CHILE LIMITADA','EVARISTO LILLO 78 PISO 6 LAS CONDES ','SANTIAGO','CL','operaciones1@pluscargochile.cl','56-2-25716900','76.051.369-5','','PLUSCARGO ',1,'2026-02-04 17:31:59','2026-02-04 17:31:59'),(1147,'3067','POLAR FRUIT INTERNATIONAL S.A.','AV.PRESIDENTE RIESCO 5711 OF.504 ','SANTIAGO','CL','','3952100','96.988.640-5','IGNACIO CARO','POLAR FRUIT',1,'2026-02-04 17:31:59','2026-02-04 17:31:59'),(1148,'36321','PORT-TRADE LOGISTICS CHILE LTDA.','AV. APOQUINDO # 5583 OF.13','SANTIAGO','CL','DAVID.ELGUETA@PORTRADELOGISTICS.CL','','76.130.194-2','LUIS HERNAN AROS R.','TRADE',1,'2026-02-04 17:31:59','2026-02-04 17:31:59'),(1149,'3097','PRIME LOGISTICA Y SERVICIOS LTDA','AGUSTINAS NO. 641 OF.303','SANTIAGO','CL','angelo@primelogistics.cl','6336252','77.624.760-K','','LOGISTICS',1,'2026-02-04 17:31:59','2026-02-04 17:31:59'),(1150,'15915','PROJECT & LOGISTICS CHILE S.A.','AV.APOQUINDO 3076 OF.901,LAS CONDES','SANTIAGO','CL','rfernandez@tecniproyect.cl','56 2 2882 1783','76.756.670-0','JAVIER GONZALEZ','PROJECT',1,'2026-02-04 17:31:59','2026-02-04 17:31:59'),(1151,'47117','PRODUCTOS FAMILIA CHILE SPA','AV.EL BOSQUE NORTE 123 OF.401 L.CONDES','SANTIAGO','CL','','','76.327.664-3','','FAMILIA',0,'2026-02-04 17:31:59','2026-02-04 17:31:59'),(1152,'47365','REY PLAST S.P.A.','APOQUINDO 3855 OF.601 LAS CONDES','SANTIAGO','CL','','','76.365.551-2','','ITALPLAST',0,'2026-02-04 17:31:59','2026-02-04 17:31:59'),(1153,'3306','ROHLIG TRANSP.INTERNAT.CHILE LTDA.','BARROS ERRAZURIZ 1960P.5,PROVIDENCIA','SANTIAGO','CL','pamela.martinez@rohlig.com','','77.379.090-6','','ROHLIG',1,'2026-02-04 17:31:59','2026-02-04 17:31:59'),(1154,'6546','ROIMEX INGENERIA LTDA','STA JOSEFINA 11731 ','SAN BERNANDO','CL','','','76.111.300-3','','ROIMEX',0,'2026-02-04 17:31:59','2026-02-04 17:31:59'),(1155,'3394','SCHENKER CHILE S.A.','GRAL.DEL CANTO 421.P.3.','SANTIAGO','CL','','2366060','78.141.230-9','RODRIGO OLEA','SCHENKER',1,'2026-02-04 17:31:59','2026-02-04 17:31:59'),(1157,'36245','SERV.DE TRANSPORT.COMBINADOS S.A.','EDUARDO MARQUINA 3937 OF.904','VITACURA,SANTIAGO','CL','na@confiacargo.cl','3690130','96.586.470-9','','SERCOMBINADOS',1,'2026-02-04 17:31:59','2026-02-04 17:31:59'),(1158,'3331','S I F  CHILE S.A.','SAN PIO X N.2390 OF. 404, ','SANTIAGO','CL','marcela@sifchile.cl','56-2 23358190','96.850.070-8','','S I F ',1,'2026-02-04 17:31:59','2026-02-04 17:31:59'),(1159,'10437','SNF CHILE S.A.','CALLE NUEVA N 1661-D','SANTIAGO','CL','','','76.380.300-7','','SNF ',0,'2026-02-04 17:31:59','2026-02-04 17:31:59'),(1160,'3522','SOC.DISTR.Y COMERC.POLYQUI LTDA','GASPAR VILLARROEL 1830','SANTIAGO','CL','pablo.riveros@polyqui.cl','2380471','79.957.770-4','HUMBERTO BECERRA','POLYQUI',1,'2026-02-04 17:31:59','2026-02-04 17:31:59'),(1161,'3683','SOUTH EXPRESS CARGO S.A.','SOTERO DEL RIO NO.508 OF.1027 P.10','SANTIAGO','CL','acortes@southexpress.cl','02-50853400','78.561.850-5','MONICA CANCINO','SOUTHEXPRE',1,'2026-02-04 17:31:59','2026-02-04 17:31:59'),(1162,'3689','SPARBER CHILE S.A.','EVARISTO LILLO 78 PISO 6 LAS CONDES','SANTIAGO','CL','daysi.farias@sparber.cl','56-2-5700900','96.974.340-K','','SPARBER',1,'2026-02-04 17:31:59','2026-02-04 17:31:59'),(1163,'3811','TEXTIL CHAFIK NALLAR E HIJOS LTDA.','LORETO N 575','SANTIAGO','CL','','7374792','80.192.600-2','','CHAFIX',1,'2026-02-04 17:31:59','2026-02-04 17:31:59'),(1164,'25249','TRANSPORT. CGS INDUSTRY CHILE LTDA','CONFERENCIA NO.186 OFIC.1003','SANTIAGO','CL','generalcgs@cgnet.cl','02-6891533/6892093','76.013.046-K','','CGS INDUSTRY',1,'2026-02-04 17:31:59','2026-02-04 17:31:59'),(1165,'3884','TRANSMEC OVERSEAS CHILE S.A.','ROSARIO SUR 91 OF 601,LAS CONDES','SANTIAGO','CL','marcela@transmecgroup.cl','2120032','96.966.730-4','','TRANSMEC',1,'2026-02-04 17:31:59','2026-02-04 17:31:59'),(1166,'3866','TRAIN CHILE','MATIAS COUSIO N150 OF.528','SANTIAGO','CL','','6399498','89.169.500-4','JOSE MACHIAVELLO','TRAIN CHIL',1,'2026-02-04 17:31:59','2026-02-04 17:31:59'),(1167,'47135','TRANSP. INTERNACIONAL NOVA LIMITADA','MONEDA 2387, PISO 1,','SANTIAGO','CL','lilyan@marinetransports.cl','056-2-26714989 FAX: ','76.360.027-0','','NOVA',1,'2026-02-04 17:31:59','2026-02-04 17:31:59'),(1171,'4007','VETERQUIMICA S.A.','CAMINO LONQUEN N 10387.MAIPU','SANTIAGO','CL','COMEX@VETERQUIMICA.CL','5574004','82.524.300-3','MARIO BERRIOS SANDOVAL','VETERQUIMICA',1,'2026-02-04 17:31:59','2026-02-04 17:31:59'),(1172,'39684','VLG BUSINESS LTDA','Catedral 1009, of. 306. ','SANTIAGO','CL','','2 657 9870','76.149.096-6','','VLG BUSINESS',1,'2026-02-04 17:31:59','2026-02-04 17:31:59'),(1173,'4026','VIDRIOS LIRQUEN S.A.','LOS CONQUISTADORES 1700 P.6, OF A','SANTIAGO','CL','','3697600','90.687.000-2','Carol Rodriguez','LIRQUEN',1,'2026-02-04 17:31:59','2026-02-04 17:31:59'),(1174,'45060','VOLKAN SHIPPING & LOGISTICS LTDA.','AV.DEL VALLE NORTE #945, OF 2603','SANTIAGO','CL','ocean.op@volkan.cl','562 22436719','76.276.259-5','','VOLKAN',1,'2026-02-04 17:31:59','2026-02-04 17:31:59'),(1175,'4100','WARD VAN LINES S.A.','AMERICO VESPUCIO 2050','SANTIAGO','CL','','','81.956.400-0','','WARD-VAN',0,'2026-02-04 17:31:59','2026-02-04 17:31:59'),(1176,'37523','WATTS S.A.','AV.PDTE. JORGE ALESSANDRI 10501','SANTIAGO','CL','RCISTERNA@WATTS.CL','4114286','84.356.800-9','','WATTS SA',1,'2026-02-04 17:31:59','2026-02-04 17:31:59'),(1177,'15418','WORLD TRANSPORT INTERNATIONAL LTDA.','MADRID 1224','SANTIAGO','CL','jsierra@worldtransport.cl','02 7267900','76.446.290-4','','WORLD TRANSP.IN',1,'2026-02-04 17:31:59','2026-02-04 17:31:59'),(1178,'271','MUDANZAS MULTIMODALES LTDA.','AV.ANDRES BELLO 1135,OFICINA 42','PROVIDENCIA-SANTIAGO','CL','a.duarte@amschile.cl','56-2-2364018','77.624.400-7','','MOVING',1,'2026-02-04 17:31:59','2026-02-04 17:31:59'),(1179,'46195','INTERNATIONAL LINE','MAGDALENA 140 OF 202','SANTIAGO','CL','import@international-line.cl','23466200','76.301.972-1','','INTERNATIONAL',1,'2026-02-04 17:31:59','2026-02-04 17:31:59'),(1180,'20172','C.H. ROBINSON WORLDWIDE CHILE S.A.','MARCHANT PEREIRA 201 OF 52','SANTIAGO','CL','karla.herrera@chrobinson.com ','56-2-29401311','76.375.610-6','','C.H.ROBINSON',1,'2026-02-04 17:31:59','2026-02-04 17:31:59'),(1181,'735','COEXCO CHILE S. A.','AV.NVA.PROVIDENCIA NO.1881 OF.1801','PROVIDENCIA-SANTIAGO','CL','cponce@coexco.cl','','96.992.440-4','','COEXCO',1,'2026-02-04 17:31:59','2026-02-04 17:31:59'),(1182,'31625','COMERCIAL  EL TEJIE LTDA.','SAN DIEGO 1144','SANTIAGO','CL','','','76.491.380-9','','TEJIE',0,'2026-02-04 17:31:59','2026-02-04 17:31:59'),(1183,'4157','DHL GLOBAL FORWARDING (CHILE) S.A.','AV.DEL VALLE 890 1 Y 2 P.CIUD.EMPRESARIA','HUECHURABA -SANTIAGO','CL','cl.dgf.ofri@dhl.com','+56 2 4737100','96.551.880-0','KARIN QUEZADA','DHL',1,'2026-02-04 17:31:59','2026-02-04 17:31:59'),(1184,'1474','FASHION TRANSPORT LTDA.','AV.EL RETIRO P.LOS MAITENES 1349','SANTIAGO','CL','operaciones@fashion-transport.com','02-4671122','77.314.220-3','','FASHION',1,'2026-02-04 17:31:59','2026-02-04 17:31:59'),(1185,'27623','FASER CARGO CHILE Y CIA LTDA','GRANADEROS 1310 1ER PISO','PROVIDENCIA, SANTIAGO','CL','','','76.015.334-6','','FASER',0,'2026-02-04 17:31:59','2026-02-04 17:31:59'),(1186,'33486','GLOBE EXPRESS SERVICES CHILE LTDA','ROMAN DIAZ NO.205, OFICINA 302','SANTIAGO','CL','claudiobennett@globeexpress.com','9489797','76.085.857-9','','GLOBE EXPRESS',1,'2026-02-04 17:31:59','2026-02-04 17:31:59'),(1187,'25631','HELLMANN WORLDWIDE LOGISTICS LTDA.','I.GOYENECHEA 3600 OF 201,LAS CONDES','SANTIAGO','CL','sfiprealerts@cl.hellmann.net','','76.012.093-6','','HELLMANN',1,'2026-02-04 17:31:59','2026-02-04 17:31:59'),(1188,'19782','IMPERIAL S.A.','AVDA. STA. ROSA 7876. LA GRANJA','SANTIAGO','CL','','','76.821.330-5','','IMPERIAL',0,'2026-02-04 17:31:59','2026-02-04 17:31:59'),(1189,'9315','INTERNAT.FIRST SERVICE DE CHILE S.A.','LA CONCEPCION 322 OF 901','SANTIAGO','CL','claudia.figueroa@cl-ifs.com','','99.591.510-3','','FIRST',1,'2026-02-04 17:31:59','2026-02-04 17:31:59'),(1190,'4483','SAVINO DEL BENE CHILE S.A.','AV.DEL PARQUE 4161 OF.403 ','SANTIAGO','CL','edgardo.vargas@savinodelbene.com','562-4220990','99.501.180-8','Marcelo Aliste / Marco Leiva','SAVINO',1,'2026-02-04 17:31:59','2026-02-04 17:31:59'),(1191,'4018','VICTOR DAWABE LTDA.','JORGE HIRMAS 2580  ','SANTIAGO','CL','leonor@dawabe.cl','','81.153.800-0','','DAWABE LTD',1,'2026-02-04 17:31:59','2026-02-04 17:31:59'),(1192,'51288','MONTALDO Y CHAYTOR LIMITADA','JOSE MANUEL INFANTE 2261','SANTIAGO','CL','ACECARGO@ACECARGO.CL','5622093658','76.238.266-0','RONALD CHAYTOR','ACE CARGO',1,'2026-02-04 17:31:59','2026-02-04 17:31:59'),(1193,'176','AGROSPEC S.A.','CAMINO EL MILAGRO No 257, MAIPU','SANTIAGO','CL','hdiaz@agrospec.cl','8368000','79.670.620-1','ELSA GUERRERO','AGROSPEC',1,'2026-02-04 17:31:59','2026-02-04 17:31:59'),(1194,'5394','AGROINDUSTRIA LAS TRES ERRE LTDA','LASTRA 1327 INDEPENDENCIA ','SANTIAGO','CL','','','78.159.820-8','','TRES ERRE ',0,'2026-02-04 17:31:59','2026-02-04 17:31:59'),(1195,'3280','RICCARDI Y COMPAIA LIMITADA','BADAJOZ  130 OF. 804, LAS CONDES','SANTIAGO','CL','h.riccardi@albatros.cl','02 - 9519265  ','77.073.550-5','','RICCARDI',1,'2026-02-04 17:31:59','2026-02-04 17:31:59'),(1196,'46157','APG CHILE CARGO LTDA.','AV.AMERICO VESPUCIO 1309 OF.306 ENEA','SANTIAGO','CL','','','76.277.133-0','','APG CHILE',0,'2026-02-04 17:31:59','2026-02-04 17:31:59'),(1197,'36681','ASIA SHIPPING INTER.TRANS.CHILE SPA','MARCHANT PEREIRA 150 OF 1402,','SANTIAGO','CL','cparra@asiashipping.cl','','76.139.477-0','','ASIA',1,'2026-02-04 17:31:59','2026-02-04 17:31:59'),(1198,'42493','ATL OVERSEAS LOGISTICS S.A.','AV.LUIS THAYER OJEDA 0180 SUITE 405','SANTIAGO','CL','','','76.218.766-3','','ATL',0,'2026-02-04 17:31:59','2026-02-04 17:31:59'),(1199,'376','AUSTRAL CHEMICALS CHILE S.A.','CARRASCAL N 3725 QUINTA NORMAL','SANTIAGO','CL','ralarcon@becomex.cl','','90.997.000-8','','AUSTRAL CHEMICA',1,'2026-02-04 17:31:59','2026-02-04 17:31:59'),(1200,'3395','BDP CHILE LIMITADA','MALAGA NO.50, OF 22,PISO 2,LAS CONDES','SANTIAGO','CL','csilva@bdpchile.cl','3629320','77.483.200-9','CLAUDIA ZAMORANO','BDP CHILE',1,'2026-02-04 17:31:59','2026-02-04 17:31:59'),(1201,'32733','BIOTECH LTDA.','ARZOBISPO LARRAIN GANDARILLA 385','SANTIAGO','CL','','','76.006.366-5','','BIOTECH',0,'2026-02-04 17:31:59','2026-02-04 17:31:59'),(1202,'5000','BIOAMERICA S.A.','LOS CANTEROS 8696 PARQUE INDUSTRIAL ','SANTIAGO','CL','','(562) 273-1002','78.580.740-5','','BIOAMERICA',1,'2026-02-04 17:31:59','2026-02-04 17:31:59'),(1203,'550','B.O. PACKAGING S.A.','AMERICO VESPUCIO N 1470. ','SANTIAGO','CL','mgomez@bo.cl','56 2 28292000','95.293.000-1','','BO PACKING',1,'2026-02-04 17:31:59','2026-02-04 17:31:59'),(1204,'491','BRENNTAG CHILE COM.E INDUSTRIAL LTDA.','CAMINO LO SIERRA 02966 SAN BERNARDO','SANTIAGO','CL','psaez@brenntagla.com','02-4402400','85.040.900-5','','BRENNTAG',1,'2026-02-04 17:31:59','2026-02-04 17:31:59'),(1205,'638','CHILETRANS LOGISTICS S.A.','PEREZ VALENZUELA 1098 OF 67-68','PROVIDENCIA- SANTIAGO','CL','afigueroa@chiletrans.cl','2354183','96.981.290-8','','CHILET',1,'2026-02-04 17:31:59','2026-02-04 17:31:59'),(1206,'39145','SERVICIOS CHILFRESH LIMITADA','CAMINO A ZAPALLAR KM 0.600','CURICO','CL','','','96.690.500-K','','CHILFRESH',0,'2026-02-04 17:31:59','2026-02-04 17:31:59'),(1207,'697','CINTAS Y ETIQUETAS NALLAR LTDA','AV.PERU N1410','SANTIAGO','CL','','','79.693.100-0','','NALLAR',0,'2026-02-04 17:31:59','2026-02-04 17:31:59'),(1208,'38764','CN CARGA SERVICIOS DE CHILE SOC. COM. LTDA.','BADAJOZ N130 OF. 606 ','SANTIAGO','CL','scl@cncworldwide.com ','','76.155.091-8','VIVIANA GARCIA','CNC',1,'2026-02-04 17:31:59','2026-02-04 17:31:59'),(1209,'5338','COEXCA S.A.','LONGITUDINAL SUR KM. 259','TALCA','CL','CGUTIERREZ@COEXCA.CL','98484760','96.999.710-K','CAROLINA GUTIERREZ','COEXCA',1,'2026-02-04 17:31:59','2026-02-04 17:31:59'),(1210,'39622','COMERCIAL EL CAMINO LTDA.','VITACURA 3568 OF.708 VITACURA','SANTIAGO','CL','','','76.180.781-1','','EL CAMINO',0,'2026-02-04 17:31:59','2026-02-04 17:31:59'),(1212,'31778','COMERCIAL YAZHOUREN LTDA.','SALVADOR SAN FUENTES 2647 L.224','SANTIAGO','CL','','','76.381.700-8','','YAZHOUREN',0,'2026-02-04 17:31:59','2026-02-04 17:31:59'),(1213,'46301','COMERCIAL FULLSELLO LTDA.','LOS CARDENALES NO.10184 COM.BOSQUE','SANTIAGO','CL','bchamorro@hotelstandord.cl','56-22-2328510','76.329.526-5','','FULLSELLO ',1,'2026-02-04 17:31:59','2026-02-04 17:31:59'),(1214,'44819','COMERCIAL JERI ARTURO VALLE A.EIRL','PJE.3 N205 ESTACION CENTRAL','SANTIAGO','CL','','','76.308.202-4','','JERI',0,'2026-02-04 17:31:59','2026-02-04 17:31:59'),(1215,'45254','SOC. DE TRANSPORTES DE CARGA LTDA','MONEDA 920 OF 503','SANTIAGO','CL','marcelamunoz@concargo.cl','','76.302.183-1','','CARGA LTDA',1,'2026-02-04 17:31:59','2026-02-04 17:31:59'),(1216,'1658','DSV AIR & SEA S.A','LA CONCEPCION # 322 PISO 6 OF.601','SANTIAGO','CL','impsea.scl@cl.dsv.com','','96.570.750-6','','DSV',1,'2026-02-04 17:31:59','2026-02-04 17:31:59'),(1217,'25664','EXPORTADORA SAN CLEMENTE S.A.','AV.LOS CONQUISTADORES 1700 P.27','SANTIAGO','CL','','','76.004.829-1','','CLEMENTE',0,'2026-02-04 17:31:59','2026-02-04 17:31:59'),(1218,'1444','F H ENGEL S.A.','AV.CLAUDIO ARRAU 7000,PUDAHUEL','SANTIAGO','CL','','510 7000','86.399.900-6','','ENGEL',1,'2026-02-04 17:31:59','2026-02-04 17:31:59'),(1219,'5489','FTS LOGISTICS LTDA.','MANUEL RODRIGUEZ #229 ISLA DE MAIPO','SANTIAGO','CL','customerservice@ftslogistic.cl','6642600','76.028.530-7','HUMBERTO CARRASCO','FTS LOGISTICS',1,'2026-02-04 17:31:59','2026-02-04 17:31:59'),(1220,'1606','GALPER CHILE S.A.','PIO X No. 2450 OF.1509,PROVIDENCIA','SANTIAGO','CL','RCABELLO@GALPER.CL','4210850','96.761.500-5','EDUARDO AVENDAO','GALPER',1,'2026-02-04 17:31:59','2026-02-04 17:31:59'),(1221,'46668','GLOBAL POINT LOGISTIC SERVICES SPA','NAPOLEON 3565 OF.510 - LAS CONDES','SANTIAGO','CL','','','76.267.158-1','','GLOBAL POINT ',0,'2026-02-04 17:31:59','2026-02-04 17:31:59'),(1222,'1746','HOLCHEM INTERNATIONAL S.A.','LA MONTAA 1907 P.I. V.GRANDE,LAMPA','SANTIAGO','CL','','','96.633.200-K','','HOLCHEM',0,'2026-02-04 17:31:59','2026-02-04 17:31:59'),(1224,'38218','IMPORT. Y EXPORT. CLEVER LTDA','PINTOR GUSTAVO CABELLO OLGUIN 874,P.IND','RANCAGUA','CL','','','77.327.630-7','','CLEVER',0,'2026-02-04 17:31:59','2026-02-04 17:31:59'),(1226,'1898','IMPORTADORA CAPRILE LIMITADA','AV. BLANCO N 1623 OF.1403','VALPARAISO','CL','','32 228423','79.694.980-5','JESUS GOIRI','CAPRILE',1,'2026-02-04 17:31:59','2026-02-04 17:31:59'),(1227,'47316','INDUSTRIAS CLEANER CHILE S.A.','CANAVERAL #110, QUILICURA','SANTIAGO','CL','pbravo@cleaner.cl','2 27471655','76.121.450-0','','CLEANER',1,'2026-02-04 17:31:59','2026-02-04 17:31:59'),(1228,'2073','IND.NACIONAL DE PLOMO INDEPP LTDA','PADRE TADEO N 4871.QUINTA NORMAL','SANTIAGO','CL','','','86.882.300-3','','PLOMO',0,'2026-02-04 17:31:59','2026-02-04 17:31:59'),(1229,'6531','LESCHACO CHILE S.A','AV.VITACURA  2808 OF. 202 ','LAS CONDES,SANTIAGO','CL','bezama_ana@leschaco.cl','','99.585.170-9','','LESCHACO',1,'2026-02-04 17:31:59','2026-02-04 17:31:59'),(1230,'45156','TRANSP.INTERN.RIVERA Y MAC-KAY LTDA','TEATINO NO. 251 OF.803','SANTIAGO','CL','ventas@mackaycargo.com','26716444','76.242.137-2','','MAC-KAY',1,'2026-02-04 17:31:59','2026-02-04 17:31:59'),(1231,'4343','MADEGOM LTDA','AV.PRES.EDUARDO FREI MONTALVA N 9431 ','SANTIAGO','CL','lruiz@hevea.cl','','77.199.140-8','','MADEGOM',1,'2026-02-04 17:31:59','2026-02-04 17:31:59'),(1232,'2530','MAGELLAN LOGISTICS CHILE S.A.','PADRE MARIANO 10 OF1105','SANTIAGO','CL','mslsaman@magellan-line.cl','264 2682/264 0307','96.973.490-7','','MAGELO',1,'2026-02-04 17:31:59','2026-02-04 17:31:59'),(1233,'3163','MALLAS PROTEKTA LTDA','LOS ARRAYANES S/N PANAM. NORTE KM 18 COL','SANTIAGO','CL','','','77.505.400-K','','PROTEKTA LTDA',0,'2026-02-04 17:31:59','2026-02-04 17:31:59'),(1234,'2570','MAPETRANSPORT S.A.','AV.11 SEP. 2214 OF.193 PROVIDENCIA','SANTIAGO','CL','mape@transport.ltda.cl','3620051','78.772.370-5','BLANCA DE PEDROSA','MAPETRANSP',1,'2026-02-04 17:31:59','2026-02-04 17:31:59'),(1235,'2899','SOC.DE TR. PAN SOUTH AMERICA CO LTDA','C EL PLOMO NO 5680 OF.401, TORRE 6','SANTIAGO','CL','talvarez@pansouth.cl','','78.381.860-4','','PAN SOUTH AMERI',1,'2026-02-04 17:31:59','2026-02-04 17:31:59'),(1236,'2907','PAPELERA DIMAR S.A.','CARRETERA GRAL SAN MARTIN N 7600','SANTIAGO','CL','','6206127','93.734.000-1','FRANCISCO SEPULVEDA','DIMAR',1,'2026-02-04 17:31:59','2026-02-04 17:31:59'),(1237,'53073','PELIKAN GROUP SPA','AV. DEL VALLE 937 PISO 3 OF. 354','SANTIAGO','CL','CRUIZ@PLKTRANSPORT.CL','569 4290 7924','76.507.579-3','CHRISTIAN RUIZ T','PELIKAN',1,'2026-02-04 17:31:59','2026-02-04 17:31:59'),(1238,'26702','PLANET TRANSPORT LIMITADA','CATEDRAL 1009 OF. 404','SANTIAGO','CL','','','76.053.304-1','','PLANET',0,'2026-02-04 17:31:59','2026-02-04 17:31:59'),(1239,'3113','PROQUIEL QUIMICOS LTDA','HENRY FORD NO 1230, ','SANTIAGO','CL','recepcion@proquiel.cl','56 2 2928 9300','79.559.670-4','','PROQUIEL',1,'2026-02-04 17:31:59','2026-02-04 17:31:59'),(1240,'3184','QUIMICA DEL CAMPO LTDA.','AVDA. SAN EUGENIO 600,UOA','SANTIAGO','CL','','56(02)2392050','93.447.000-1','','DEL CAMPO',1,'2026-02-04 17:31:59','2026-02-04 17:31:59'),(1241,'3249','TRANSPORTE Y SERVICIOS REMSSA S.A.','LOPE DE ULLOA 1885 QTA. NORMAL','SANTIAGO','CL','','2200011','96.934.720-2','','REMSSA',1,'2026-02-04 17:31:59','2026-02-04 17:31:59'),(1242,'6174','REPRESENTACIONES CANONTEX LTDA','AV. PATRICIA VIUELA 334 LAMPA','SANTIAGO','CL','','4825122','78.526.430-4','PULLETTE GAMERRE','CANONTEX',1,'2026-02-04 17:31:59','2026-02-04 17:31:59'),(1243,'3700','STANMORE LTDA.','EUROPA N 1920,PROVIDENCIA','SANTIAGO','CL','jorge.cid@stanmore.cl','','77.733.090-K','','STANMORE',1,'2026-02-04 17:31:59','2026-02-04 17:31:59'),(1244,'3699','STANDARD WOOL CHILE S.A.','KILOMETRO 13 1/2 RUTA 9 NORTE','PUNTA ARENAS','CL','','','96.553.790-2','','WOOL',0,'2026-02-04 17:31:59','2026-02-04 17:31:59'),(1245,'46225','TRAN.E INT.DE TRANSP.TIBA CHILE LTDA','ALMIRANTE PASTENE 185, OF. 809','SANTIAGO','CL','acampagna@tibagroup.com','','76.320.613-0','','TIBA CHILE',1,'2026-02-04 17:31:59','2026-02-04 17:31:59'),(1246,'5569','TOP CARGO CHILE LTDA.','AV. PROVIDENCIA 2133, OFICINA 702, ','SANTIAGO','CL','mjluco@topcargo.cl','562 23641226','77.749.450-3','MARIA LUZ CARREO','TOP CARGO',1,'2026-02-04 17:31:59','2026-02-04 17:31:59'),(1247,'53280','TOTAL TRADE LOGISTICS SPA','AV.LAS CONDES 7700 OF.711 TORRE A ','SANTIAGO','CL','','','76.258.126-4','','TRADE',0,'2026-02-04 17:31:59','2026-02-04 17:31:59'),(1248,'20844','CV TRADING S.A.','EL GUANACO N 6464 M.C-4.HUECHURABA','SANTIAGO','CL','','','78.254.990-1','','CV TRADING',0,'2026-02-04 17:31:59','2026-02-04 17:31:59'),(1249,'39237','TRENZ.FRANC.FRAILE REYES EIRL','VICTOR MANUEL 1879','SANTIAGO','CL','','','52.003.179-0','','FRAILE',0,'2026-02-04 17:31:59','2026-02-04 17:31:59'),(1250,'27965','UNIPACK S.A.','AV.PDTE.EDO.FREI MONTALVA.QUILICURA','SANTIAGO','CL','info@unipack.cl','(562) 7997000','76.008.942-7','','UNIPACK',1,'2026-02-04 17:31:59','2026-02-04 17:31:59'),(1251,'41854','REPRES.Y SERVICIOS CAVADA Y CIA.LTDA','PORTAL FERNANDEZ CONCHA 960 OF.420','SANTIAGO','CL','','','76.193.152-0','','CAVADA LOGISTIC',0,'2026-02-04 17:31:59','2026-02-04 17:31:59'),(1252,'29450','ACCIONA FORWARDING CHILE S.A.','AV.AMERICO VESPUCIO ORIENTE N1309 ','SANTIAGO','CL','xyeber@accionafwd.c','','96.648.380-6','','ACCIONA FORWAR',1,'2026-02-04 17:31:59','2026-02-04 17:31:59'),(1253,'312','APRILE CHILE S.A.','ROMAN DIAZ 205 OF.604 PROVIDENCIA','SANTIAGO','CL','c.mazzitelli@aprilenet.com','','99.506.220-8','','APRILECHI',1,'2026-02-04 17:31:59','2026-02-04 17:31:59'),(1254,'5374','NAVICON OVERSEAS CHILE SPA','AV.RICARDO LYON 222 OF.504 ','SANTIAGO','CL','fsaavedra.chile@navicon.org','','99.558.770-K','FERNANDO SAAVEDRA','NAVICON',1,'2026-02-04 17:31:59','2026-02-04 17:31:59'),(1255,'11868','OVERSEAS LOGISTICS CHILE S.A.','AV.APOQUINDO 6410 OF.602','SANTIAGO','CL','ocean@olc.cl','(56 2) 2 211 1020','76.566.000-9','ALVARO ARIAS','OVERSEAS LOGIST',1,'2026-02-04 17:31:59','2026-02-04 17:31:59'),(1256,'29999','SOUTH CARGO CHILE TRAN.Y LOG.LTDA','HERNANDO DE AGUIRRE NO.268 OF.201','PROVIDENCIA SANTIAGO','CL','faravena@southcargo.cl','56 2 2324845','76.743.220-8','','SOUTH CARGO',1,'2026-02-04 17:31:59','2026-02-04 17:31:59'),(1257,'4130','YICHENG LOGISTICS (CHILE) LIMITADA','AV.PROVIDENCIA 2370 OF 26','SANTIAGO','CL','accountingiqq@yicheng-logistics.com','02-3349947','77.868.650-3','','YICHENG',1,'2026-02-04 17:31:59','2026-02-04 17:31:59'),(1258,'39633','BALMORAL ASES.Y SERV.LTDA.','ESTORIL 200 OF. 726 LAS CONDES','SANTIAGO','CL','','','77.384.960-9','','BALMORAL',0,'2026-02-04 17:31:59','2026-02-04 17:31:59'),(1259,'21700','CARGO NET LOGISTICS S.A.','AMERICO VESPUCIO ORIENTE 1309 O.202','SANTIAGO','CL','jvelasquez@cncgroup.cl ','56224430146','76.745.780-4','','CARGO NET ',1,'2026-02-04 17:31:59','2026-02-04 17:31:59'),(1260,'43876','SOC.COM.Y DISTRIBUIDORA LIBERONA S.A.','SANTA MONICA 03550','SANTIAGO','CL','','','76.007.474-8','','LIBERONA',0,'2026-02-04 17:31:59','2026-02-04 17:31:59'),(1261,'39266','CSI FREIGHT FORWARDER SERVICES LTDA','PEDRO LEON UGALDE 1365 SANTIAGO','SANTIAGO','CL','','','76.112.675-K','','CSI',0,'2026-02-04 17:31:59','2026-02-04 17:31:59'),(1262,'10024','FLEX EQUIPOS DE DESCANSO CHILE LTDA','GRAL VELASQUEZ 10000.SAN BERNARDO','SANTIAGO','CL','','','77.924.090-8','','FLEXE',0,'2026-02-04 17:31:59','2026-02-04 17:31:59'),(1263,'35120','FRIOSUR ALIMENTOS DEL MAR S.A.','AV.ANDRES BELLO 2777, PISO 8 OF.802','LAS CONDES, SANTIAGO','CL','','','78.081.820-4','','FRIOSUR',0,'2026-02-04 17:31:59','2026-02-04 17:31:59'),(1264,'1759','HUNTER DOUGLAS CHILE S.A.','PORTALES ORIENTE 1757.SAN BERNARDO','SANTIAGO','CL','','8572770','92.654.000-9','JORGE RUIZ TAGLE','HUNTER DOU',1,'2026-02-04 17:31:59','2026-02-04 17:31:59'),(1265,'4745','JUANA ELIANA GALAZ FARIAS','SANTA ELISA PARCELA 25','CHIMBARONGO','CL','','','6.464.878-0','','JUANA',0,'2026-02-04 17:31:59','2026-02-04 17:31:59'),(1266,'29274','NEWPORT CARGO S.A.','AV. A.VESPUCIO ORIENTE 1309 OF.501','SANTIAGO','CL','op_maritimas@newportcargo.cl','56-02-27950128','76.320.340-9','','NEXUS',1,'2026-02-04 17:31:59','2026-02-04 17:31:59'),(1267,'28675','SEEMANN Y COMPAIA LIMITADA','LAS BELLOTAS 199 OF.52','PROVIDENCIA, SANTIAGO','CL','','','76.583.910-6','','SEEMANN ',0,'2026-02-04 17:31:59','2026-02-04 17:31:59'),(1268,'3635','SOCIEDAD RIADI LTDA.','LAUTARO 365 QUILICURA','SANTIAGO','CL','','6210311','78.493.650-3','','RIADI',1,'2026-02-04 17:31:59','2026-02-04 17:31:59'),(1269,'3536','SOCIEDAD EXPORTADORA VERFRUT S.A.','PARCELA 5 SANTA INES,  LAS CABRAS','RANCAGUA','CL','olga@verfrut.cl','2357898','78.029.510-4','OLGA ABARCA','VERFRUT',1,'2026-02-04 17:31:59','2026-02-04 17:31:59'),(1271,'37960','STONEGATE SHIPPING CHILE LTDA','LAS NACIONES NO.146. MAIPU','SANTIAGO','CL','shermosilla@stonegate.cl;','316 8283','76.082.724-K','','STONEGATE',1,'2026-02-04 17:31:59','2026-02-04 17:31:59'),(1273,'3305','GEODIS WILSON CHILE LTDA.','AV. VITACURA 4380. PISO 9 ','SANTIAGO','CL','alejandro.riquelme@cl.geodiswilson.com','4503600','79.699.520-3','JOANNA SCHOLZ','GEODIS WILSON',1,'2026-02-04 17:31:59','2026-02-04 17:31:59'),(1274,'46196','AFS CARGO JUAN ESTEBAN ESPINOZA EIRL','CALLAO 2970 OF 808/809 ','SANTIAGO','CL','jvalenzuela@afs-cargo.cl','','76.365.797-3','','AFS',1,'2026-02-04 17:31:59','2026-02-04 17:31:59'),(1276,'53176','BRUEGGEN AMERICA S.A.','AV. EL VENTISQUERO 1148 RENCA','SANTIAGO','CL','','','76.493.368-0','','BRUEGGEN',0,'2026-02-04 17:31:59','2026-02-04 17:31:59'),(1277,'43730','CAPESPAN CHILE SPA','AV.LA DEHESA 1201 OF.719.','LO BARNECHEA,  SANTIAGO','CL','','02-22418330','76.265.822-4','','CAPESPAN ',1,'2026-02-04 17:31:59','2026-02-04 17:31:59'),(1278,'42041','COMERCIAL TAI DA LTDA.','ALONSO DE OVALLE 1060 PISO 2 L.33','SANTIAGO','CL','','','76.213.436-5','','TAI DA',0,'2026-02-04 17:31:59','2026-02-04 17:31:59'),(1279,'6479','EMO TRANS CHILE TRANSP.INTERNACIONAL.S.A','FIDEL OTEIZA # 1916 OF 402 PROVIDENCIA','SANTIAGO','CL','','02 204 7000','76.124.750-6','MANUEL ESPINA','TRANS',1,'2026-02-04 17:31:59','2026-02-04 17:31:59'),(1280,'22079','S.DE TTE.ETERNITY I.F.F.(CHILE)LTDA','C EL PLOMO 5680 OF 401,LAS CONDES','SANTIAGO','CL','dhuang@eternitychile.com','22481100','77.816.180-K','DANIEL HUANG','ETERNITY',1,'2026-02-04 17:31:59','2026-02-04 17:31:59'),(1281,'10538','GANADERA  ABAROA S.A.','AV. RODOMIRO TOMIC N 6949','ANTOFAGASTA','CL','','','79.751.060-2','','ABAROA',0,'2026-02-04 17:31:59','2026-02-04 17:31:59'),(1282,'7021','IMPORT Y EXPORT MASEL LTDA','AV EINSTEIN 640 BODEGA 3','SANTIAGO','CL','','24577456','76.136.200-3','LUIS CAMPOS','MASEL',1,'2026-02-04 17:31:59','2026-02-04 17:31:59'),(1283,'38339','IMPORTADORA PCPLAY CHILE LIMITADA','SAN DIEGO 937 OF 7, PISO 2','SANTIAGO','CL','','','76.126.213-0','','PCPLAY',0,'2026-02-04 17:31:59','2026-02-04 17:31:59'),(1284,'45964','IMPORTADORA OAKDALE LIMITADA','CONFERENCIA 1201','SANTIAGO','CL','','','76.359.837-3','','OAKDALE',0,'2026-02-04 17:31:59','2026-02-04 17:31:59'),(1286,'12470','COM.LIN XIONG LTDA.','ALONSO OVALLE 1060 LOCAL 10','SANTIAGO','CL','','','76.444.550-3','','LIN XIONG',0,'2026-02-04 17:31:59','2026-02-04 17:31:59'),(1287,'11545','PEREZ DE LA FUENTE HNOS LT.','CALLE ROMERO 2861','SANTIAGO','CL','','','86.669.000-6','','PEREZ',0,'2026-02-04 17:31:59','2026-02-04 17:31:59'),(1288,'3861','TAYLOR Y MONTGOMERY LIMITADA','LA GIOCONDA 4365, LAS CONDES','SANTIAGO','CL','pjorquera@tradewings.cl','4122000','77.330.160-3','','TRADEWINGS',1,'2026-02-04 17:31:59','2026-02-04 17:31:59'),(1289,'7858','MANITOBA LTDA',NULL,NULL,NULL,'compras@manitoba.com.co','4435041','800.024.095-5',NULL,'INTERCOMEX ',1,'2026-02-04 18:31:57','2026-02-04 18:31:57'),(1291,'12306','IMPORTADORA FREE AIR F.A.,CA.',NULL,NULL,NULL,'','0414-2479585','J-31170977-0',NULL,'VECTOR GLOBAL L',1,'2026-02-04 18:31:57','2026-02-04 18:31:57'),(1292,'6330','PRIM. LINEAS URUG. DE NAVEG. AREA PLUNA',NULL,NULL,NULL,'','','59.018.790-9',NULL,'BARRY CALLEBAUT',0,'2026-02-04 18:31:57','2026-02-04 18:31:57'),(1293,'5972','usar 002899',NULL,NULL,NULL,'','','',NULL,'JIANFENG SPA',0,'2026-02-04 18:31:57','2026-02-04 18:31:57'),(1294,'6121','IMP. EXP. EXITO LTDA',NULL,NULL,NULL,'','','77.218.510-3',NULL,'HAILAN',0,'2026-02-04 18:31:57','2026-02-04 18:31:57'),(1295,'5960','ORIENT MARINE CO.LTD',NULL,NULL,NULL,'','','',NULL,'FEMAN LTDA. ',0,'2026-02-04 18:31:57','2026-02-04 18:31:57'),(1296,'6084','JULIO CESAR AQUINO',NULL,NULL,NULL,'','','14.736.915-8',NULL,'DALLETO',0,'2026-02-04 18:31:57','2026-02-04 18:31:57'),(1297,'6048','BESALCO CONSTRUCCIONES S.A.',NULL,NULL,NULL,'','','96.727.830-0',NULL,'AMERICANASIA',0,'2026-02-04 18:31:57','2026-02-04 18:31:57'),(1298,'6047','CENTRAL DE COMPRAS Y DISTRIBUCION',NULL,NULL,NULL,'','','96.920.360-K',NULL,'COMERCIAL G Y G',0,'2026-02-04 18:31:57','2026-02-04 18:31:57'),(1299,'6049','ENRIQUE CONCHA MUEBLES S.A',NULL,NULL,NULL,'ISABEL@ECONCHA.CL','9642220','78.298.010-6',NULL,'COMERCIAL SUPER',1,'2026-02-04 18:31:57','2026-02-04 18:31:57'),(1300,'6329','PAULINA ANDREA PEREZ NAVARRO',NULL,NULL,NULL,'','','7.429.239-9',NULL,'INT.SPORT SA',0,'2026-02-04 18:31:57','2026-02-04 18:31:57'),(1301,'6118','IMP. EXP.TEXTINO LTDA',NULL,NULL,NULL,'','','77.193.270-3',NULL,'NEVADO SPA ',0,'2026-02-04 18:31:57','2026-02-04 18:31:57'),(1302,'6152','SERVICIOS COMPUCENTER LTDA',NULL,NULL,NULL,'','','77.832.940-9',NULL,'O BIO',0,'2026-02-04 18:31:57','2026-02-04 18:31:57'),(1303,'6192','FERNANDO GAETE AVALOS',NULL,NULL,NULL,'','','7.984.457-8',NULL,'R.M. SPA',0,'2026-02-04 18:31:57','2026-02-04 18:31:57'),(1304,'6193','IMPORTADORA TOSHIKO LTDA',NULL,NULL,NULL,'','','79.908.530-5',NULL,'FENG Y ZHONG',0,'2026-02-04 18:31:57','2026-02-04 18:31:57'),(1305,'6151','IMPORT. Y EXPORT BROADWAY LTDA',NULL,NULL,NULL,'','','77.831.470-3',NULL,'WENG SHI',0,'2026-02-04 18:31:57','2026-02-04 18:31:57'),(1306,'6334','CHARLES HINOGOSA CAMACHO',NULL,NULL,NULL,'','','',NULL,'IVAN PATRICIO O',0,'2026-02-04 18:31:57','2026-02-04 18:31:57'),(1307,'6136','IMP. EXP. KANY LTDA',NULL,NULL,NULL,'kanyltda@hotmail.com','','77.632.340-3',NULL,'FRUTOS DEL PAIS',1,'2026-02-04 18:31:57','2026-02-04 18:31:57'),(1308,'6336','ANYA JOFRE',NULL,NULL,NULL,'','','',NULL,'HOGAR CALIDO',0,'2026-02-04 18:31:57','2026-02-04 18:31:57'),(1309,'6120','IMP.EXP. COMPANY CHINA LUCKY FILM',NULL,NULL,NULL,'','','77.210.410-3',NULL,'MERIDA',0,'2026-02-04 18:31:57','2026-02-04 18:31:57'),(1310,'6451','SOCIEDAD EXP. AGUAS MARINAS',NULL,NULL,NULL,'','','77.611.770-6',NULL,'EL ALGARROBAL ',0,'2026-02-04 18:31:57','2026-02-04 18:31:57'),(1311,'6119','IMP. EXP. SOL DE LOS ANDES',NULL,NULL,NULL,'','','77.202.350-2',NULL,'PRIMERO MALL',0,'2026-02-04 18:31:57','2026-02-04 18:31:57'),(1312,'6335','JUAN CARLOS FLORES',NULL,NULL,NULL,'','','',NULL,'CONTIGO SPA',0,'2026-02-04 18:31:57','2026-02-04 18:31:57'),(1313,'6332','MARTIN G. QUIROS',NULL,NULL,NULL,'','59170611745','',NULL,'GARDEN ',1,'2026-02-04 18:31:57','2026-02-04 18:31:57'),(1314,'6338','CORRIGE ERRORES',NULL,NULL,NULL,'','','',NULL,'ENCONTRAR ',0,'2026-02-04 18:31:57','2026-02-04 18:31:57'),(1315,'6333','MILNER GALARZA GUZMAN',NULL,NULL,NULL,'','59144559312','',NULL,'AILIS HOME SPA',1,'2026-02-04 18:31:57','2026-02-04 18:31:57'),(1316,'6331','GONZALO VIDANGOS',NULL,NULL,NULL,'','2770198','',NULL,'CASA LIHUA ',1,'2026-02-04 18:31:57','2026-02-04 18:31:57'),(1317,'6366','ASODUCAM S.A',NULL,NULL,NULL,'','','96.703.980-2',NULL,'PLASTICOS ',0,'2026-02-04 18:31:57','2026-02-04 18:31:57'),(1318,'6349','JOSE FARNOR GALDO',NULL,NULL,NULL,'','','',NULL,'COMBA SPA',0,'2026-02-04 18:31:57','2026-02-04 18:31:57'),(1319,'6348','LINDER DELGADILLO',NULL,NULL,NULL,'','','',NULL,'NEWCOMEX ',0,'2026-02-04 18:31:57','2026-02-04 18:31:57'),(1320,'6365','EXP. REPRESENTACIONES VECA LTDA',NULL,NULL,NULL,'','','77.095.080-5',NULL,'ALS INT',0,'2026-02-04 18:31:57','2026-02-04 18:31:57'),(1321,'6445','PESQUERA JAALMAR S.A',NULL,NULL,NULL,'','','79.626.960-K',NULL,'LIANG&KA ',0,'2026-02-04 18:31:57','2026-02-04 18:31:57'),(1322,'6444','WIN AIR CHILE S.A',NULL,NULL,NULL,'','','99.560.930-4',NULL,'NOVA LOGISTICS ',0,'2026-02-04 18:31:57','2026-02-04 18:31:57'),(1323,'6443','PACIFIC QUEST LTDA',NULL,NULL,NULL,'','','77.263.810-8',NULL,'CENTURI ',0,'2026-02-04 18:31:57','2026-02-04 18:31:57'),(1324,'6442','NEW BAY PRODUCTOS',NULL,NULL,NULL,'','','96.560.790-0',NULL,'TRAE LOGISTICA ',0,'2026-02-04 18:31:57','2026-02-04 18:31:57'),(1325,'6456','GORI CHILE S.A.',NULL,NULL,NULL,'moris.f@cl.ggori.com','56 2 480 7219','96.976.190-4',NULL,'VIDRIOS C&C',1,'2026-02-04 18:31:57','2026-02-04 18:31:57'),(1326,'6459','VIA MAT ARGENTINA',NULL,NULL,NULL,'','','',NULL,'AMN SERVICES ',0,'2026-02-04 18:31:57','2026-02-04 18:31:57'),(1327,'6457','FRESENIUS KABI CHILE LTDA.',NULL,NULL,NULL,'','','77.478.120-K',NULL,'AAKS SPA ',0,'2026-02-04 18:31:57','2026-02-04 18:31:57'),(1328,'6471','ERASMO PEREZ',NULL,NULL,NULL,'','','',NULL,'IMPORTADORA MB ',0,'2026-02-04 18:31:57','2026-02-04 18:31:57'),(1329,'6494','VIEDOS ERRAZURIZ OVALLE S.A',NULL,NULL,NULL,'','','96.822.650-9',NULL,'MAFRAMA SPA',0,'2026-02-04 18:31:57','2026-02-04 18:31:57'),(1330,'6495','INV. AGRI. ANDES TRADING PARTNERS LTDA',NULL,NULL,NULL,'','','77.709.930-2',NULL,'MERY SPA',0,'2026-02-04 18:31:57','2026-02-04 18:31:57'),(1331,'6496','SOC. AGRI. YANTEN URBINA LTDA',NULL,NULL,NULL,'','','88.553.000-1',NULL,'CELL ZION',0,'2026-02-04 18:31:57','2026-02-04 18:31:57'),(1332,'6524','AGROIND. A C BALDRICH CHILE LTDA',NULL,NULL,NULL,'','','78.059.800-K',NULL,'BCC SERVICIOS',0,'2026-02-04 18:31:57','2026-02-04 18:31:57'),(1333,'6526','EXPORTADORA SANTA PAULA LTDA',NULL,NULL,NULL,'','072-710650','77.677.780-3',NULL,'FERROMAS',1,'2026-02-04 18:31:57','2026-02-04 18:31:57'),(1334,'6523','DAMPORT GLOBAL LOGISTICS LTDA',NULL,NULL,NULL,'','','77.862.170-3',NULL,'LOBATO',0,'2026-02-04 18:31:57','2026-02-04 18:31:57'),(1335,'6543','BEMIS MANUFACTURING COM.CHILE LTDA',NULL,NULL,NULL,'','','77.188.130-0',NULL,'CVE ENERGIA',0,'2026-02-04 18:31:57','2026-02-04 18:31:57'),(1336,'6542','PLASTICOS LA UNION LTDA',NULL,NULL,NULL,'','','78.624.330-0',NULL,'ARTILAB',0,'2026-02-04 18:31:57','2026-02-04 18:31:57'),(1338,'6545','TECH DATA CHILE S.A',NULL,NULL,NULL,'','','96.709.730-6',NULL,'HAN LOGISTICS',0,'2026-02-04 18:31:57','2026-02-04 18:31:57'),(1339,'6588','TRANSOCEANICA DE CNTRS FLASH',NULL,NULL,NULL,'','','',NULL,'CIDELTA',0,'2026-02-04 18:31:57','2026-02-04 18:31:57'),(1340,'6590','ALSTON CHILE S.A ',NULL,NULL,NULL,'','','80.889.200-6',NULL,'JUST LOGISTICS ',0,'2026-02-04 18:31:57','2026-02-04 18:31:57'),(1341,'6591','COINTRA SRL',NULL,NULL,NULL,'','','30-68358239-1',NULL,'CHILEBABA ',0,'2026-02-04 18:31:57','2026-02-04 18:31:57'),(1342,'6589','FERRYLINEAS ARGENTINAS S.A',NULL,NULL,NULL,'','','',NULL,'PACIFICO SUR',0,'2026-02-04 18:31:57','2026-02-04 18:31:57'),(1344,'6609','CECINAS BAVARIA LTDA',NULL,NULL,NULL,'','','86.486.100-8',NULL,'MINERAS SPA',0,'2026-02-04 18:31:57','2026-02-04 18:31:57'),(1345,'7011','BRANTA LTDA',NULL,NULL,NULL,'','','830.006.204-4',NULL,'ESTRATEGIA',0,'2026-02-04 18:31:57','2026-02-04 18:31:57'),(1347,'6734','ST PATRICK S.A',NULL,NULL,NULL,'','413400','96.941.520-8',NULL,'C&C CHILE',1,'2026-02-04 18:31:57','2026-02-04 18:31:57'),(1348,'6733','AG AD RICARDO LARRAGUIBEL Y CIA LTDA',NULL,NULL,NULL,'','','78.011.070-8',NULL,'PERGOLUX CHILE ',0,'2026-02-04 18:31:57','2026-02-04 18:31:57'),(1349,'6730','ELIZABETH SAFFIR',NULL,NULL,NULL,'','','',NULL,'COM. DAHER',0,'2026-02-04 18:31:57','2026-02-04 18:31:57'),(1350,'6729','GONZALO RODRIGUEZ & CIA S.EN C.S',NULL,NULL,NULL,'','','890.301.079-2',NULL,'IMP. DOUX ',0,'2026-02-04 18:31:57','2026-02-04 18:31:57'),(1351,'6728','GLODEX S.A.S',NULL,NULL,NULL,'impuestos@roldanlogistica.com','57(4)2661564','811.026.845-1',NULL,'YUANDA TECH ',1,'2026-02-04 18:31:57','2026-02-04 18:31:57'),(1352,'6735','HAMBURG SUD COLOMBIA LTDA.',NULL,NULL,NULL,'','57(1)5936593','830.075.489-0',NULL,'VERANO EPC SPA',1,'2026-02-04 18:31:57','2026-02-04 18:31:57'),(1353,'6720','CONCENTRADOS S.A',NULL,NULL,NULL,'mpardo@concentrados.com.co','2288503','800.012.375-0',NULL,'OCHO FUEGOS SPA',1,'2026-02-04 18:31:57','2026-02-04 18:31:57'),(1354,'6723','EXPEDITORS DE COLOMBIA LTDA',NULL,NULL,NULL,'samyr.uribe@expeditors.com','57(1)3130098','830.050.256-3',NULL,'DECO ARTE ',1,'2026-02-04 18:31:57','2026-02-04 18:31:57'),(1355,'6717','COLOMBIANA KIMBERLY COLPAPEL S.A',NULL,NULL,NULL,'','600 2700','860.015.753-3',NULL,'FAES FARMA ',1,'2026-02-04 18:31:57','2026-02-04 18:31:57'),(1356,'6736','INTERLOGISTIC LTDA',NULL,NULL,NULL,'bogota@interlogistic.com.co','57(1)7512870 ','800.071.277-9',NULL,'GOLDEN OAK SPA',1,'2026-02-04 18:31:57','2026-02-04 18:31:57'),(1357,'6737','INTERWORLD FREIGHT LTDA.',NULL,NULL,NULL,'cfinanciera@iwglogistics.com','57(1)3274747 ','830.002.655-4',NULL,'ZINC ZINCLEY ',1,'2026-02-04 18:31:57','2026-02-04 18:31:57'),(1358,'6738','JB LOGISTIC LTDA',NULL,NULL,NULL,'ricardo.pinto@jb-logistics.com','4119311','830.050.590-9',NULL,'ZOCCA SPA',1,'2026-02-04 18:31:57','2026-02-04 18:31:57'),(1359,'6767','COBRES DE COLOMBIA LTDA',NULL,NULL,NULL,'ggarzono@cobres.com.co','6644576','890.300.534-8',NULL,'LATAMFIT CHILE ',1,'2026-02-04 18:31:57','2026-02-04 18:31:57'),(1360,'6768','C.I. DISAN S.A',NULL,NULL,NULL,'','','860.048.867-6',NULL,'EQ DE IZAJE',0,'2026-02-04 18:31:57','2026-02-04 18:31:57'),(1361,'6769','C.I VALLE TRADE S.A',NULL,NULL,NULL,'oscarmolina@corfivalle.com.co','4399090','800.116.271-0',NULL,'TOBAR Y BERNAL ',1,'2026-02-04 18:31:57','2026-02-04 18:31:57'),(1362,'6765','BRITILANA BENREY S.A',NULL,NULL,NULL,'jzarmati@telesat.com.co','4417777','890.300.329-4',NULL,'KARGA & COMEX A',1,'2026-02-04 18:31:57','2026-02-04 18:31:57'),(1363,'6779','CORPACERO MARCO Y ELIECER SREDNI Y CIA',NULL,NULL,NULL,'irojas@corpacero.com','4464100','860.001.899-9',NULL,'FA RYR SPA',1,'2026-02-04 18:31:57','2026-02-04 18:31:57'),(1364,'6781','DHL GLOBAL FORWARDING COLOMBIA LTDA',NULL,NULL,NULL,'','429 2900','860.030.380-2',NULL,'ATLANTICO',1,'2026-02-04 18:31:57','2026-02-04 18:31:57'),(1365,'6780','DELTA SERVICIOS MARITIMOS',NULL,NULL,NULL,'','6019000','830.076.748-8',NULL,'BRIDGE',1,'2026-02-04 18:31:57','2026-02-04 18:31:57'),(1366,'6802','A Y A INTERNATIONAL SAS',NULL,NULL,NULL,'aainterna@hotmail.com ','57(2)6675654 ','805.017.552-9',NULL,'LEFINCUL LIMITA',1,'2026-02-04 18:31:57','2026-02-04 18:31:57'),(1367,'6803','A. LAUMAYER Y CIA LTDA',NULL,NULL,NULL,'gladyscorrea@alaumayer.com','2671647','',NULL,'VICTOR YANEZ S',1,'2026-02-04 18:31:57','2026-02-04 18:31:57'),(1368,'6829','ADUANAS OVIC S EN C SOC DE INTERNEDIACIO',NULL,NULL,NULL,'','','860.075.384-5',NULL,'ENGINEERING ',0,'2026-02-04 18:31:57','2026-02-04 18:31:57'),(1369,'6830','ADUANIMEX CALI LTDA',NULL,NULL,NULL,'','57(4)3502292','805.017.449-8',NULL,'TOP SHOE SPA',1,'2026-02-04 18:31:57','2026-02-04 18:31:57'),(1370,'6279','DOMINGO PATRICIO MAULEN ARROYO',NULL,NULL,NULL,'','','7.224.171-1',NULL,'A3 ELECTRIC ',0,'2026-02-04 18:31:57','2026-02-04 18:31:57'),(1371,'6865','ALIMENTOS DON MANGOLO LTDA',NULL,NULL,NULL,'','2474146','860.523.922-0',NULL,'PENN',1,'2026-02-04 18:31:57','2026-02-04 18:31:57'),(1372,'6905','ENVAFLEX SANTA CRUZ',NULL,NULL,NULL,'','3567423','105465104013',NULL,'JARAMILLO Y JAI',1,'2026-02-04 18:31:57','2026-02-04 18:31:57'),(1373,'6929','ASOCIACION EMPRESARIAL ANTICONTRABANDO',NULL,NULL,NULL,'','','830.112.759-3',NULL,'IANSA INGREDIEN',0,'2026-02-04 18:31:57','2026-02-04 18:31:57'),(1374,'7006','BOTERO GILDARDO',NULL,NULL,NULL,'gilsabo@telesat.com.co','8841123','70.690.299-9',NULL,'MERIDIAN',1,'2026-02-04 18:31:57','2026-02-04 18:31:57'),(1376,'7008','BOTON PROMO EU',NULL,NULL,NULL,'','','830.109.536-7',NULL,'WANG SHENG ',0,'2026-02-04 18:31:57','2026-02-04 18:31:57'),(1378,'6997','PROVIMI S.A.',NULL,NULL,NULL,'leonardo_cancino@cargill.com','57(1)5190010','800.041.007-9',NULL,'CERDA Y CERDA ',1,'2026-02-04 18:31:57','2026-02-04 18:31:57'),(1379,'6999','BJ SERVICES COMPANY S.A',NULL,NULL,NULL,'','','860.010.985-2',NULL,'SOLQUIM ',0,'2026-02-04 18:31:57','2026-02-04 18:31:57'),(1380,'6996','BIOSYSTEM LTDA',NULL,NULL,NULL,'','','800.208.195-4',NULL,'CITROSPAL SPA',0,'2026-02-04 18:31:57','2026-02-04 18:31:57'),(1381,'7082','CALLE CALLE ARTURO',NULL,NULL,NULL,'COMERCIO.EXTERIOR@ARTUROCALLE.COM.CO ','57(1)4115055','2.913.770-9',NULL,'ICONEX CHILE S.',1,'2026-02-04 18:31:57','2026-02-04 18:31:57'),(1383,'7081','CALES Y DERIVADOS CALCAREOS RIO CLARO LT',NULL,NULL,NULL,'calesrioclaro@epm.net.co','2603175','890.927.624-4',NULL,'VARGAS & VARGAS',1,'2026-02-04 18:31:57','2026-02-04 18:31:57'),(1384,'7083','CALZADO LTDA',NULL,NULL,NULL,'','5421768','830.020.902-5',NULL,'INV. SOUTH',1,'2026-02-04 18:31:57','2026-02-04 18:31:57'),(1386,'7085','CARBONE RODRIGUEZ Y CIA SCA ITALCOL',NULL,NULL,NULL,'','','860.026.895-8',NULL,'PROMA CHILE',0,'2026-02-04 18:31:57','2026-02-04 18:31:57'),(1387,'7084','CAMARPLAST LTDA',NULL,NULL,NULL,'','208 4090','800.147.371-1',NULL,'SOLARITY SPA',1,'2026-02-04 18:31:57','2026-02-04 18:31:57'),(1389,'7153','CIBA NIT ERRADO',NULL,NULL,NULL,'','','830.025.233-9',NULL,'INGENIERIA EN ',0,'2026-02-04 18:31:57','2026-02-04 18:31:57'),(1390,'7152','SAMTRONIC TACNA S.A',NULL,NULL,NULL,'','','20279768168',NULL,'CABALLERO ',0,'2026-02-04 18:31:57','2026-02-04 18:31:57'),(1391,'7154','CIFUENTES CIFUENTES PATRICIA',NULL,NULL,NULL,'','6332939','51.742.161-7',NULL,'SAN PENG ',1,'2026-02-04 18:31:57','2026-02-04 18:31:57'),(1392,'7156','CINE COLOMBIA S.A',NULL,NULL,NULL,'','','890.900.076-0',NULL,'TOY CHILE SPA',0,'2026-02-04 18:31:57','2026-02-04 18:31:57'),(1393,'7211','COMER. EUROSURAMERICANA',NULL,NULL,NULL,'','','830.070.428-9',NULL,'PACIFIC SPA',0,'2026-02-04 18:31:57','2026-02-04 18:31:57'),(1394,'7213','COMERCIALIZADORA FLORALIA S.A',NULL,NULL,NULL,'henrymorales@autoserviciomercatodo.com','57(2)4423373 ','805.021.782-1',NULL,'FEGOSA ',1,'2026-02-04 18:31:57','2026-02-04 18:31:57'),(1395,'7212','COMERCIALIZADORA F & F LTDA',NULL,NULL,NULL,'','','835.000.293-0',NULL,'ESTRELLA',0,'2026-02-04 18:31:57','2026-02-04 18:31:57'),(1396,'7208','COMERCIALIZADORA DELMAR LTDA',NULL,NULL,NULL,'dalia.nefferc@hotmail.com','8959080','805.026.448-9',NULL,'SU CASA',1,'2026-02-04 18:31:57','2026-02-04 18:31:57'),(1397,'7209','COM. DIAZ CASTAEDA LTDA',NULL,NULL,NULL,'','','830.040.836-2',NULL,'AKEBO ',0,'2026-02-04 18:31:57','2026-02-04 18:31:57'),(1398,'7210','COM. DIST NAL AGRICOLA',NULL,NULL,NULL,'','','837.000.501-5',NULL,'DASO SPA',0,'2026-02-04 18:31:57','2026-02-04 18:31:57'),(1399,'7214','COMERCIALIZADORA FRANING LTDA',NULL,NULL,NULL,'','','860.516.066-1',NULL,'FENIX',0,'2026-02-04 18:31:57','2026-02-04 18:31:57'),(1400,'7254','COMPAIA GLOBAL DE PINTURAS S.A.',NULL,NULL,NULL,'ncardona@pintuco.com','3848448','890.900.148-2',NULL,'VIAL',1,'2026-02-04 18:31:57','2026-02-04 18:31:57'),(1401,'7253','COMPANIA NACIONAL DE CHOCOLATES S A S',NULL,NULL,NULL,'befranco@chocolates.com.co','57(4)4028000','811.036.030-9',NULL,'TRAN.MULTIMODAL',1,'2026-02-04 18:31:57','2026-02-04 18:31:57'),(1402,'7256','COMPANIA DE PLASTICOS SEUL S A S',NULL,NULL,NULL,'contabilidad1@complase.com','57(1)7431199','800.232.283-5',NULL,'POWERCHINA LTD.',1,'2026-02-04 18:31:57','2026-02-04 18:31:57'),(1403,'7313','DICERMEX S.A',NULL,NULL,NULL,'','311 8459','800.200.237-9',NULL,'REY LTDA',1,'2026-02-04 18:31:57','2026-02-04 18:31:57'),(1404,'7312','DIAZ GUERRERO Y CIA S EN C',NULL,NULL,NULL,'diquensen@hotmail.com','2111988','830.080.548-7',NULL,'MAP CARGO',1,'2026-02-04 18:31:57','2026-02-04 18:31:57'),(1405,'7314','PRACO DIDACOL S.A.',NULL,NULL,NULL,'','4238300','860.047.657-1',NULL,'JOSHUA SPA',1,'2026-02-04 18:31:57','2026-02-04 18:31:57'),(1406,'7434','EXPORTADORA DE CAFE CONDOR S.A',NULL,NULL,NULL,'','','860.535.762-0',NULL,'CONTINENTAL',0,'2026-02-04 18:31:57','2026-02-04 18:31:57'),(1407,'7315','DIEGO ANDRES GARCIA BARBANTI',NULL,NULL,NULL,'','2575973','',NULL,'IGRC LTDA',1,'2026-02-04 18:31:57','2026-02-04 18:31:57'),(1408,'7311','DESINFECTANTES PATOJITO S.A',NULL,NULL,NULL,'','','817.000.809-5',NULL,'MYLPAN',0,'2026-02-04 18:31:57','2026-02-04 18:31:57'),(1409,'7499','IMPORTACIONES FRUTOS DE AMERICA LTDA',NULL,NULL,NULL,'frutosdeamerica@une.net.co','57(4)2564478','811.037.817-2',NULL,'ASENJO',1,'2026-02-04 18:31:57','2026-02-04 18:31:57'),(1410,'7676','INDUSTRIAS DONSSON LTDA',NULL,NULL,NULL,'','3701082','800.092.967-2',NULL,'AIR BRIDGE SPA',1,'2026-02-04 18:31:57','2026-02-04 18:31:57'),(1411,'7706','INTERCOMERCIAL ANDINA LTDA',NULL,NULL,NULL,'','','830.025.172-8',NULL,'QING TIAN REN',0,'2026-02-04 18:31:57','2026-02-04 18:31:57'),(1412,'7648','INCAUCA REFINERIA DE COLOMBIA S A',NULL,NULL,NULL,'','','817.000.423-6',NULL,'C & C ',0,'2026-02-04 18:31:57','2026-02-04 18:31:57'),(1413,'7773','KAFIL LTDA',NULL,NULL,NULL,'','','800.189.971-0',NULL,'ATILSON CARGO',0,'2026-02-04 18:31:57','2026-02-04 18:31:57'),(1414,'7888','MEDITALIA S.A',NULL,NULL,NULL,'','','830.018.078-4',NULL,'J Y R SPA',0,'2026-02-04 18:31:57','2026-02-04 18:31:57'),(1415,'7660','INDULATEX SA EN RESTRUCTURACION ',NULL,NULL,NULL,'indulatex@elsitio.net.co','8219181','860.525.726-2',NULL,'ASESORIAS Y SER',1,'2026-02-04 18:31:57','2026-02-04 18:31:57'),(1416,'7645','IMPULSORES INTERNACIONALES LTDA',NULL,NULL,NULL,'comercioexterior@impulsores.com','','860.066.633-6',NULL,'PRODUCTIVOS S.A',1,'2026-02-04 18:31:57','2026-02-04 18:31:57'),(1417,'7661','INDUMA S.C.A',NULL,NULL,NULL,'','88606330','890.800.450-3',NULL,'SOUTH PORT SHIP',1,'2026-02-04 18:31:57','2026-02-04 18:31:57'),(1418,'7834','LOGISTICA TOTAL S A S',NULL,NULL,NULL,'otmcontabilidad1@logisticatotal.com','57(1)4048500','830.108.355-6',NULL,'DAMAITONG CHILE',1,'2026-02-04 18:31:57','2026-02-04 18:31:57'),(1419,'7647','INCAP S.A',NULL,NULL,NULL,'','','860.025.998-3',NULL,'INPROLEC S.A',0,'2026-02-04 18:31:57','2026-02-04 18:31:57'),(1420,'7674','INDUSTRIA DE COBRE Y ALUMINIO S.A',NULL,NULL,NULL,'','','8.900.003-3',NULL,'INGEMERCA',0,'2026-02-04 18:31:57','2026-02-04 18:31:57'),(1421,'7887','MECANICOS UNIDOS S.A',NULL,NULL,NULL,'\'gustavo.munoz@victoria.com.co\'','3722000','890.912.837-0',NULL,'ISAQUIM ',1,'2026-02-04 18:31:57','2026-02-04 18:31:57'),(1422,'7644','DIRECCION DE IMPUESTOS Y ADUANAS NACIONA',NULL,NULL,NULL,'asistencia@dian.gov.co','57(1)3256800','800.197.268-4',NULL,'RESITOP SPA',1,'2026-02-04 18:31:57','2026-02-04 18:31:57'),(1423,'7794','LAGUNA IMPORTACIONES',NULL,NULL,NULL,'','','830.139.887-5',NULL,'RC PACKAGING ',0,'2026-02-04 18:31:57','2026-02-04 18:31:57'),(1424,'8267','SUMINISTROS INDUSTRIALES S.A SUIN S.A',NULL,NULL,NULL,'logisuin@epm.net.co','3701190','890.908.584-7',NULL,'MANUFACTURERA',1,'2026-02-04 18:31:57','2026-02-04 18:31:57'),(1425,'7982','PAPELERA EL GRAN MAYORISTA LTDA',NULL,NULL,NULL,'pelgranmayorista_2002@hotmail.com','(7)5711742','807.006.699-2',NULL,'WEIMIN HU ',1,'2026-02-04 18:31:57','2026-02-04 18:31:57'),(1426,'7985','PAPELERIA LUNA ARTE Y PAPEL LTDA',NULL,NULL,NULL,'','','830.084.192-7',NULL,'SERVITECA ',0,'2026-02-04 18:31:57','2026-02-04 18:31:57'),(1427,'7804','LEAL CARDOZO MARIA ELENA',NULL,NULL,NULL,'','','20.875.506-2',NULL,'KARLSSON',0,'2026-02-04 18:31:57','2026-02-04 18:31:57'),(1428,'7909','MOLINA DE PARRA MARTHA CECILIA',NULL,NULL,NULL,'','','32.331.608-4',NULL,'EXP. QUELEN SPA',0,'2026-02-04 18:31:57','2026-02-04 18:31:57'),(1429,'7803','LAVERLAM S.A',NULL,NULL,NULL,'h.parada@laverlam.com.co','4474411','890.302.442-8',NULL,'METSTOK',1,'2026-02-04 18:31:57','2026-02-04 18:31:57'),(1430,'8001','PEA VALENZUELA ALDEMAR',NULL,NULL,NULL,'','','79.349.159-9',NULL,'BLASCOOL RETAIL',0,'2026-02-04 18:31:57','2026-02-04 18:31:57'),(1431,'7799','LATINPACK S.A',NULL,NULL,NULL,'','','830.122.904-8',NULL,'CONST.G Y M ',0,'2026-02-04 18:31:57','2026-02-04 18:31:57'),(1432,'7796','LAMINACION DE COLOMBIA S.A',NULL,NULL,NULL,'','','890.900.486-7',NULL,'AC LOGISTICA IN',0,'2026-02-04 18:31:57','2026-02-04 18:31:57'),(1433,'7797','LANITEX S A S',NULL,NULL,NULL,'','57(2)4422644','815.004.679-5',NULL,'DILOX',1,'2026-02-04 18:31:57','2026-02-04 18:31:57'),(1434,'8059','PRODUCTORA DE GELATINA S.A',NULL,NULL,NULL,'','','860.010.192-9',NULL,'JACMINE SPA ',0,'2026-02-04 18:31:57','2026-02-04 18:31:57'),(1435,'8268','C.I. SUPER DE ALIMENTOS S.A',NULL,NULL,NULL,'','','890.805.267-4',NULL,'DULCE HOGAR',0,'2026-02-04 18:31:57','2026-02-04 18:31:57'),(1436,'8112','QUIMICA VULCANO S.A',NULL,NULL,NULL,'','','860.516.842-0',NULL,'SOC.MET.CAL',0,'2026-02-04 18:31:57','2026-02-04 18:31:57'),(1437,'8017','PLASTICOS HONG KONG LTDA',NULL,NULL,NULL,'','','817.006.097-5',NULL,'ASSURANCE GROUP',0,'2026-02-04 18:31:57','2026-02-04 18:31:57'),(1438,'8319','WOW LOGISTICS COLOMBIA S.A',NULL,NULL,NULL,'','','830.078.793-9',NULL,'UNO',0,'2026-02-04 18:31:57','2026-02-04 18:31:57'),(1439,'8109','QUIMICA DELTA LTDA',NULL,NULL,NULL,'','','830.109.367-9',NULL,'GUILLERMO BAUZA',0,'2026-02-04 18:31:57','2026-02-04 18:31:57'),(1440,'8256','STF GROUP S A',NULL,NULL,NULL,'madeleine.gutierrez@studiof.com.co','57(2)6850000','805.003.626-4',NULL,'LANCO & HARRIS ',1,'2026-02-04 18:31:57','2026-02-04 18:31:57'),(1441,'8204','SELLOPACK S.A',NULL,NULL,NULL,'contaduria@sellopack.com.co','57(1)8232270','800.094.377-6',NULL,'AROR BRANDS',1,'2026-02-04 18:31:57','2026-02-04 18:31:57'),(1442,'8233','SOBERANA S A S',NULL,NULL,NULL,'juan.loaiza@soberana.com.co','','811.022.981-7',NULL,'PROINOX',1,'2026-02-04 18:31:57','2026-02-04 18:31:57'),(1443,'7286','CORRUPACK LTDA',NULL,NULL,NULL,'','','830.022.907-0',NULL,'TRANS.PACIFICO ',0,'2026-02-04 18:31:57','2026-02-04 18:31:57'),(1444,'8322','ZAPATOS DEL TOLIMA LTDA',NULL,NULL,NULL,'','(1)6019934','830.001.957-9',NULL,'DIAVERUM',1,'2026-02-04 18:31:58','2026-02-04 18:31:58'),(1445,'8201','SEAIR TRANSPORT S A S',NULL,NULL,NULL,'direccionadministrativa@seairtransport.com','(1)4395677','830.009.870-3',NULL,'TANTAUCO SPA',1,'2026-02-04 18:31:58','2026-02-04 18:31:58'),(1446,'8202','SEASON TRADE S.A',NULL,NULL,NULL,'','','805.024.387-9',NULL,'JORGE FRANCISCO',0,'2026-02-04 18:31:58','2026-02-04 18:31:58'),(1447,'8207','SENCO DE COLOMBIA S.A',NULL,NULL,NULL,'mmaldonado@sencodecolombia.com','3721570','811.000.831-6',NULL,'GBS LOGISTICS',1,'2026-02-04 18:31:58','2026-02-04 18:31:58'),(1448,'8235','PNSLL S A',NULL,NULL,NULL,'cial.fabrica@etb.net.co','57(1)2985311','800.249.813-3',NULL,'SAFETY LIFT',1,'2026-02-04 18:31:58','2026-02-04 18:31:58'),(1449,'8237','SOCIEDAD PORTUARIA REGIONAL DE',NULL,NULL,NULL,'xiomaras@sprbun.com','3154677509','800.215.775-5',NULL,'COMEXTECH CARGO',1,'2026-02-04 18:31:58','2026-02-04 18:31:58'),(1450,'8245','HFGHZDG',NULL,NULL,NULL,'','','',NULL,'JING XU SPA',0,'2026-02-04 18:31:58','2026-02-04 18:31:58'),(1451,'8244','SONDA DE COLOMBIA LTDA',NULL,NULL,NULL,'','','830.030.975-5',NULL,'COM. JK SPA',0,'2026-02-04 18:31:58','2026-02-04 18:31:58'),(1452,'8752','PODEROSA S.A',NULL,NULL,NULL,'','','96.504.120-6',NULL,'LTI CARGO SPA',0,'2026-02-04 18:31:58','2026-02-04 18:31:58'),(1453,'8527','GRANJA MARINA TORNAGALEONES',NULL,NULL,NULL,'','','87.752.000-5',NULL,'AS SPA',0,'2026-02-04 18:31:58','2026-02-04 18:31:58'),(1454,'6282','ABRAHAM LEONEL LARA ROMERO',NULL,NULL,NULL,'','','9.415.575-4',NULL,'FK SPA',0,'2026-02-04 18:31:58','2026-02-04 18:31:58'),(1455,'8336','INDUSTRIAS MOLDURANA S.A',NULL,NULL,NULL,'','','96.533.280-4',NULL,'CML',0,'2026-02-04 18:31:58','2026-02-04 18:31:58'),(1456,'8422','PEUGEOT CHILE S.A',NULL,NULL,NULL,'','56-2-7306086','84.687.500-K',NULL,'ANAKENA FRESH ',1,'2026-02-04 18:31:58','2026-02-04 18:31:58'),(1457,'8751','AEROJET S.A',NULL,NULL,NULL,'','','',NULL,'NOVATEX SPA',0,'2026-02-04 18:31:58','2026-02-04 18:31:58'),(1458,'8750','BILLUND AQUACULTURE CHILE S.A',NULL,NULL,NULL,'','','99.584.000-6',NULL,'CRUSTANIC',0,'2026-02-04 18:31:58','2026-02-04 18:31:58'),(1459,'8749','MATTHEW WARD',NULL,NULL,NULL,'','','',NULL,'VISIBILITY S.A.',0,'2026-02-04 18:31:58','2026-02-04 18:31:58'),(1460,'8918','VIRGINIA BERNANDA ARRIAGADA MARTINEZ',NULL,NULL,NULL,'','','6.706.538-7',NULL,'RAMON ANGEL',0,'2026-02-04 18:31:58','2026-02-04 18:31:58'),(1461,'8917','FLSMIDTH KREBS CHILE S.A.',NULL,NULL,NULL,'','','79.736.830-K',NULL,'NIPON ANDINO',0,'2026-02-04 18:31:58','2026-02-04 18:31:58'),(1462,'8492','ALEJANDRO QUICENO TRIANA',NULL,NULL,NULL,'','','10.082.643-3',NULL,'PMGD MAUCO SPA',0,'2026-02-04 18:31:58','2026-02-04 18:31:58'),(1463,'8515','MARVAL',NULL,NULL,NULL,'','','1828635012',NULL,'BOOKA SPA ',0,'2026-02-04 18:31:58','2026-02-04 18:31:58'),(1464,'8534','EDWIN PEREIRA',NULL,NULL,NULL,'','','',NULL,'NEGOCIOS 2020 ',0,'2026-02-04 18:31:58','2026-02-04 18:31:58'),(1465,'8543','INVERSIONES EL CARMEN S.C.A.',NULL,NULL,NULL,'','3361131','891.408.870-7',NULL,'ARUN MOUNTAIN',1,'2026-02-04 18:31:58','2026-02-04 18:31:58'),(1466,'8535','CIRZE CORDOVA OR HORTENCIA VIDAL',NULL,NULL,NULL,'','','',NULL,'FERREXPRESS',0,'2026-02-04 18:31:58','2026-02-04 18:31:58'),(1468,'8724','REPRESENTACIONES Y SERVICIOS AEREOS S.A',NULL,NULL,NULL,'','','96.937.210-K',NULL,'ROCK TOOL',0,'2026-02-04 18:31:58','2026-02-04 18:31:58'),(1469,'8723','JOSE BARRIA BARRIA',NULL,NULL,NULL,'','','11.716.464-0',NULL,'ORION POWER SPA',0,'2026-02-04 18:31:58','2026-02-04 18:31:58'),(1470,'8808','DAVID SKLAR',NULL,NULL,NULL,'','','',NULL,'MUHANG MOTOS',0,'2026-02-04 18:31:58','2026-02-04 18:31:58'),(1471,'8809','IMP  EXP Y COMERC CIPRESES LTDA',NULL,NULL,NULL,'','','77.771.520-8',NULL,'DMT CHILE SPA',0,'2026-02-04 18:31:58','2026-02-04 18:31:58'),(1472,'8810','COMERCIALIZADORA INTERNACIONAL DE LLANTA',NULL,NULL,NULL,'macosta@interllantas.com','57(4)4446646','800.239.064-0',NULL,'ELIGHTS.CL SPA',1,'2026-02-04 18:31:58','2026-02-04 18:31:58'),(1473,'8981','INVERSIONES DE LA 23 LTDA.',NULL,NULL,NULL,'','571 5544','860.503.554-8',NULL,'CARPLUS CHILE ',1,'2026-02-04 18:31:58','2026-02-04 18:31:58'),(1474,'9533','JAIME GARCIA VALENZUELA',NULL,NULL,NULL,'','','4.911.177-0',NULL,'MULTIMODAL ',0,'2026-02-04 18:31:58','2026-02-04 18:31:58'),(1475,'6281','ERIKA AMADA CARRANZA BARROS',NULL,NULL,NULL,'','','9.156.206-5',NULL,'SAIC MOTOR SUDA',0,'2026-02-04 18:31:58','2026-02-04 18:31:58'),(1476,'8815','TRANSBORDER S A S',NULL,NULL,NULL,'juridica@transborder.com.co','57(1)3275330','800.241.469-6',NULL,'PUBLICITARIA',1,'2026-02-04 18:31:58','2026-02-04 18:31:58'),(1477,'8826','COMERCIAL E IMP BANNANA CLUB LTDA',NULL,NULL,NULL,'','','77.152.120-7',NULL,'G&L SPA',0,'2026-02-04 18:31:58','2026-02-04 18:31:58'),(1478,'8816','PROYECTO MAPA/USAID-BOLIVIA',NULL,NULL,NULL,'','','1022155020',NULL,'CASTLETEC SPA',0,'2026-02-04 18:31:58','2026-02-04 18:31:58'),(1479,'8846','NUTRICION Y ALIMENTOS S.A',NULL,NULL,NULL,'','','95.214.000-0',NULL,'SAN ISIDRO',0,'2026-02-04 18:31:58','2026-02-04 18:31:58'),(1480,'9210','PAOLO BASEVI GAMBARANA',NULL,NULL,NULL,'','','14.466.485-K',NULL,'ASIA DECO SPA',0,'2026-02-04 18:31:58','2026-02-04 18:31:58'),(1481,'8903','TRANSPACK LTDA. ',NULL,NULL,NULL,'','','860.023.091-K',NULL,'CCRC',0,'2026-02-04 18:31:58','2026-02-04 18:31:58'),(1482,'8914','ARGOS PRODUCTOS DE CARTON Y PAPEL S.A.',NULL,NULL,NULL,'','719 2213 - 719 2214','830.127.501-6',NULL,'MATRIPLAST',1,'2026-02-04 18:31:58','2026-02-04 18:31:58'),(1483,'9534','SISTEMA DE ALMACENAJE QUILICURA LTDA',NULL,NULL,NULL,'','','77.329.400-3',NULL,'PLASTICOS BLANC',0,'2026-02-04 18:31:58','2026-02-04 18:31:58'),(1484,'8934','COMERCIAL MAQUITEC S.A',NULL,NULL,NULL,'','56 9 257 0837','96.932.460-1',NULL,'SOCOVAL',1,'2026-02-04 18:31:58','2026-02-04 18:31:58'),(1485,'8935','AGROINDUSTRIA TERRA LTDA',NULL,NULL,NULL,'','','76.257.140-4',NULL,'GUANTES',0,'2026-02-04 18:31:58','2026-02-04 18:31:58'),(1486,'9499','ABOUT FAMILY TRAVEL',NULL,NULL,NULL,'','','',NULL,'TRICON DRY',0,'2026-02-04 18:31:58','2026-02-04 18:31:58'),(1487,'8936','CADBURY STANI ADAMS CHILE P.A LTDA',NULL,NULL,NULL,'','','78.296.800-9',NULL,'MATERIALES ',0,'2026-02-04 18:31:58','2026-02-04 18:31:58'),(1488,'9160','DISTRIBUIDORA ARQUETIPO LTDA',NULL,NULL,NULL,'','','78.036.990-6',NULL,'IMP. CHA-HA',0,'2026-02-04 18:31:58','2026-02-04 18:31:58'),(1490,'9209','PARROQUIA NATIVIDAD DE LA VIRGEN MARIA',NULL,NULL,NULL,'','','73.455.400-6',NULL,'SUP. SIETE',0,'2026-02-04 18:31:58','2026-02-04 18:31:58'),(1491,'8988','SOC COMERC DE BIENES LTDA',NULL,NULL,NULL,'','','78.435.250-1',NULL,'ASIA STAR',0,'2026-02-04 18:31:58','2026-02-04 18:31:58'),(1492,'9014','ELEVAIR S.A',NULL,NULL,NULL,'','','83.998.700-5',NULL,'CONVERTIDORA LM',0,'2026-02-04 18:31:58','2026-02-04 18:31:58'),(1493,'9317','EXEQUIEL BRAVO GUERRA',NULL,NULL,NULL,'','','5.372.098-6',NULL,'PETRA',0,'2026-02-04 18:31:58','2026-02-04 18:31:58'),(1494,'9028','SAENZ Y CIA LTDA',NULL,NULL,NULL,'','','78.290.940-1',NULL,'BAISHENG ',0,'2026-02-04 18:31:58','2026-02-04 18:31:58'),(1495,'9027','AG.DE AD.JULIO SALINAS Y CIA.LTDA',NULL,NULL,NULL,'NANCY.MELO@AGENCIAFERNANDEZ.CL','87753492','86.334.100-0',NULL,'KARISMA',1,'2026-02-04 18:31:58','2026-02-04 18:31:58'),(1496,'9058','DEL SUR INVERSIONES S.A',NULL,NULL,NULL,'','','99.568.880-8',NULL,'TOKIO AUTO',0,'2026-02-04 18:31:58','2026-02-04 18:31:58'),(1497,'9480','CLUB DE GOLF LOS LEONES',NULL,NULL,NULL,'','','80.208.900-7',NULL,'COCCHIOLA SPA',0,'2026-02-04 18:31:58','2026-02-04 18:31:58'),(1498,'9316','ELIANA GONZALEZ GOMEZ',NULL,NULL,NULL,'','','14.275.656-0',NULL,'JUAN BANDA S',0,'2026-02-04 18:31:58','2026-02-04 18:31:58'),(1499,'9097','GREIG HERMANOS LTDA',NULL,NULL,NULL,'','','77.338.830-K',NULL,'VALPRIK SPA',0,'2026-02-04 18:31:58','2026-02-04 18:31:58'),(1500,'9098','ALVARO VALDES MARABOLI',NULL,NULL,NULL,'','','6.432.165-K',NULL,'ANEXO ',0,'2026-02-04 18:31:58','2026-02-04 18:31:58'),(1501,'9481','MUNDO DIDACTICO LTDA',NULL,NULL,NULL,'','','77.248.320-1',NULL,'GEMAPRO SPA',0,'2026-02-04 18:31:58','2026-02-04 18:31:58'),(1502,'9096','PESQUERA Y CONSERVERA REAL LTDA',NULL,NULL,NULL,'','','78.734.030-K',NULL,'GREENFARMS',0,'2026-02-04 18:31:58','2026-02-04 18:31:58'),(1503,'9099','CANCER RESERCH INSTITUTE',NULL,NULL,NULL,'','','',NULL,'CAYRECAR',0,'2026-02-04 18:31:58','2026-02-04 18:31:58'),(1504,'9161','PROV E IMP DE EQUIPOS INDUS S.A.C.I',NULL,NULL,NULL,'','','92.765.000-2',NULL,'SOLUPARTS',0,'2026-02-04 18:31:58','2026-02-04 18:31:58'),(1505,'9482','FRANCISCO REGULEZ Y CIA LTDA',NULL,NULL,NULL,'','','81.569.800-2',NULL,'DONG CHO CHUNG',0,'2026-02-04 18:31:58','2026-02-04 18:31:58'),(1506,'7293','CHEMINOVA AGRO DE COLOMBIA S.A.',NULL,NULL,NULL,'','2577004','830.127.647-2',NULL,'FRUTERA AGROSAN',1,'2026-02-04 18:31:58','2026-02-04 18:31:58'),(1507,'9162','CIPER REPUESTOS LTDA',NULL,NULL,NULL,'','','79.528.730-2',NULL,'TECNOLOGIA',0,'2026-02-04 18:31:58','2026-02-04 18:31:58'),(1508,'9500','BAS INGENIERIA S.A.',NULL,NULL,NULL,'luceidach@basingenieria.com','(2)2317100','821.001.526-5',NULL,'EZ SHIP LOG.',1,'2026-02-04 18:31:58','2026-02-04 18:31:58'),(1509,'9483','SANIX S.A',NULL,NULL,NULL,'','','96.561.700-0',NULL,'CONVENCIONES ',0,'2026-02-04 18:31:58','2026-02-04 18:31:58'),(1510,'9314','ASTOLFO TAPIA MALDONADO',NULL,NULL,NULL,'','','7.152.680-1',NULL,'MARCELA A.',0,'2026-02-04 18:31:58','2026-02-04 18:31:58'),(1511,'9265','BOLIVIAN SHOJI S.R.L',NULL,NULL,NULL,'','591-3-3627517','1026421029',NULL,'EXP.ENEREX SPA',1,'2026-02-04 18:31:58','2026-02-04 18:31:58'),(1512,'9604','COMANDANCIA GENERAL DEL CUERP INFANTERIA',NULL,NULL,NULL,'','','61.102.011-2',NULL,'DONG ',0,'2026-02-04 18:31:58','2026-02-04 18:31:58'),(1513,'9606','CEVA FREIGHT MANAGEMENT DE COLOMBIA',NULL,NULL,NULL,'','594 2800','830.079.716-6',NULL,'BRONAR SPA',1,'2026-02-04 18:31:58','2026-02-04 18:31:58'),(1514,'9312','MARCELA CANEO VERGARA',NULL,NULL,NULL,'','','12.448.117-1',NULL,'L & H ',0,'2026-02-04 18:31:58','2026-02-04 18:31:58'),(1515,'9313','ALEXIS ASTUDILLO ARO',NULL,NULL,NULL,'','','15.830.952-1',NULL,'PARQUE SOLAR ',0,'2026-02-04 18:31:58','2026-02-04 18:31:58'),(1516,'9311','MARIA SILVIA LARRART DE FERRARI',NULL,NULL,NULL,'','','',NULL,'ING.VENTAS ',0,'2026-02-04 18:31:58','2026-02-04 18:31:58'),(1517,'9310','IMEXSA SRL',NULL,NULL,NULL,'','011 4322 4337','30-64763688-4',NULL,'FERR. COMBARBAL',1,'2026-02-04 18:31:58','2026-02-04 18:31:58'),(1518,'9477','MIRIAN DIAZ VERDUGO',NULL,NULL,NULL,'','','9.436.265-2',NULL,'PLASTICOS SQS',0,'2026-02-04 18:31:58','2026-02-04 18:31:58'),(1519,'9478','BARBARA CECILIA BELLALTA CROMIE',NULL,NULL,NULL,'','','6.378.277-7',NULL,'SEBASTIAN C.',0,'2026-02-04 18:31:58','2026-02-04 18:31:58'),(1520,'9733','GOBELINE DEL CARMEN CARRIDO GONZALEZ',NULL,NULL,NULL,'','','7.722.557-9',NULL,'IND.ENCH.PANELE',0,'2026-02-04 18:31:58','2026-02-04 18:31:58'),(1521,'9457','EXPORTADORA DYONISOS FRUIT LTDA',NULL,NULL,NULL,'','','76.221.590-K',NULL,'VALLE VERDE',0,'2026-02-04 18:31:58','2026-02-04 18:31:58'),(1522,'9479','CURWOOD ITAP CHILE LTDA',NULL,NULL,NULL,'','','77.051.060-0',NULL,'MASTER MARTINI ',0,'2026-02-04 18:31:58','2026-02-04 18:31:58'),(1523,'9488','COMERCIAL MAR ANDINO LTDA',NULL,NULL,NULL,'','','79.835.900-2',NULL,'MOLISAC S.A.',0,'2026-02-04 18:31:58','2026-02-04 18:31:58'),(1525,'9864','IMPORTADORA Y EXPORTADORA LENOVO LTDA',NULL,NULL,NULL,'','','76.268.180-3',NULL,'CHIGUAYANTE S.A',0,'2026-02-04 18:31:58','2026-02-04 18:31:58'),(1526,'9497','AGUSTO VERA ALVARADO',NULL,NULL,NULL,'','','6.455.524-3',NULL,'INGENIERIA BOMM',0,'2026-02-04 18:31:58','2026-02-04 18:31:58'),(1527,'9556','COMERCIAL MARMICOC S.A.',NULL,NULL,NULL,'','','99.577.480-1',NULL,'COFRUPA EXPORT ',0,'2026-02-04 18:31:58','2026-02-04 18:31:58'),(1528,'9736','CISNES E INV CINEPLEX LTDA',NULL,NULL,NULL,'','','76.179.370-5',NULL,'TH MARKET',0,'2026-02-04 18:31:58','2026-02-04 18:31:58'),(1529,'9542','JEANETTE FUENTEALBA RETAMALES',NULL,NULL,NULL,'','','08.594.983-7',NULL,'COMERCIAL W G P',0,'2026-02-04 18:31:58','2026-02-04 18:31:58'),(1530,'9734','RODRIGO ANDRES PIZARRO VALDES',NULL,NULL,NULL,'','','11.748.973-6',NULL,'LUSS SPA',0,'2026-02-04 18:31:58','2026-02-04 18:31:58'),(1531,'9865','DANIEL OSCAR CARRION BODAS',NULL,NULL,NULL,'','','48.067.390-5',NULL,'APARA',0,'2026-02-04 18:31:58','2026-02-04 18:31:58'),(1532,'9612','INVERSIONES NOWT CHILE LTDA',NULL,NULL,NULL,'','','76.096.190-6',NULL,'COMERCIAL Y X Y',0,'2026-02-04 18:31:58','2026-02-04 18:31:58'),(1533,'9873','DULCONO ROMA LTDA',NULL,NULL,NULL,'','','85.149.200-3',NULL,'XTREME',0,'2026-02-04 18:31:58','2026-02-04 18:31:58'),(1534,'9613','PATH FINDER TRADING COMPANY S.A',NULL,NULL,NULL,'','','76.302.990-5',NULL,'GREEN LOGISTICS',0,'2026-02-04 18:31:58','2026-02-04 18:31:58'),(1535,'9646','I MUNICIP. DE VALPARAISO',NULL,NULL,NULL,'','','69.060.900-2',NULL,'HENGLANDER SPA ',0,'2026-02-04 18:31:58','2026-02-04 18:31:58'),(1536,'9652','PRODUCTORA PORKY LTDA',NULL,NULL,NULL,'','','76.247.880-3',NULL,'VILLAGRAN Y S.',0,'2026-02-04 18:31:58','2026-02-04 18:31:58'),(1537,'9820','SOCIEDAD COMERCIAL AQUARIUS S.A',NULL,NULL,NULL,'','','77.772.460-6',NULL,'FERMESSA',0,'2026-02-04 18:31:58','2026-02-04 18:31:58'),(1538,'9821','DISTRIBUIDORA DEL SUR LTDA',NULL,NULL,NULL,'DARIO@VGOGROUP.COM','2-7370657','77.819.980-7',NULL,'PROIBERCHILE',1,'2026-02-04 18:31:58','2026-02-04 18:31:58'),(1539,'9818','COMERCIAL LA TRIGUENA LTDA',NULL,NULL,NULL,'','','77.497.340-0',NULL,'MARCELO ROBERTO',0,'2026-02-04 18:31:58','2026-02-04 18:31:58'),(1540,'9686','GONZALEZ HERMANOS Y CIA LTDA',NULL,NULL,NULL,'','','83.744.600-7',NULL,'LIMPIO PACKAGIN',0,'2026-02-04 18:31:58','2026-02-04 18:31:58'),(1541,'9874','INSUMOS FRUTICOLAS S.A',NULL,NULL,NULL,'','','77.725.030-2',NULL,'JAIME CESAR ',0,'2026-02-04 18:31:58','2026-02-04 18:31:58'),(1542,'9859','GERMAN FELIPE SALAYA  BASAEZ',NULL,NULL,NULL,'','','2.143.667-4',NULL,'VIMAS SPA',0,'2026-02-04 18:31:58','2026-02-04 18:31:58'),(1543,'9763','CONNORS S.A',NULL,NULL,NULL,'','','79.874.570-0',NULL,'MELODY FRAMS',0,'2026-02-04 18:31:58','2026-02-04 18:31:58'),(1544,'9796','SOC.ALFREDO MULLER DANIELLI Y CIA LTDA',NULL,NULL,NULL,'','','78.724.310-K',NULL,'EMPRESA BAGNO',0,'2026-02-04 18:31:58','2026-02-04 18:31:58'),(1545,'9949','AGRO INVERSIONES S.A',NULL,NULL,NULL,'','','89.698.400-4',NULL,'CLINICON SPA',0,'2026-02-04 18:31:58','2026-02-04 18:31:58'),(1546,'9941','POLIOLEFINAS INDUSTRIALES',NULL,NULL,NULL,'','','805.001.199-1',NULL,'DUCIS LOGISTICS',0,'2026-02-04 18:31:58','2026-02-04 18:31:58'),(1547,'9853','TUBOS Y PERFILES DE ACERO ALMARZA S.A',NULL,NULL,NULL,'','','95.667.000-4',NULL,'CALBU SPA',0,'2026-02-04 18:31:58','2026-02-04 18:31:58'),(1548,'9854','DOBSON FLEET MANAGEMENT LTD',NULL,NULL,NULL,'','','',NULL,'AIRJ',0,'2026-02-04 18:31:58','2026-02-04 18:31:58'),(1549,'9819','DIST Y COM DE ARTICULO CONSTRUCCION LTDA',NULL,NULL,NULL,'','','77.614.180-1',NULL,'IMPOSUR LTDA',0,'2026-02-04 18:31:58','2026-02-04 18:31:58'),(1550,'9977','VILLELA S.A',NULL,NULL,NULL,'sergio@villela.cl','','85.845.500-6',NULL,'FLAMA SPA',1,'2026-02-04 18:31:58','2026-02-04 18:31:58'),(1551,'9978','DISTRIBUIDORA VOLCANO LTDA',NULL,NULL,NULL,'','','78.278.230-4',NULL,'GRUPO ABARCA Y ',0,'2026-02-04 18:31:58','2026-02-04 18:31:58'),(1552,'9927','COLCURA S.A',NULL,NULL,NULL,'','','96.607.760-3',NULL,'CBP CHILE SPA',0,'2026-02-04 18:31:58','2026-02-04 18:31:58'),(1553,'9952','MARIA INES PINTO MARCHANT',NULL,NULL,NULL,'','','9.208.969-K',NULL,'ARTEMIO',0,'2026-02-04 18:31:58','2026-02-04 18:31:58'),(1554,'9923','SOC COM COLD S.A',NULL,NULL,NULL,'','','96.865.110-2',NULL,'ORSKOV FOODS',0,'2026-02-04 18:31:58','2026-02-04 18:31:58'),(1556,'9922','CHAHIN SACCA EDUARDO CHARBEL',NULL,NULL,NULL,'','57(1)2683355','79.234.703-1',NULL,'SWEET HOGAR ',1,'2026-02-04 18:31:58','2026-02-04 18:31:58'),(1557,'9925','SUN HARVEST S.A',NULL,NULL,NULL,'','','78.783.970-3',NULL,'REINGENIERIA',0,'2026-02-04 18:31:58','2026-02-04 18:31:58'),(1558,'9938','CORPORACION GENERAL DE ALIMENTOS S.A',NULL,NULL,NULL,'','','30-50062397-3',NULL,'LYM SPA',0,'2026-02-04 18:31:58','2026-02-04 18:31:58'),(1559,'10068','COMERCIAL GREENVIC S.A',NULL,NULL,NULL,'dvergara@greenvic.cl','','78.335.990-1',NULL,'FOS INTER.',1,'2026-02-04 18:31:58','2026-02-04 18:31:58'),(1560,'10069','EXPRESO EL CARRIZAL S.A',NULL,NULL,NULL,'','','99.586.890-3',NULL,'IMP. OVERCOME',0,'2026-02-04 18:31:58','2026-02-04 18:31:58'),(1561,'9939','HIDRAGUA S.A.C.I.',NULL,NULL,NULL,'','','96.511.800-4',NULL,'B&B ASOCIADOS',0,'2026-02-04 18:31:58','2026-02-04 18:31:58'),(1562,'9981','JULIA Y TORNERO LTDA',NULL,NULL,NULL,'','','77.890.850-6',NULL,'COM.LUIS ROMAN ',0,'2026-02-04 18:31:58','2026-02-04 18:31:58'),(1563,'9980','SANTORINI Y CONFECCIONES LTDA',NULL,NULL,NULL,'','','79.730.810-2',NULL,'SCOTTA CHILE',0,'2026-02-04 18:31:58','2026-02-04 18:31:58'),(1564,'7487','FOODEX S.A',NULL,NULL,NULL,'','','800.046.958-0',NULL,'RICARDO ARAYA',0,'2026-02-04 18:31:58','2026-02-04 18:31:58'),(1565,'9979','IMP Y EXP MISONI LTDA',NULL,NULL,NULL,'','','77.597.870-8',NULL,'PHARMACORP SBO ',0,'2026-02-04 18:31:58','2026-02-04 18:31:58'),(1566,'10036','UNILEVER BESTFOODS DE ARGENTINA S.A',NULL,NULL,NULL,'','54-11-4510-7458','30-50079504-9',NULL,'SOLLEM SPA',1,'2026-02-04 18:31:58','2026-02-04 18:31:58'),(1567,'10034','MUOZ Y FERNANDEZ LTDA',NULL,NULL,NULL,'','','76.123.240-1',NULL,'BETANIA',0,'2026-02-04 18:31:58','2026-02-04 18:31:58'),(1568,'10035','COMPAIA PISQUERA DE CHILE S.A.',NULL,NULL,NULL,'','','99.586.280-8',NULL,'XIYU INTER.',0,'2026-02-04 18:31:58','2026-02-04 18:31:58'),(1569,'10039','FREDERIK CHATILIEZ',NULL,NULL,NULL,'','','14.750.195-1',NULL,'LABEL & SERVICE',0,'2026-02-04 18:31:58','2026-02-04 18:31:58'),(1570,'10038','KHALID JAMEEL',NULL,NULL,NULL,'','','',NULL,'IMPORTADORA ECO',0,'2026-02-04 18:31:58','2026-02-04 18:31:58'),(1572,'10021','MITSUBISHI AUSTRALIA LTDA.',NULL,NULL,NULL,'','','',NULL,'GREENBOX',0,'2026-02-04 18:31:58','2026-02-04 18:31:58'),(1573,'10061','SOCIEDAD AGRICOLA RIOS Y CIA LTDA',NULL,NULL,NULL,'','','78.026.910-3',NULL,'WEEKEND SPA',0,'2026-02-04 18:31:58','2026-02-04 18:31:58'),(1574,'10060','ESPUMAS SANTAFE DE BOGOTA S.A.',NULL,NULL,NULL,'ger.financiero@ramguiflex.com','57(1)5457281','800.167.200-6',NULL,'ANAKENA INV.',1,'2026-02-04 18:31:58','2026-02-04 18:31:58'),(1575,'9577','JUANA M. ORTUZAR OSSA',NULL,NULL,NULL,'','','4.779.582-6',NULL,'TPV CHILE SPA',0,'2026-02-04 18:31:58','2026-02-04 18:31:58'),(1576,'10081','AGRICOLA SOLCORFA LTDA',NULL,NULL,NULL,'','','79.832.840-9',NULL,'TOTALMASTER SPA',0,'2026-02-04 18:31:58','2026-02-04 18:31:58'),(1577,'10080','ECRAL CLIMATIZACIONES LTDA',NULL,NULL,NULL,'','','78.908.420-3',NULL,'AMF IMPRESION',0,'2026-02-04 18:31:58','2026-02-04 18:31:58'),(1578,'10085','SOCIEDAD FRANCISCO VALDIVIESO Y CIA LTDA',NULL,NULL,NULL,'','','77.349.280-8',NULL,'REDKIDS SPA',0,'2026-02-04 18:31:58','2026-02-04 18:31:58'),(1579,'10082','IMPOR EXPOR Y COMERCIALIZADORA IMEXCO SA',NULL,NULL,NULL,'','','99.509.940-3',NULL,'REBON',0,'2026-02-04 18:31:58','2026-02-04 18:31:58'),(1580,'10079','COMERCIAL TOTALPACK LTDA',NULL,NULL,NULL,'','','79.948.840-K',NULL,'AVICOLA C.',0,'2026-02-04 18:31:58','2026-02-04 18:31:58'),(1581,'10097','COMMERCIAL CARPETS',NULL,NULL,NULL,'matias@fordex.com','4919-0999','33-65308589-9',NULL,'KOHUMOETINI',1,'2026-02-04 18:31:58','2026-02-04 18:31:58'),(1582,'10164','SOCIEDAD NACIONAL MARITIMA S.A',NULL,NULL,NULL,'','','76.384.550-8',NULL,'QUEULAT FRESH ',0,'2026-02-04 18:31:58','2026-02-04 18:31:58'),(1583,'10161','INMOBILIARIA LA QUIMERA LIMITADA',NULL,NULL,NULL,'','','78.953.320-2',NULL,'SNETOR CHILE',0,'2026-02-04 18:31:58','2026-02-04 18:31:58'),(1584,'10162','GLORY WEALTH SHIPPING SERVICE L (B.V.I)',NULL,NULL,NULL,'','','',NULL,'EUROGOM',0,'2026-02-04 18:31:58','2026-02-04 18:31:58'),(1585,'10163','GESTION FACTOR HUMANO LTDA',NULL,NULL,NULL,'','','77.596.710-2',NULL,'FREEMAN INSUMOS',0,'2026-02-04 18:31:58','2026-02-04 18:31:58'),(1586,'10165','COMESTIBLES ITALO S.A.',NULL,NULL,NULL,'','292 5231','860.049.042-1',NULL,'EMAT SPA',1,'2026-02-04 18:31:58','2026-02-04 18:31:58'),(1587,'10167','SOC. DISTRIBUIDORA DE MADERAS LTDA',NULL,NULL,NULL,'','','65.111.630-9',NULL,'GASFITER SPA',0,'2026-02-04 18:31:58','2026-02-04 18:31:58'),(1588,'10166','MARIA BEATRIZ BOBENRIETH GIGLIO',NULL,NULL,NULL,'','','8.041.328-9',NULL,'NAIPU',0,'2026-02-04 18:31:58','2026-02-04 18:31:58'),(1590,'10173','ASOC DEL TRANSP TERRE AEREO Y MAR LTDA',NULL,NULL,NULL,'','6898756','76.365.720-5',NULL,'GIORGI PISCINAS',1,'2026-02-04 18:31:58','2026-02-04 18:31:58'),(1591,'10434','IND. MADERAS TIPICAS CHILENAS LTDA.',NULL,NULL,NULL,'','','78.071.200-7',NULL,'BLUE SPEC ',0,'2026-02-04 18:31:58','2026-02-04 18:31:58'),(1592,'10225','COMERCIALIZADORA Y TRANSFORMADORA DE PLA',NULL,NULL,NULL,'','288 0911','811.005.809-6',NULL,'NAUTIMAR',1,'2026-02-04 18:31:58','2026-02-04 18:31:58'),(1593,'10233','BENNETT INTERNATIONAL TRANSPORT CHILE ',NULL,NULL,NULL,'','','99.576.380-K',NULL,'INV. TICHY',0,'2026-02-04 18:31:58','2026-02-04 18:31:58'),(1594,'10227','HERNANDEZ BETTY YOLANDA',NULL,NULL,NULL,'','','41.769.368-5',NULL,'MERIT LINK',0,'2026-02-04 18:31:58','2026-02-04 18:31:58'),(1595,'10228','TEJAS DE TODAS Y TANQUES E.U. ',NULL,NULL,NULL,'','626 8600','830.114.223-7',NULL,'ACEROS E INV.',1,'2026-02-04 18:31:58','2026-02-04 18:31:58'),(1596,'10230','MARIA MARGOTH MORENO HIGUITA',NULL,NULL,NULL,'','231 1185','43.342.271-3',NULL,'9M ',1,'2026-02-04 18:31:58','2026-02-04 18:31:58'),(1597,'10231','EXPORTADORA GREENPOINT S.A.',NULL,NULL,NULL,'','2228133 / 2997900','76.405.700-7',NULL,'VIACAVA SPA',1,'2026-02-04 18:31:58','2026-02-04 18:31:58'),(1598,'10234','CORIS ASISTENCIA CHILE LIMITADA',NULL,NULL,NULL,'','','77.775.550-1',NULL,'ANKATU SPA',0,'2026-02-04 18:31:58','2026-02-04 18:31:58'),(1599,'10232','HELM ANDINA LTDA.',NULL,NULL,NULL,'','621 5264','900.034.616-8',NULL,'ALAMBRES Y CORD',1,'2026-02-04 18:31:58','2026-02-04 18:31:58'),(1600,'10262','MUEBLES KYE LTDA',NULL,NULL,NULL,'','','77.128.430-2',NULL,'GOAL IMPORTS',0,'2026-02-04 18:31:58','2026-02-04 18:31:58'),(1601,'10272','SOC. AGRICOLA LOS MAQUIS S.A.',NULL,NULL,NULL,'','','79.610.860-6',NULL,'LIVERITA CHILE',0,'2026-02-04 18:31:58','2026-02-04 18:31:58'),(1602,'10452','SPOOLTECH S.A.',NULL,NULL,NULL,'','','76.312.730-3',NULL,'EXP. GROWEX',0,'2026-02-04 18:31:58','2026-02-04 18:31:58'),(1603,'10295','MYVAR S.A.',NULL,NULL,NULL,'','','79.912.710-5',NULL,'THE NOT COMPANY',0,'2026-02-04 18:31:58','2026-02-04 18:31:58'),(1604,'10294','TRANSP.REFRIG. FERNANDEZ Y FERNANDEZ LTD',NULL,NULL,NULL,'','','77.469.390-4',NULL,'H Y B ',0,'2026-02-04 18:31:58','2026-02-04 18:31:58'),(1605,'10318','MAX HUBER REPROTECNICA S.A.',NULL,NULL,NULL,'','','80.470.300-4',NULL,'TENO TRADE SPA',0,'2026-02-04 18:31:58','2026-02-04 18:31:58'),(1606,'10320','WILHELMSEN SHIPS SERVICE PERU S.A.',NULL,NULL,NULL,'','3727065','20509265918',NULL,'SUFIJA SPA',1,'2026-02-04 18:31:58','2026-02-04 18:31:58'),(1607,'10348','EMPRESA CONSTRUCTORA ALTO LTDA',NULL,NULL,NULL,'','','1017679028',NULL,'HERNAN ORLANDO ',0,'2026-02-04 18:31:58','2026-02-04 18:31:58'),(1608,'10349','QUIMICAS ALIADAS SRL',NULL,NULL,NULL,'','','',NULL,'TECMUNDO SPA',0,'2026-02-04 18:31:58','2026-02-04 18:31:58'),(1609,'10357','COMERCIAL FESANCO S.A.',NULL,NULL,NULL,'','','96.852.610-3',NULL,'LUIS VEGA R.',0,'2026-02-04 18:31:58','2026-02-04 18:31:58'),(1610,'10362','NEPTUNO SAS',NULL,NULL,NULL,'icopor@etb.net.co','57(1)4305050','800.129.862-1',NULL,'PICSRCH SPA',1,'2026-02-04 18:31:58','2026-02-04 18:31:58'),(1611,'10369','CAVAS SCHRODER Y HANKE LTDA',NULL,NULL,NULL,'','','78.633.090-4',NULL,'SMART OFFICE',0,'2026-02-04 18:31:58','2026-02-04 18:31:58'),(1612,'10403','GRAN S.A.',NULL,NULL,NULL,'','728046','20367733838',NULL,'FULL AVENTURAS',1,'2026-02-04 18:31:58','2026-02-04 18:31:58'),(1613,'10392','ALTIPLANIC SHIPPING INC.',NULL,NULL,NULL,'','507 (56) 32 226-8212','',NULL,'SANTA FE SERV.',1,'2026-02-04 18:31:58','2026-02-04 18:31:58'),(1614,'10393','PRODUCTOS FORESTALES S.A.',NULL,NULL,NULL,'','','96.956.960-4',NULL,'PAOLA VALDEB. ',0,'2026-02-04 18:31:58','2026-02-04 18:31:58'),(1615,'10389','BARBER INTERNACIONAL,KL',NULL,NULL,NULL,'','','',NULL,'DDDIS SPA',0,'2026-02-04 18:31:58','2026-02-04 18:31:58'),(1616,'10390','COMERCIAL WINTEX S.A.',NULL,NULL,NULL,'','','77.076.530-7',NULL,'CORP. INKA',0,'2026-02-04 18:31:58','2026-02-04 18:31:58'),(1617,'10415','ARNEG ARGENTINA S.A.',NULL,NULL,NULL,'marra@arneg.com.ar','54 341 461 4000','30-58642351-3',NULL,'COM.ASIA IMP TR',1,'2026-02-04 18:31:58','2026-02-04 18:31:58'),(1618,'8229','SINEXPRO LTDA',NULL,NULL,NULL,'','','830.119.084-2',NULL,'TOP ANDES FRESH',0,'2026-02-04 18:31:58','2026-02-04 18:31:58'),(1619,'10401','MADERAS SAN LORENZO S.A.',NULL,NULL,NULL,'','56-43-34-4444','96.862.280-3',NULL,'COM.BEE HOME',1,'2026-02-04 18:31:58','2026-02-04 18:31:58'),(1621,'10432','INVERSIONES INAVER LTDA.',NULL,NULL,NULL,'','','77.043.910-8',NULL,'DROMEDAR',0,'2026-02-04 18:31:58','2026-02-04 18:31:58'),(1622,'10416','VIGOMEZ S.A.',NULL,NULL,NULL,'','311 8180','891.300.830-7',NULL,'COM.RUSSFIN',1,'2026-02-04 18:31:58','2026-02-04 18:31:58'),(1623,'10442','COMERCIALIZADORA C.I. BONILLA RUBIO LTDA',NULL,NULL,NULL,'','4396835','900.011.536-8',NULL,'ALFA Y OMEGA',1,'2026-02-04 18:31:58','2026-02-04 18:31:58'),(1624,'10443','ALMACENES E INDUSTRIAS ROCA S.A.',NULL,NULL,NULL,'','3501110','890.900.293-2',NULL,'NANMAO',1,'2026-02-04 18:31:58','2026-02-04 18:31:58'),(1625,'10444','CRISTHIAN DANIEL SILVA BORDEL',NULL,NULL,NULL,'','','13.057.297-9',NULL,'PERRIER ',0,'2026-02-04 18:31:58','2026-02-04 18:31:58'),(1626,'10474','IBEROAMERICANA DE EDICIONES S.A.',NULL,NULL,NULL,'','','96.640.970-3',NULL,'BALATO SPA',0,'2026-02-04 18:31:58','2026-02-04 18:31:58'),(1627,'10449','EUGENIO HERNAN MATELUNA FERNANDEZ',NULL,NULL,NULL,'','','11.620.944-6',NULL,'DMENZEL SPA',0,'2026-02-04 18:31:58','2026-02-04 18:31:58'),(1628,'10467','MOLINA MOREL INDUSTRIAL S.A.',NULL,NULL,NULL,'','','96.802.710-7',NULL,'ULTRAMIN SPA',0,'2026-02-04 18:31:58','2026-02-04 18:31:58'),(1629,'10491','TRANSP.DE MAQ. TRANSGOLD LTDA.',NULL,NULL,NULL,'','','78.503.300-0',NULL,'WAN JIA FU',0,'2026-02-04 18:31:58','2026-02-04 18:31:58'),(1630,'10492','SERV.ING. DE FLOTAS PESQUERAS E IN',NULL,NULL,NULL,'','','79.757.710-3',NULL,'VITTO SPA',0,'2026-02-04 18:31:58','2026-02-04 18:31:58'),(1632,'10506','OPE MUDANZAS INTERNACIONALES LTDA',NULL,NULL,NULL,'mmendez@airmar-cargo.com','6300009','830.078.383-2',NULL,'BODEGA RESPEL',1,'2026-02-04 18:31:58','2026-02-04 18:31:58'),(1633,'10515','VARIEDADES NIYIRITH',NULL,NULL,NULL,'','283 1880','830.032.834-4',NULL,'SOUTH PARTNERS ',1,'2026-02-04 18:31:58','2026-02-04 18:31:58'),(1634,'10514','FUNDACION UNISALUD',NULL,NULL,NULL,'','410 7334','814.006.475-5',NULL,'OSTIONES',1,'2026-02-04 18:31:58','2026-02-04 18:31:58'),(1635,'10529','IMPORT EXPORT BELEZAS LTDA',NULL,NULL,NULL,'','427773','77.774.100-4',NULL,'CL REPRESEN.',1,'2026-02-04 18:31:58','2026-02-04 18:31:58'),(1636,'10565','PROD.COMERC. Y DIST.SEM CHILE LTDA.',NULL,NULL,NULL,'','2133907','78.408.260-1',NULL,'JTEC CHILE SPA',1,'2026-02-04 18:31:58','2026-02-04 18:31:58'),(1637,'10598','TRANSPORTES VARIOS LTDA.',NULL,NULL,NULL,'','','86.469.400-4',NULL,'KALINDI',0,'2026-02-04 18:31:58','2026-02-04 18:31:58'),(1638,'10597','PRODUCTORA DE CABLES LTDA C.I. ',NULL,NULL,NULL,'','446 4100','860.034.944-4',NULL,'CURUMI SPA',1,'2026-02-04 18:31:58','2026-02-04 18:31:58'),(1639,'10631','BROKER INC CHILE LTDA',NULL,NULL,NULL,'','','76.357.570-5',NULL,'OPB LOGISTICS',0,'2026-02-04 18:31:58','2026-02-04 18:31:58'),(1640,'10596','QUEBECOR WORLD PERU S.A.',NULL,NULL,NULL,'','4377323','20371828851',NULL,'OPENING TRADE, ',1,'2026-02-04 18:31:58','2026-02-04 18:31:58'),(1641,'10657','COMIDA LISTAS Y CONGELADOS DE COL  KLIK ',NULL,NULL,NULL,'','410 0077','830.109.170-5',NULL,'METAL SCRAP',1,'2026-02-04 18:31:58','2026-02-04 18:31:58'),(1642,'10595','ISMAEL VALDES VALDES',NULL,NULL,NULL,'','','2.554.824-8',NULL,'REBELSMILE SPA',0,'2026-02-04 18:31:58','2026-02-04 18:31:58'),(1643,'10660','PLASTEXTIL',NULL,NULL,NULL,'','','890.900.372-6',NULL,'INEX QUIMICA',0,'2026-02-04 18:31:58','2026-02-04 18:31:58'),(1644,'10659','CABARRIA & CIA. S.A.',NULL,NULL,NULL,'','319 0100','860.003.505-1',NULL,'CONVENTO VIEJO',1,'2026-02-04 18:31:58','2026-02-04 18:31:58'),(1645,'10656','AIMARCOL SAS',NULL,NULL,NULL,'grodriguezs@grupoalcomex.com','(1)5961666','830.063.139-6',NULL,'FRANCISCA ANDRE',1,'2026-02-04 18:31:58','2026-02-04 18:31:58'),(1646,'10671','COMERC.ARTICULOS AUTOMOVILES LTDA',NULL,NULL,NULL,'','','76.036.940-3',NULL,'COM.ASTURIAS',0,'2026-02-04 18:31:58','2026-02-04 18:31:58'),(1647,'10794','COMPAIA QUIMICA S.A.',NULL,NULL,NULL,'','5770316','20100005213',NULL,'ANDRES EDMUNDO',1,'2026-02-04 18:31:58','2026-02-04 18:31:58'),(1648,'10793','PANALPINA TRANSPORTES MUNDIALES S.A.',NULL,NULL,NULL,'','4606000','20100095379',NULL,'POWER PRO SERV.',1,'2026-02-04 18:31:58','2026-02-04 18:31:58'),(1649,'10692','IND. PRODUCTOS ALIMENTICIOS S.A.',NULL,NULL,NULL,'','','96.628.870-1',NULL,'BO CHILE SPA',0,'2026-02-04 18:31:58','2026-02-04 18:31:58'),(1650,'10796','TEXTILES QUILICHE HERMANOS S.A.C.',NULL,NULL,NULL,'','3238319','20504098568',NULL,'MASTER PROX ',1,'2026-02-04 18:31:58','2026-02-04 18:31:58'),(1651,'10798','KARINE FASHION INTERNATIONAL E.I.R.L.',NULL,NULL,NULL,'','3251333','20512414525',NULL,'TECNOANDINA SPA',1,'2026-02-04 18:31:58','2026-02-04 18:31:58'),(1652,'12014','IMPORTADORA CHEREGUE C.A.',NULL,NULL,NULL,'','0212-5781492','J-31670163-8',NULL,'TENERIA BAS S.A',1,'2026-02-04 18:31:58','2026-02-04 18:31:58'),(1653,'10808','CIA.IND.TEXTIL CREDISA-TRUTEX S.A.',NULL,NULL,NULL,'','3480491','20133530003',NULL,'COM. PRISMA SPA',1,'2026-02-04 18:31:58','2026-02-04 18:31:58'),(1654,'10807','G.W. YICHANG Y CIA. S.A.',NULL,NULL,NULL,'','4283040','20100030838',NULL,'REVITTA ALIM.',1,'2026-02-04 18:31:58','2026-02-04 18:31:58'),(1655,'10810','ALICORP S.A.A.',NULL,NULL,NULL,'','3150800','20100055237',NULL,'FREDES Y COYDAN',1,'2026-02-04 18:31:59','2026-02-04 18:31:59'),(1656,'10809','BATERIAS RECORD S.A.',NULL,NULL,NULL,'','3263687','20100054265',NULL,'CONST BEESOL',1,'2026-02-04 18:31:59','2026-02-04 18:31:59'),(1657,'10846','MONTANA S.A.',NULL,NULL,NULL,'','3622350','20100182263',NULL,'XINGHE',1,'2026-02-04 18:31:59','2026-02-04 18:31:59'),(1658,'10847','QUIMICA SUIZA S.A.',NULL,NULL,NULL,'','2114000','20100085225',NULL,'LIXUJIEMEI ',1,'2026-02-04 18:31:59','2026-02-04 18:31:59'),(1659,'10848','UNITRANS S.A.C.',NULL,NULL,NULL,'','2642911','20333014565',NULL,'SETMAGEN SPA',1,'2026-02-04 18:31:59','2026-02-04 18:31:59'),(1660,'10849','PROLESUR S.A. ',NULL,NULL,NULL,'','','92.347.000-K',NULL,'ALMANAUTA LOG.',0,'2026-02-04 18:31:59','2026-02-04 18:31:59'),(1661,'10850','KAPIRO LTDA.',NULL,NULL,NULL,'','421 0036','900.063.363-3',NULL,'ANTEP SPA',1,'2026-02-04 18:31:59','2026-02-04 18:31:59'),(1662,'10872','O M B SUDAMERICANA S.A.',NULL,NULL,NULL,'','','96.836.270-4',NULL,'DESARROLLOS CD',0,'2026-02-04 18:31:59','2026-02-04 18:31:59'),(1663,'10874','TIENDAS POR DEPARTAMENTO RIPLEY',NULL,NULL,NULL,'','4363036','20337564373',NULL,'NAZAR NASSER',1,'2026-02-04 18:31:59','2026-02-04 18:31:59'),(1664,'10875','MOLITALIA S.A.',NULL,NULL,NULL,'','5136262','20100035121',NULL,'ASCEND LAB.',1,'2026-02-04 18:31:59','2026-02-04 18:31:59'),(1665,'11210','GUSTAVO MORALES',NULL,NULL,NULL,'','540 1472','17.122.324-7',NULL,'INM SAN JOSE',1,'2026-02-04 18:31:59','2026-02-04 18:31:59'),(1666,'11011','DHL GLOBAL FORWARDING PERU S.A.',NULL,NULL,NULL,'','4217525','20307328471',NULL,'FPS FLEXIBLES',1,'2026-02-04 18:31:59','2026-02-04 18:31:59'),(1667,'11012','ANDRES ANTONIO GINESTAR MOMARES',NULL,NULL,NULL,'cgaete@gaeteconsultores.cl','','7.474.298-K',NULL,'KOMILE SPA.',1,'2026-02-04 18:31:59','2026-02-04 18:31:59'),(1668,'11549','ELKIN DARIO RIOS',NULL,NULL,NULL,'','513 6756','71.681.883-6',NULL,'GREENWISH GROUP',1,'2026-02-04 18:31:59','2026-02-04 18:31:59'),(1669,'11116','SAN NICOLAS WINES S.A.',NULL,NULL,NULL,'','','76.321.700-0',NULL,'CAMILA CARRASCO',0,'2026-02-04 18:31:59','2026-02-04 18:31:59'),(1670,'11206','ACCESS GLOBAL LOGISTICS LTDA.',NULL,NULL,NULL,'','410 8214','900.010.759-9',NULL,'AMERICAN CHILE ',1,'2026-02-04 18:31:59','2026-02-04 18:31:59'),(1671,'11262','PEGAUCHO S.A.',NULL,NULL,NULL,'','309 3939','890.900.453-4',NULL,'RHENUS LOGISTIC',1,'2026-02-04 18:31:59','2026-02-04 18:31:59'),(1672,'11306','C.I. REDINTER LTDA.',NULL,NULL,NULL,'','664 4546','805.025.612-6',NULL,'XIN HENG YUAN',1,'2026-02-04 18:31:59','2026-02-04 18:31:59'),(1673,'11307','QUIMICA AROMATICA ANDINA S.A.',NULL,NULL,NULL,'deya.daza@qca.com.co','57(1)4178800','860.075.787-1',NULL,'BEST SHOP SPA',1,'2026-02-04 18:31:59','2026-02-04 18:31:59'),(1674,'11303','PACIFEX DE COLOMBIA LTDA.',NULL,NULL,NULL,'','317 2816','830.512.904-1',NULL,'SIMBA CLOTHING',1,'2026-02-04 18:31:59','2026-02-04 18:31:59'),(1675,'11305','IMP.Y EXP. BALLESTAS TRADES LTDA',NULL,NULL,NULL,'','','77.911.590-9',NULL,'XINGXINGYU',0,'2026-02-04 18:31:59','2026-02-04 18:31:59'),(1676,'11339','SILVER OCEAN S.A.C.',NULL,NULL,NULL,'','4728363','20512602445',NULL,'TAIDU',1,'2026-02-04 18:31:59','2026-02-04 18:31:59'),(1677,'11304','LA INTERAMERICANA CIA. SEG.DE VIDA',NULL,NULL,NULL,'','','99.289.000-2',NULL,'COM. BEN BEN',0,'2026-02-04 18:31:59','2026-02-04 18:31:59'),(1678,'11183','KARI BREIDFJORD AGUSTSSON EIRL',NULL,NULL,NULL,'','','52.004.944-4',NULL,'COMER.FABIAN AN',0,'2026-02-04 18:31:59','2026-02-04 18:31:59'),(1679,'11337','PARKER-HANNFIN CHILE',NULL,NULL,NULL,'','','77.343.790-4',NULL,'P Y P PACK SPA',0,'2026-02-04 18:31:59','2026-02-04 18:31:59'),(1680,'11336','IDEAS  Y SERV.PUBLICITARIO LTDA.',NULL,NULL,NULL,'','','78.522.280-6',NULL,'AUSIN HNOS',0,'2026-02-04 18:31:59','2026-02-04 18:31:59'),(1681,'11388','CABLE CENTRAL S.A.',NULL,NULL,NULL,'','','99.558.800-5',NULL,'VERONA HOME',0,'2026-02-04 18:31:59','2026-02-04 18:31:59'),(1682,'11515','COMERCIAL TODOINOX LTDA',NULL,NULL,NULL,'','','89.257.000-0',NULL,'LATAM COMEX LOG',0,'2026-02-04 18:31:59','2026-02-04 18:31:59'),(1683,'11605','ALEJANDRA A.SALGADO OSSANDON',NULL,NULL,NULL,'','7321309','8.167.951-7',NULL,'SOC.INV.LITCO',1,'2026-02-04 18:31:59','2026-02-04 18:31:59'),(1684,'11672','ENGELMANN',NULL,NULL,NULL,'','','30-53156910-1',NULL,'EXP RIO BLANCO',0,'2026-02-04 18:31:59','2026-02-04 18:31:59'),(1685,'11627','INDUSTRIAL Y COMERCIAL ZORBA LTDA',NULL,NULL,NULL,'','','85.027.100-3',NULL,'FRUIT UNION',0,'2026-02-04 18:31:59','2026-02-04 18:31:59'),(1686,'11603','MARTHA SANCHEZ',NULL,NULL,NULL,'','','502020019',NULL,'SHIPPTER SPA',0,'2026-02-04 18:31:59','2026-02-04 18:31:59'),(1687,'11597','HALLIBURTON LATIN AMERICA S.A.',NULL,NULL,NULL,'','326 5878','860.051.812-2',NULL,'COM.DEKAR',1,'2026-02-04 18:31:59','2026-02-04 18:31:59'),(1688,'11600','SOC IMPORTADORA EPALIM S.A.',NULL,NULL,NULL,'','','96.913.630-9',NULL,'FARGA Y CASADO',0,'2026-02-04 18:31:59','2026-02-04 18:31:59'),(1689,'11626','JORGE HUMBERTO LOPERA',NULL,NULL,NULL,'','X','3.469.599-4',NULL,'BARMERO',1,'2026-02-04 18:31:59','2026-02-04 18:31:59'),(1691,'11691','EDITORA GEMINIS LTDA.',NULL,NULL,NULL,'','2773055','860.507.974-6',NULL,'IMP.TMCC',1,'2026-02-04 18:31:59','2026-02-04 18:31:59'),(1692,'11824','PESQUERA RIBAUDO S.A.',NULL,NULL,NULL,'','','20505607831',NULL,'Z G Z SPA ',0,'2026-02-04 18:31:59','2026-02-04 18:31:59'),(1693,'11692','COMERC.E IND.VIVALDI S.A.',NULL,NULL,NULL,'','','79.732.770-0',NULL,'KMT CHILE LTDA.',0,'2026-02-04 18:31:59','2026-02-04 18:31:59'),(1694,'11823','INDUSTRIA DE ALIMENTOS ZENU S A S',NULL,NULL,NULL,'alrios@serviciosnutresa.com','(4)2672501','811.035.741-2',NULL,'FYP INVERSIONES',1,'2026-02-04 18:31:59','2026-02-04 18:31:59'),(1695,'11821','S.C.PSQRA.ART.VALPO Y CIA.LTDA.',NULL,NULL,NULL,'','','76.206.300-K',NULL,'CASALIVING',0,'2026-02-04 18:31:59','2026-02-04 18:31:59'),(1696,'11390','HOSPITALIA PRODUCTOS MEDICOS LTDA',NULL,NULL,NULL,'comex@hospitalia.cl','','78.233.420-4',NULL,'EL CUSCO',1,'2026-02-04 18:31:59','2026-02-04 18:31:59'),(1697,'12018','DISTRIBUIDORA A.M.O. IMPORT',NULL,NULL,NULL,'','0242-3612384/0414','J-31516559-7',NULL,'TODOCOMEX SPA.',1,'2026-02-04 18:31:59','2026-02-04 18:31:59'),(1698,'12019','IMPORTADORA BRITANIC 2000 C.A.',NULL,NULL,NULL,'alborto_novoa_8@hotmail.com','0412-7380574-212','J-31213652-9',NULL,'YEPSEN',1,'2026-02-04 18:31:59','2026-02-04 18:31:59'),(1699,'11819','LAOREM INTERNATIONAL LTDA.',NULL,NULL,NULL,'','434 2688','830.073.549-5',NULL,'TBM Y TUNEL SPA',1,'2026-02-04 18:31:59','2026-02-04 18:31:59'),(1700,'11815','CARRIEL Y PINTO LTDA.',NULL,NULL,NULL,'','','77.260.410-6',NULL,'ALMA OCHO SPA',0,'2026-02-04 18:31:59','2026-02-04 18:31:59'),(1701,'11820','FREIGHT & SERVICES LTDA.',NULL,NULL,NULL,'','224 3390','900.042.899-9',NULL,'MONTEC S.A.',1,'2026-02-04 18:31:59','2026-02-04 18:31:59'),(1702,'11816','ANA INES MELLA GONZALEZ',NULL,NULL,NULL,'','','6.733.970-3',NULL,'HANS DIETTER PL',0,'2026-02-04 18:31:59','2026-02-04 18:31:59'),(1703,'11875','NIELS GAITAUD',NULL,NULL,NULL,'','','21.675.468-9',NULL,'IMP.DAGAZ STORE',0,'2026-02-04 18:31:59','2026-02-04 18:31:59'),(1704,'11935','COMPAIA VENEZOLANA DE CERAMICA C.A.',NULL,NULL,NULL,'','0244-3220464','J-00007610-3',NULL,'PCPRIME',1,'2026-02-04 18:31:59','2026-02-04 18:31:59'),(1705,'11936','INVERSIONES LI TIAN, C.A.',NULL,NULL,NULL,'','0412-0738869','J-29645450-7',NULL,'IMP FOSTON ',1,'2026-02-04 18:31:59','2026-02-04 18:31:59'),(1706,'12003','MAKAVY IMPORT\'S C.A.',NULL,NULL,NULL,'','0243-5537878','J-31257333-3',NULL,'JUAN PABLO CAPO',1,'2026-02-04 18:31:59','2026-02-04 18:31:59'),(1707,'12010','SEALAND C.A.',NULL,NULL,NULL,'','0241-8717431','J-31089870-7',NULL,'NIORI SPA',1,'2026-02-04 18:31:59','2026-02-04 18:31:59'),(1708,'12025','INVERSIONES LESA DE COLOMBIA S.A.',NULL,NULL,NULL,'','670 0645','860.515.627-9',NULL,'NAUTICOS Y ARQU',1,'2026-02-04 18:31:59','2026-02-04 18:31:59'),(1709,'12022','CORTES E IMPRESOS S A',NULL,NULL,NULL,'corteseimpresos@etb.net.co','3174276294','817.002.999-5',NULL,'COM.EXP E IMP.',1,'2026-02-04 18:31:59','2026-02-04 18:31:59'),(1710,'12016','INVERSIONES 1311, CA.',NULL,NULL,NULL,'','0251-2333-5531','J-31380375-8',NULL,'MAXISACOS',1,'2026-02-04 18:31:59','2026-02-04 18:31:59'),(1711,'12024','PERU MULTIMODAL LOGISTIC S.A.C.',NULL,NULL,NULL,'','4524848','20571546007',NULL,'SAN LIBORIO SPA',1,'2026-02-04 18:31:59','2026-02-04 18:31:59'),(1712,'12026','STONEGATE SHIPPING CHILE S.A.',NULL,NULL,NULL,'cbernal@stonegate.cl','','99.515.520-6',NULL,'MINING DRILLING',1,'2026-02-04 18:31:59','2026-02-04 18:31:59'),(1713,'11194','COMERCIAL DANOI LTDA',NULL,NULL,NULL,'','','89.676.200-1',NULL,'ISLA HNOS. SPA',0,'2026-02-04 18:31:59','2026-02-04 18:31:59'),(1714,'12076','NOVARTIS NUTRITION',NULL,NULL,NULL,'','02418747433','J-30022592-5',NULL,'HOMER DESIGN',1,'2026-02-04 18:31:59','2026-02-04 18:31:59'),(1715,'14025','MASTERCOL S.A.',NULL,NULL,NULL,'','','20512217533',NULL,'COSMOPOLITAN',0,'2026-02-04 18:31:59','2026-02-04 18:31:59'),(1717,'12339','COMERC.DE ART.ELECT.WOLF CIA.S.A.',NULL,NULL,NULL,'','','99.591.520-0',NULL,'CHANET AND CHAN',0,'2026-02-04 18:31:59','2026-02-04 18:31:59'),(1718,'12546','MM TODO ACTUAL',NULL,NULL,NULL,'','','J-31356788-4',NULL,'FLYJUMP',0,'2026-02-04 18:31:59','2026-02-04 18:31:59'),(1719,'12540','RICARDO CHIO LOMBERA',NULL,NULL,NULL,'','','6.559.928-7',NULL,'CALZADOS Y ACCE',0,'2026-02-04 18:31:59','2026-02-04 18:31:59'),(1720,'12776','AROMAS DEL PERU SA',NULL,NULL,NULL,'','423 7980','20100459672',NULL,'ZEPETO SPA',1,'2026-02-04 18:31:59','2026-02-04 18:31:59'),(1721,'12874','CONSORCIO PENTAMAT, C.A.',NULL,NULL,NULL,'AYARI@PENTAMAT.COM','0212-9592131','J-30323448-8',NULL,'TEAM LOG SPA',1,'2026-02-04 18:31:59','2026-02-04 18:31:59'),(1722,'15203','CORK PERU S.A',NULL,NULL,NULL,'','','20506982465',NULL,'GREEN LOGISTICS',0,'2026-02-04 18:31:59','2026-02-04 18:31:59'),(1723,'13290','CORP.FABRIL DE FONFECCIONES SA',NULL,NULL,NULL,'','537-0550','20101187943',NULL,'RESCORP SPA',1,'2026-02-04 18:31:59','2026-02-04 18:31:59'),(1724,'11992','DESPACHADORA AN-MAR C.A.',NULL,NULL,NULL,'','0212-2858859/2863659','J-30065250-5',NULL,'CHANDIA ',1,'2026-02-04 18:31:59','2026-02-04 18:31:59'),(1725,'13250','KURESA S.A.',NULL,NULL,NULL,'','3488001/3483001','20100069297',NULL,'EXP RANCAGUA',1,'2026-02-04 18:31:59','2026-02-04 18:31:59'),(1726,'13341','ADHESTIC S.A',NULL,NULL,NULL,'','4224-778','20101562388',NULL,'BERHER',1,'2026-02-04 18:31:59','2026-02-04 18:31:59'),(1727,'13402','MADERERA BOZOVICH   S.A.C',NULL,NULL,NULL,'','617-4444','20100371741',NULL,'SANCHEZ HERMANO',1,'2026-02-04 18:31:59','2026-02-04 18:31:59'),(1728,'10834','AGROFLORIDA EXP.HORTOFRUTICOLAS LTDA',NULL,NULL,NULL,'','','78.780.060-2',NULL,'GLOBAL POINT EX',0,'2026-02-04 18:31:59','2026-02-04 18:31:59'),(1729,'13560','ALGODONERA PERUANA S.A.C.',NULL,NULL,NULL,'','','20136435397',NULL,'FULL CARGO SPA',0,'2026-02-04 18:31:59','2026-02-04 18:31:59'),(1730,'14029','SOUTHERN TEXTILE NETWORK S.A.',NULL,NULL,NULL,'','','20376729126',NULL,'ANDESBHUMI FARM',0,'2026-02-04 18:31:59','2026-02-04 18:31:59'),(1731,'13938','COLOPIE COMERCIAL E.I.R.L.',NULL,NULL,NULL,'','','20508181010',NULL,'WELLFOOD SPA',0,'2026-02-04 18:31:59','2026-02-04 18:31:59'),(1732,'14456','ECOANDINO SAC',NULL,NULL,NULL,'','','20419184111',NULL,'EMBALAJES Y SER',0,'2026-02-04 18:31:59','2026-02-04 18:31:59'),(1733,'14407','TRICON ENERGY COLOMBIA S.A.',NULL,NULL,NULL,'','9630066','900.108.493-8',NULL,'INT.CARGO SPA',1,'2026-02-04 18:31:59','2026-02-04 18:31:59'),(1734,'11154','GRAN BOSQUE ROSARIO LTDA.',NULL,NULL,NULL,'','','830.143.169-0',NULL,'IMP.DE NEUMATIC',0,'2026-02-04 18:31:59','2026-02-04 18:31:59'),(1735,'14539','SUERO MUOZ EUGENIO',NULL,NULL,NULL,'','','10307657355',NULL,'VISANMAR LOG.',0,'2026-02-04 18:31:59','2026-02-04 18:31:59'),(1736,'14800','INNOVA PERU SAC',NULL,NULL,NULL,'','','20501803520',NULL,'SAN LUCAS',0,'2026-02-04 18:31:59','2026-02-04 18:31:59'),(1737,'14622','FIBRASIN SRLTDA',NULL,NULL,NULL,'','','20108217627',NULL,'IRURZUN SPA',0,'2026-02-04 18:31:59','2026-02-04 18:31:59'),(1738,'14987','IMPORTAD. DISTRIBUID. SALAMANCA SRL',NULL,NULL,NULL,'','','20385586842',NULL,'KOLOMIC',0,'2026-02-04 18:31:59','2026-02-04 18:31:59'),(1739,'14758','H. Y. ENTERPRISE EIRL',NULL,NULL,NULL,'','','20511714118',NULL,'FERROBAL LTDA',0,'2026-02-04 18:31:59','2026-02-04 18:31:59'),(1740,'12725','CONTROL VITAL S.A.',NULL,NULL,NULL,'','','20336141011',NULL,'OUTLET DE PUERT',0,'2026-02-04 18:31:59','2026-02-04 18:31:59'),(1741,'14745','GRUPO TEXTIL NUEVO MILENIO SAC',NULL,NULL,NULL,'','','20510093632',NULL,'EL PAL.LANAS',0,'2026-02-04 18:31:59','2026-02-04 18:31:59'),(1742,'15025','INDUSTRIAL TOOLS SAC',NULL,NULL,NULL,'','','20502365879',NULL,'GRUAS BRIGMANN ',0,'2026-02-04 18:31:59','2026-02-04 18:31:59'),(1743,'15068','RESTAURANT CASA CHINA LTDA.',NULL,NULL,NULL,'','','78.566.780-8',NULL,'PAULO REINOSO S',0,'2026-02-04 18:31:59','2026-02-04 18:31:59'),(1744,'14986','IMPORT. COMERCIAL PHETETE SRL',NULL,NULL,NULL,'','','20502436300',NULL,'1 MI STORE 2',0,'2026-02-04 18:31:59','2026-02-04 18:31:59'),(1745,'15072','DUPONT QUIMICA DE VENEZUELA, C.A.',NULL,NULL,NULL,'KARINA.BUENO@VEN.DUPONT.COM','0241-8747355','J-30306585-6',NULL,'COLINTER TRANSP',1,'2026-02-04 18:31:59','2026-02-04 18:31:59'),(1747,'15106','INVERSIONES CANELA ROLLS S.A.',NULL,NULL,NULL,'','','99.562.550-4',NULL,'CONVERPAC SPA',0,'2026-02-04 18:31:59','2026-02-04 18:31:59'),(1748,'15105','ILKO INTERNATIONAL LTDA.',NULL,NULL,NULL,'','','78.909.730-5',NULL,'D-BODEGAS SPA',0,'2026-02-04 18:31:59','2026-02-04 18:31:59'),(1749,'15075','MICRO EMPRESAS S.J.T EIRL',NULL,NULL,NULL,'','','20484077496',NULL,'IMP.HUA CHENG',0,'2026-02-04 18:31:59','2026-02-04 18:31:59'),(1750,'15095','PROEXUR SRL',NULL,NULL,NULL,'','','160 144 250 012',NULL,'MOOI',0,'2026-02-04 18:31:59','2026-02-04 18:31:59'),(1751,'14954','IMPORTAC FRENOS CHASQUI SAC',NULL,NULL,NULL,'','','20509285781',NULL,'ONBOARD LOGISTI',0,'2026-02-04 18:31:59','2026-02-04 18:31:59'),(1752,'15097','PTS S.A',NULL,NULL,NULL,'','','20167930868',NULL,'IMP.Y EXP LEO',0,'2026-02-04 18:31:59','2026-02-04 18:31:59'),(1753,'15065','INTERNAC. DE MAQUINARIA Y COMERCIO SA',NULL,NULL,NULL,'','','20100343887',NULL,'IMP. Y COM. E&G',0,'2026-02-04 18:31:59','2026-02-04 18:31:59'),(1754,'15078','SEW DEL PERU MOTORES REDUCTORES SAC',NULL,NULL,NULL,'','','20471133770',NULL,'BRICOTORO LTDA.',0,'2026-02-04 18:31:59','2026-02-04 18:31:59'),(1755,'14974','SOCIEDAD IMPORTADORA S.A',NULL,NULL,NULL,'','','20108572958',NULL,'2737 IMP.Y EXP.',0,'2026-02-04 18:31:59','2026-02-04 18:31:59'),(1756,'7139','CHAVARRO MARTINEZ FLAVIO AUGUSTO',NULL,NULL,NULL,'','6350246','19.367.573-3',NULL,'INM BOSTON',1,'2026-02-04 18:31:59','2026-02-04 18:31:59'),(1757,'15063','BODEGAS HISPANO ARGENTINAS S.A.',NULL,NULL,NULL,'','0261-499-0365/66','30-69035724-7',NULL,'BELINA',1,'2026-02-04 18:31:59','2026-02-04 18:31:59'),(1758,'15064','INTERNAC. BUSINESS TROPICAL PRODUCTS EIR',NULL,NULL,NULL,'','','20393235595',NULL,'HENG FA',0,'2026-02-04 18:31:59','2026-02-04 18:31:59'),(1759,'15066','INTRALOT DE PERU SA',NULL,NULL,NULL,'','','20506035121',NULL,'DRAGON AZUL',0,'2026-02-04 18:31:59','2026-02-04 18:31:59'),(1760,'15071','PALOMINO HUAMANI LEONOR',NULL,NULL,NULL,'','','10092575034',NULL,'IMP. CYL',0,'2026-02-04 18:31:59','2026-02-04 18:31:59'),(1761,'15102','STEP CARGO S.A.',NULL,NULL,NULL,'','','20265781081',NULL,'ROCIO',0,'2026-02-04 18:31:59','2026-02-04 18:31:59'),(1762,'15094','IGAL EXPORTACIONES LTDA.',NULL,NULL,NULL,'','','77.608.960-5',NULL,'FASHION FAMILY',0,'2026-02-04 18:31:59','2026-02-04 18:31:59'),(1763,'15101','ULEXANDES S.A.C',NULL,NULL,NULL,'','','20413040656',NULL,'I-RUN CHILE IMP',0,'2026-02-04 18:31:59','2026-02-04 18:31:59'),(1764,'14922','IMPORT & EXPORT CHINA COMERC CENTRAL SAC',NULL,NULL,NULL,'','','20504533752',NULL,'CRIOGAS CHILE',0,'2026-02-04 18:31:59','2026-02-04 18:31:59'),(1765,'15076','POSCO ENGINEERING&CONST.CO.LTDA.',NULL,NULL,NULL,'cys@poscoenc.cl','24351404','59.123.000-K',NULL,'HESHENG',1,'2026-02-04 18:31:59','2026-02-04 18:31:59'),(1766,'15103','IMPORT.Y DISTRIB.SENSACION LTDA.',NULL,NULL,NULL,'','','79.531.310-9',NULL,'SAGANO',0,'2026-02-04 18:31:59','2026-02-04 18:31:59'),(1767,'15104','COMER. E INDUSTRIAL PICARTE LTDA.',NULL,NULL,NULL,'','','78.554.520-6',NULL,'ECOMUSO',0,'2026-02-04 18:31:59','2026-02-04 18:31:59'),(1768,'15174','MARTINI TRADING GROUP S.A.',NULL,NULL,NULL,'','','30-70864605-5',NULL,'COMERCIAL 5B',0,'2026-02-04 18:31:59','2026-02-04 18:31:59'),(1769,'15194','PULSAR IMPORT EIRL',NULL,NULL,NULL,'','','20510389833',NULL,'MAX HOME',0,'2026-02-04 18:31:59','2026-02-04 18:31:59'),(1770,'15193','ZS MOTOR\'S S.A.C',NULL,NULL,NULL,'','','20505921624',NULL,'WANGHANG',0,'2026-02-04 18:31:59','2026-02-04 18:31:59'),(1771,'15175','TINCOLOR\'S S.A',NULL,NULL,NULL,'','','20506118922',NULL,'BETHEL LOGISTIC',0,'2026-02-04 18:31:59','2026-02-04 18:31:59'),(1772,'15188','COMERCIAL MAR AZUL LTDA.',NULL,NULL,NULL,'','','78.401.370-7',NULL,'LE MEI HUI',0,'2026-02-04 18:31:59','2026-02-04 18:31:59'),(1773,'15189','COMERCIAL HUNG FENG C.A.',NULL,NULL,NULL,'','0414-5700018','J-30855673-4',NULL,'YI LONG',1,'2026-02-04 18:31:59','2026-02-04 18:31:59'),(1774,'15336','INATEC PERU S.A.C.',NULL,NULL,NULL,'','','20505467214',NULL,'DOS ALERCES',0,'2026-02-04 18:31:59','2026-02-04 18:31:59'),(1775,'14877','SUD AZUCAR SA',NULL,NULL,NULL,'','','20109459683',NULL,'AGUACOL',0,'2026-02-04 18:31:59','2026-02-04 18:31:59'),(1776,'15205','PLASTICOS RIO SANTA S.A',NULL,NULL,NULL,'','','20101227082',NULL,'COCO',0,'2026-02-04 18:31:59','2026-02-04 18:31:59'),(1777,'15206','OTR TIRES S.R.L',NULL,NULL,NULL,'','','20511572909',NULL,'CARGO WORLD',0,'2026-02-04 18:31:59','2026-02-04 18:31:59'),(1778,'15384','ALL COTTON S.A',NULL,NULL,NULL,'','','20101931090',NULL,'LIDA CHILE LTDA',0,'2026-02-04 18:31:59','2026-02-04 18:31:59'),(1779,'15345','DSI-CHILE INDUSTRIAL LIMITADA',NULL,NULL,NULL,'','','76.710.240-2',NULL,'DALCAHUE',0,'2026-02-04 18:31:59','2026-02-04 18:31:59'),(1780,'15417','COMERCIAL ANWO S.A.',NULL,NULL,NULL,'','','99.574.860-6',NULL,'FERYMIR INGENIE',0,'2026-02-04 18:31:59','2026-02-04 18:31:59'),(1781,'14876','SEGURINDUSTRIA SA',NULL,NULL,NULL,'','','20131529181',NULL,'STARLUX SPA',0,'2026-02-04 18:31:59','2026-02-04 18:31:59'),(1782,'15374','LIMATEX S.A',NULL,NULL,NULL,'','','20505700962',NULL,'REDBO CHILE',0,'2026-02-04 18:31:59','2026-02-04 18:31:59'),(1783,'15348','CONG SUN',NULL,NULL,NULL,'','','21.162.701-8',NULL,'XINTONG JI',0,'2026-02-04 18:31:59','2026-02-04 18:31:59'),(1784,'13785','BOYTON S.A.C.',NULL,NULL,NULL,'','','20385844213',NULL,'TRADER CHILE',0,'2026-02-04 18:31:59','2026-02-04 18:31:59'),(1785,'14923','INVERS. METALURGICAS MILAGRIITOS SAC',NULL,NULL,NULL,'','','20510655738',NULL,'PROLABI S.A.',0,'2026-02-04 18:31:59','2026-02-04 18:31:59'),(1786,'13595','AMERICAN PACIFIC CORPORATION E.I.R.L.',NULL,NULL,NULL,'','','20402564408',NULL,'SUPLALIM',0,'2026-02-04 18:31:59','2026-02-04 18:31:59'),(1787,'12251','EL MUNDO DE LAS HERRAMIENTAS Y/O',NULL,NULL,NULL,'','342 6454','91.260.458-5',NULL,'SUBLIMALO SPA',1,'2026-02-04 18:31:59','2026-02-04 18:31:59'),(1788,'15207','ENSAMBLAN PERU EIRL',NULL,NULL,NULL,'','','20393182297',NULL,'BUENA VIDA',0,'2026-02-04 18:31:59','2026-02-04 18:31:59'),(1789,'15512','LIPESA DEL PERU SAC',NULL,NULL,NULL,'','','20513920271',NULL,'GLOBAL TRADING ',0,'2026-02-04 18:31:59','2026-02-04 18:31:59'),(1790,'15350','INSTITUTO HIJAS DE SAN CAMILO',NULL,NULL,NULL,'','','65.071.530-6',NULL,'SENIA',0,'2026-02-04 18:31:59','2026-02-04 18:31:59'),(1791,'15088','JJ HERMANOS CIA. LTDA.',NULL,NULL,NULL,'','364 1205','816.000.959-8',NULL,'IDEEHOUSE',1,'2026-02-04 18:31:59','2026-02-04 18:31:59'),(1792,'15090','WORLD COMPANY F. S.A.C',NULL,NULL,NULL,'','','20504429262',NULL,'MAQ Y HER ROJAS',0,'2026-02-04 18:31:59','2026-02-04 18:31:59'),(1793,'15037','TECNOLOGISTICA GROUP S.A.',NULL,NULL,NULL,'','','30-70970103-3',NULL,'TALDENIC',0,'2026-02-04 18:31:59','2026-02-04 18:31:59'),(1794,'15091','MINSUR S.A',NULL,NULL,NULL,'','','20100136741',NULL,'GEVIAL SUMINIST',0,'2026-02-04 18:31:59','2026-02-04 18:31:59'),(1795,'15349','ARMIN RUDOLF TRIEBL INGENIERO EIRL',NULL,NULL,NULL,'','','52.003.123-5',NULL,'COM. PORTUGAL',0,'2026-02-04 18:31:59','2026-02-04 18:31:59'),(1796,'15581','SOCIEDAD AGRICOLA CAMINO SAC',NULL,NULL,NULL,'','','20508987502',NULL,'SILVA Y SILVA',0,'2026-02-04 18:31:59','2026-02-04 18:31:59'),(1797,'15070','SULFATO DE COBRE S.A',NULL,NULL,NULL,'','','00100051916',NULL,'EXPORTSUR LTDA.',0,'2026-02-04 18:31:59','2026-02-04 18:31:59'),(1798,'15092','V & F TECNOLOGIA COMERCIAL S.A.C',NULL,NULL,NULL,'','','20111740438',NULL,'ABCMAQ S.P.A.',0,'2026-02-04 18:31:59','2026-02-04 18:31:59'),(1799,'15190','CERA ARTISTICA C.A.',NULL,NULL,NULL,'','0251-2692685','J-08517032-4',NULL,'MINERAS DEL NOR',1,'2026-02-04 18:31:59','2026-02-04 18:31:59'),(1800,'7034','C.I. COLCUEROS S.A',NULL,NULL,NULL,'colcueros@epm.net.co','312727','811.015.541-0',NULL,'HIDROLATINA',1,'2026-02-04 18:31:59','2026-02-04 18:31:59'),(1802,'15204','INTERNACIONAL DE MAQUINARIA Y COMERCIO S',NULL,NULL,NULL,'','','20100343887',NULL,'ENERGIA Y GENER',0,'2026-02-04 18:31:59','2026-02-04 18:31:59'),(1803,'15387','EL COLOMBIANO S.A.',NULL,NULL,NULL,'','331 4849','890.901.352-3',NULL,'LONGYAN SPA',1,'2026-02-04 18:31:59','2026-02-04 18:31:59'),(1804,'15339','PORT LOGISTICS S.A.C.',NULL,NULL,NULL,'','','20511271453',NULL,'CHILQUINTA',0,'2026-02-04 18:31:59','2026-02-04 18:31:59'),(1805,'15266','EST.COMERCIALES CALIFORNIA S.A.',NULL,NULL,NULL,'','','93.027.000-8',NULL,'GEELY MOTOR',0,'2026-02-04 18:31:59','2026-02-04 18:31:59'),(1806,'15265','MURO ACOSTA Y SOLANA LTDA.',NULL,NULL,NULL,'','','78.595.710-5',NULL,'SANFU',0,'2026-02-04 18:31:59','2026-02-04 18:31:59'),(1807,'15145','INVERSIONES GIAN S.A.C',NULL,NULL,NULL,'','','20503721971',NULL,'PROFESIONALES',0,'2026-02-04 18:31:59','2026-02-04 18:31:59'),(1808,'15149','TERMOENCOGIBLES DEL PERU S.A',NULL,NULL,NULL,'','','20100448123',NULL,'VIDA BUENA',0,'2026-02-04 18:31:59','2026-02-04 18:31:59'),(1809,'15691','SUMINISTROS INDUSTRIALES JOSE SAC',NULL,NULL,NULL,'','','20511013080',NULL,'IMP. GOMEI SPA',0,'2026-02-04 18:31:59','2026-02-04 18:31:59'),(1810,'6167','C N C IMPORT EXPORTS LTDA',NULL,NULL,NULL,'','57-414591','78.108.100-0',NULL,'SOC.COM.GAETE',1,'2026-02-04 18:31:59','2026-02-04 18:31:59'),(1811,'15595','IMPORTADORA DEVI LTDA.',NULL,NULL,NULL,'','','78.278.210-K',NULL,'MIGUEL NUNEZ SP',0,'2026-02-04 18:31:59','2026-02-04 18:31:59'),(1812,'15341','MANUEL CEDRA S.A.C',NULL,NULL,NULL,'','','20100310016',NULL,'XIE SUN',0,'2026-02-04 18:31:59','2026-02-04 18:31:59'),(1813,'15635','TRANSCAVA INTERCONTINENTAL,C.A.',NULL,NULL,NULL,'','0276-6511800','J-31211487-8',NULL,'VICENTE MIRANDA',1,'2026-02-04 18:31:59','2026-02-04 18:31:59'),(1814,'15176','EL AGUILA SRL',NULL,NULL,NULL,'','','20395263952',NULL,'GOLON SPA',0,'2026-02-04 18:31:59','2026-02-04 18:31:59'),(1815,'15209','FORESTAL TROMEN S.A.',NULL,NULL,NULL,'','+56 45 2654100','96.613.040-7',NULL,'CATERIN A ARAYA',1,'2026-02-04 18:31:59','2026-02-04 18:31:59'),(1816,'15583','PROLIMSO S.A.C',NULL,NULL,NULL,'','','20506652082',NULL,'NUTRAPHARM S A',0,'2026-02-04 18:31:59','2026-02-04 18:31:59'),(1817,'15210','PREMIUM TEXTILES S.A.C',NULL,NULL,NULL,'','','20507072616',NULL,'MOLDUPACK SPA',0,'2026-02-04 18:31:59','2026-02-04 18:31:59'),(1818,'15212','KENYI MOTORS EIRL',NULL,NULL,NULL,'','','20472527925',NULL,'BYRON SALGADO',0,'2026-02-04 18:31:59','2026-02-04 18:31:59'),(1819,'15211','EMBAJADA DE TAILANDIA ',NULL,NULL,NULL,'','','20514744816',NULL,'GEOBRUGG ANDINA',0,'2026-02-04 18:31:59','2026-02-04 18:31:59'),(1820,'15213','ENERGEX S.A.',NULL,NULL,NULL,'','416 5132','800.002.609-6',NULL,'SAFIA SPA',1,'2026-02-04 18:31:59','2026-02-04 18:31:59'),(1821,'15688','SOC.AGR.Y AVIC.SAN LUIS DE CUN.LT.',NULL,NULL,NULL,'','','77.709.030-5',NULL,'RONGXIN',0,'2026-02-04 18:31:59','2026-02-04 18:31:59'),(1822,'15410','ATIQ COLOR S.A.C',NULL,NULL,NULL,'','','20513459832',NULL,'AXYS S.A.',0,'2026-02-04 18:31:59','2026-02-04 18:31:59'),(1823,'15388','LA VIA DEL COUTRY LTDA.',NULL,NULL,NULL,'','236 7149','900.054.922-2',NULL,'JVT SPA',1,'2026-02-04 18:31:59','2026-02-04 18:31:59'),(1824,'15584','TAWARA CHILE CONSTRUCCIONES S.A.',NULL,NULL,NULL,'','2-2442632','77.833.180-2',NULL,'GOMEZ ATIENZA',1,'2026-02-04 18:31:59','2026-02-04 18:31:59'),(1825,'15585','PLACENTA LABORATORIOS EIRL',NULL,NULL,NULL,'','','20123487541',NULL,'COM. COMETA',0,'2026-02-04 18:31:59','2026-02-04 18:31:59'),(1826,'14915','AEROTRANSPORTES ARAUCANIA LTDA.',NULL,NULL,NULL,'','','78.080.940-K',NULL,'KOMEX CHILE SPA',0,'2026-02-04 18:31:59','2026-02-04 18:31:59'),(1827,'15636','CABREJOS SAAVEDRA HECTOR MAXIMILIANO',NULL,NULL,NULL,'','','10076448197',NULL,'ENV. EBENEZER',0,'2026-02-04 18:31:59','2026-02-04 18:31:59'),(1828,'11904','PACHACO S.A.',NULL,NULL,NULL,'','','30-70936920-9',NULL,'MACO TATTERSALL',0,'2026-02-04 18:31:59','2026-02-04 18:31:59'),(1829,'14744','GRUPO SPECTRA SAC',NULL,NULL,NULL,'','','20505330341',NULL,'MERY Y COMPANIA',0,'2026-02-04 18:31:59','2026-02-04 18:31:59'),(1830,'11345','ARTRANS S.A.',NULL,NULL,NULL,'','','30-59373041-3',NULL,'VIA LOGISTIC GR',0,'2026-02-04 18:31:59','2026-02-04 18:31:59'),(1831,'15342','SERVICIOS FRIGORIFICOS S.A',NULL,NULL,NULL,'','','20100145813',NULL,'SIT SPA',0,'2026-02-04 18:31:59','2026-02-04 18:31:59'),(1832,'15601','EXPORT.Y COMERC.GM LTDA.',NULL,NULL,NULL,'','','76.506.610-7',NULL,'EL ESPINO SPA',0,'2026-02-04 18:31:59','2026-02-04 18:31:59'),(1833,'15689','EMPRESA CONSTRUCTORA BELFI S.A.',NULL,NULL,NULL,'','','92.562.000-9',NULL,'ALURENT SPA',0,'2026-02-04 18:31:59','2026-02-04 18:31:59'),(1834,'15690','MPACADORA DE ALIMENTOS CAROLINA LTDA',NULL,NULL,NULL,'at_carolina@yahoo.com','(1)4940068','800.146.127-6',NULL,'IMPEROOF SPA',1,'2026-02-04 18:31:59','2026-02-04 18:31:59'),(1835,'15740','DEL PINO CORDOVA JUAN FRANCISCO',NULL,NULL,NULL,'','','10406421941',NULL,'INM. FRUSAN',0,'2026-02-04 18:31:59','2026-02-04 18:31:59'),(1836,'10926','COM.Y EXP.DE PRODUC.DE AVESTRUZ S.A.',NULL,NULL,NULL,'','','99.555.890-4',NULL,'LAFFORT CHILE',0,'2026-02-04 18:31:59','2026-02-04 18:31:59'),(1837,'15850','ROMANTEX S.A.CA',NULL,NULL,NULL,'','','20293975036',NULL,'VELNO CHARLES',0,'2026-02-04 18:31:59','2026-02-04 18:31:59'),(1838,'15919','OLEAGINOSAS AMAZONICAS SA',NULL,NULL,NULL,'','','20351410061',NULL,'GRUPO COCHRANE ',0,'2026-02-04 18:31:59','2026-02-04 18:31:59'),(1839,'15646','SIDOR C.A.',NULL,NULL,NULL,'ELLEN.CHEUNG@BRCIL.COM;TAMBER@IBC.COM.VE','0286-9904219','J-00041391-6',NULL,'BERRIOS SPA',1,'2026-02-04 18:31:59','2026-02-04 18:31:59'),(1840,'15594','EDUARDO BARAHONA WESTERHOUT',NULL,NULL,NULL,'','','6.948.528-6',NULL,'FARO INTERNATIO',0,'2026-02-04 18:31:59','2026-02-04 18:31:59'),(1841,'15702','INIMET EIRL',NULL,NULL,NULL,'','','20513849118',NULL,'DE REYES ALIMEN',0,'2026-02-04 18:31:59','2026-02-04 18:31:59'),(1842,'15975','REPRESENTACION SUPER RENO 2000 C.A.',NULL,NULL,NULL,'','0414-8733224','J-30899526-6',NULL,'INGENIERIA DESA',1,'2026-02-04 18:31:59','2026-02-04 18:31:59'),(1843,'16061','POLI SHOES  SAC',NULL,NULL,NULL,'','','20100282641',NULL,'AEOLUS OTR TYRE',0,'2026-02-04 18:31:59','2026-02-04 18:31:59'),(1844,'16032','CORPORACION CLOROX DE VENEZUELA S.A.',NULL,NULL,NULL,'','0212-9050800','J-00119573-4',NULL,'CONTENEDORES',1,'2026-02-04 18:31:59','2026-02-04 18:31:59'),(1845,'16141','corp.japonesa eirl',NULL,NULL,NULL,'','','20510769156',NULL,'STARHOME SPA',0,'2026-02-04 18:31:59','2026-02-04 18:31:59'),(1846,'16050','FIDELINA FERNANDEZ',NULL,NULL,NULL,'','251 2992','27.935.527-0',NULL,'EXPEDITA FORWAR',1,'2026-02-04 18:31:59','2026-02-04 18:31:59'),(1847,'15796','SERRALADA Y MAURI LIMITADA.',NULL,NULL,NULL,'','9493676','78.725.640-6',NULL,'JURE-ESGUEP LTD',1,'2026-02-04 18:31:59','2026-02-04 18:31:59'),(1848,'15909','DIGITAL WORLD C.A.',NULL,NULL,NULL,'','0269-2464010','J-31123985-5',NULL,'PVCLINE',1,'2026-02-04 18:31:59','2026-02-04 18:31:59'),(1849,'16006','THYSSENKRUPP ELEVADORES S.A.',NULL,NULL,NULL,'','6294301','860.072.876-3',NULL,'CANTI Y CALI ',1,'2026-02-04 18:31:59','2026-02-04 18:31:59'),(1850,'16077','SAINT-GOBAIN ENVASES S.A.',NULL,NULL,NULL,'','','76.092.970-0',NULL,'INVERTALCA SA',0,'2026-02-04 18:31:59','2026-02-04 18:31:59'),(1851,'11559','LABORATORIO LABOCOCH LTDA.',NULL,NULL,NULL,'','','89.421.200-4',NULL,'SEAFAIR CHILE',0,'2026-02-04 18:31:59','2026-02-04 18:31:59'),(1852,'7460','FABRICA DE TEXTILES DEL TOLIMA S.A',NULL,NULL,NULL,'','2611411','800.043.527-6',NULL,'UCC OPERATIONS',1,'2026-02-04 18:31:59','2026-02-04 18:31:59'),(1853,'7010','BRISTOL MYERS SQUIBB DE COLOMBIA S.A',NULL,NULL,NULL,'marialudy.roman@bms.com','6675014','860.002.428-8',NULL,'CRUXAGRI AVO ',1,'2026-02-04 18:31:59','2026-02-04 18:31:59'),(1854,'024273','ENVIPLAST EIRL',NULL,NULL,NULL,'','','20501666191',NULL,'DIDEVAL ',0,'2026-02-04 18:44:19','2026-02-04 18:44:19'),(1855,'017904','MARES COMERCIO Y LOG.INTERNAC.LTDA',NULL,NULL,NULL,'','','76.143.920-0',NULL,'GALICYS SPA',0,'2026-02-04 18:44:19','2026-02-04 18:44:19'),(1856,'024484','NEGOCIOS SHINKEN SACAV',NULL,NULL,NULL,'','','20516971895',NULL,'CERUR',0,'2026-02-04 18:44:19','2026-02-04 18:44:19'),(1857,'008356','SERMA ASCENSORES LTDA',NULL,NULL,NULL,'','','88.029.300-1',NULL,'LINKS',0,'2026-02-04 18:44:19','2026-02-04 18:44:19'),(1858,'002632','MATERIALES Y SOLUCIONES S.A.',NULL,NULL,NULL,'pferrar@mts.cl','3905100.0','96.692.790-9',NULL,'ZEAL CHILE S.A',1,'2026-02-04 18:44:19','2026-02-04 18:44:19'),(1859,'000746','COM E IMP DETROIT LTDA',NULL,NULL,NULL,'','','78.822.590-3',NULL,'SUM.METALMAR',0,'2026-02-04 18:44:19','2026-02-04 18:44:19'),(1860,'004070','VIA TEMPORA',NULL,NULL,NULL,'','','96.813.840-5',NULL,'ENEL DISTR.',0,'2026-02-04 18:44:19','2026-02-04 18:44:19'),(1861,'011327','MARIA AUDOLINA LEHUEY AGUERO',NULL,NULL,NULL,'','','6.915.387-9',NULL,'PEVAL',0,'2026-02-04 18:44:19','2026-02-04 18:44:19'),(1862,'003546','SOC.COMERCIAL MEXICO LTDA.',NULL,NULL,NULL,'','','77.135.030-5',NULL,'ELECTROCOM S A',0,'2026-02-04 18:44:19','2026-02-04 18:44:19');
/*!40000 ALTER TABLE `participantes` ENABLE KEYS */;
UNLOCK TABLES;

--
-- Table structure for table `pms51_tokens`
--

DROP TABLE IF EXISTS `pms51_tokens`;
/*!40101 SET @saved_cs_client     = @@character_set_client */;
/*!50503 SET character_set_client = utf8mb4 */;
CREATE TABLE `pms51_tokens` (
  `id` bigint unsigned NOT NULL AUTO_INCREMENT,
  `token` varchar(50) NOT NULL,
  `activo` tinyint(1) NOT NULL DEFAULT '1',
  `created_at` timestamp NULL DEFAULT CURRENT_TIMESTAMP,
  `updated_at` timestamp NULL DEFAULT CURRENT_TIMESTAMP ON UPDATE CURRENT_TIMESTAMP,
  PRIMARY KEY (`id`),
  UNIQUE KEY `uq_token` (`token`)
) ENGINE=InnoDB AUTO_INCREMENT=7 DEFAULT CHARSET=utf8mb4 COLLATE=utf8mb4_0900_ai_ci;
/*!40101 SET character_set_client = @saved_cs_client */;

--
-- Dumping data for table `pms51_tokens`
--

LOCK TABLES `pms51_tokens` WRITE;
/*!40000 ALTER TABLE `pms51_tokens` DISABLE KEYS */;
INSERT INTO `pms51_tokens` VALUES (1,'CASE',1,'2026-01-16 15:30:24','2026-01-16 15:30:24'),(2,'CARTON',1,'2026-01-16 15:30:24','2026-01-16 15:30:24'),(3,'PALLET',1,'2026-01-16 15:30:24','2026-01-16 15:30:24'),(4,'BAG',1,'2026-01-16 15:30:24','2026-01-16 15:30:24'),(5,'DRUM',1,'2026-01-16 15:30:24','2026-01-16 15:30:24');
/*!40000 ALTER TABLE `pms51_tokens` ENABLE KEYS */;
UNLOCK TABLES;

--
-- Table structure for table `puertos`
--

DROP TABLE IF EXISTS `puertos`;
/*!40101 SET @saved_cs_client     = @@character_set_client */;
/*!50503 SET character_set_client = utf8mb4 */;
CREATE TABLE `puertos` (
  `id` int NOT NULL AUTO_INCREMENT,
  `codigo` varchar(20) NOT NULL,
  `nombre` varchar(100) NOT NULL,
  `pais` varchar(50) DEFAULT NULL,
  `created_at` timestamp NULL DEFAULT CURRENT_TIMESTAMP,
  `updated_at` timestamp NULL DEFAULT CURRENT_TIMESTAMP ON UPDATE CURRENT_TIMESTAMP,
  PRIMARY KEY (`id`),
  UNIQUE KEY `codigo` (`codigo`)
) ENGINE=InnoDB AUTO_INCREMENT=21 DEFAULT CHARSET=utf8mb4 COLLATE=utf8mb4_0900_ai_ci;
/*!40101 SET character_set_client = @saved_cs_client */;

--
-- Dumping data for table `puertos`
--

LOCK TABLES `puertos` WRITE;
/*!40000 ALTER TABLE `puertos` DISABLE KEYS */;
INSERT INTO `puertos` VALUES (1,'CLVAP','VALPARAISO','Chile','2026-01-05 15:54:30','2026-01-05 15:54:30'),(2,'CLSAI','SAN ANTONIO','Chile','2026-01-05 15:54:30','2026-01-05 15:54:30'),(3,'HKHKG','HONG KONG','China','2026-01-05 15:54:30','2026-01-12 18:47:49'),(4,'CNYTN','YANTIAN','China','2026-01-05 15:54:30','2026-01-05 15:54:30'),(5,'TWKHH','KAOHSIUNG','Taiwan','2026-01-05 15:54:30','2026-01-05 15:54:30'),(6,'CNSHA','SHANGHAI','China','2026-01-05 15:54:30','2026-01-05 15:54:30'),(7,'CNNGB','NINGBO','China','2026-01-05 15:54:30','2026-01-05 15:54:30'),(8,'GUGUM','GUAM','Guam','2026-01-05 15:54:30','2026-01-05 15:54:30'),(9,'PECLL','CALLAO','Per','2026-01-05 15:54:30','2026-01-05 15:54:30'),(10,'CLSCL','SANTIAGO','Chile','2026-01-12 16:22:17','2026-01-12 16:22:55'),(11,'IDSRG','SEMARANG',NULL,'2026-01-12 18:49:36','2026-01-12 18:49:36'),(12,'CNJXN','JIAOXIN',NULL,'2026-01-12 18:49:36','2026-01-12 18:49:36'),(13,'CNSWA','SHANTOU',NULL,'2026-01-12 18:49:36','2026-01-12 18:49:36'),(14,'CLAF','ANTOFAGASTA',NULL,'2026-01-14 12:59:28','2026-01-14 12:59:46'),(15,'CLLA','LOS NGELES',NULL,'2026-01-15 12:03:08','2026-01-15 12:03:08'),(17,'KRPUS','BUSAN',NULL,'2026-01-23 17:45:25','2026-01-23 17:45:25'),(20,'BAARG','BUENOS AIRES, ARGENTINA',NULL,'2026-01-27 19:41:01','2026-01-27 19:41:01');
/*!40000 ALTER TABLE `puertos` ENABLE KEYS */;
UNLOCK TABLES;

--
-- Table structure for table `referencias`
--

DROP TABLE IF EXISTS `referencias`;
/*!40101 SET @saved_cs_client     = @@character_set_client */;
/*!50503 SET character_set_client = utf8mb4 */;
CREATE TABLE `referencias` (
  `id` int NOT NULL AUTO_INCREMENT,
  `external_id` varchar(20) NOT NULL,
  `customer_id` varchar(10) DEFAULT NULL,
  `match_code` varchar(30) NOT NULL,
  `rut` varchar(15) NOT NULL,
  `nombre_emisor` varchar(255) NOT NULL,
  `pais` varchar(5) DEFAULT 'CL',
  `tipo_id_emisor` varchar(10) DEFAULT 'RUT',
  `nacion_id` varchar(5) DEFAULT 'CL',
  PRIMARY KEY (`id`),
  UNIQUE KEY `uk_referencias_rut` (`rut`)
) ENGINE=InnoDB AUTO_INCREMENT=6 DEFAULT CHARSET=utf8mb4 COLLATE=utf8mb4_0900_ai_ci;
/*!40101 SET character_set_client = @saved_cs_client */;

--
-- Dumping data for table `referencias`
--

LOCK TABLES `referencias` WRITE;
/*!40000 ALTER TABLE `referencias` DISABLE KEYS */;
INSERT INTO `referencias` VALUES (1,'96.566.940-K','000949','AGUNIVER','96.566.940-K','AGENCIAS UNIVERSALES S.A.','CL','RUT','CL'),(2,'80.925.100-4','003659','SOMARCO','80.925.100-4','SOC.MARIT.Y COMERCIAL SOMARCO LTDA.','CL','RUT','CL'),(3,'80.992.000-3','003940','ULTRAMAR','80.992.000-3','ULTRAMAR AGENCIA MARITIMA LTDA','CL','RUT','CL'),(4,'76.899.452-8','060321','EVERGREEN','76.899.452-8','EVERGREEN SHIPPING AGENCY (CHILE) SPA','CL','RUT','CL'),(5,'91.256.000-7','000007','AJBROOM','91.256.000-7','A.J.BROOM Y CIA. S.A.C.','CL','RUT','CL');
/*!40000 ALTER TABLE `referencias` ENABLE KEYS */;
UNLOCK TABLES;

--
-- Table structure for table `servicios`
--

DROP TABLE IF EXISTS `servicios`;
/*!40101 SET @saved_cs_client     = @@character_set_client */;
/*!50503 SET character_set_client = utf8mb4 */;
CREATE TABLE `servicios` (
  `id` int NOT NULL AUTO_INCREMENT,
  `codigo` varchar(20) NOT NULL,
  `nombre` varchar(100) NOT NULL,
  `descripcion` text,
  `frecuencia` varchar(50) DEFAULT NULL,
  `created_at` timestamp NULL DEFAULT CURRENT_TIMESTAMP,
  `updated_at` timestamp NULL DEFAULT CURRENT_TIMESTAMP ON UPDATE CURRENT_TIMESTAMP,
  PRIMARY KEY (`id`),
  UNIQUE KEY `codigo` (`codigo`)
) ENGINE=InnoDB AUTO_INCREMENT=6 DEFAULT CHARSET=utf8mb4 COLLATE=utf8mb4_0900_ai_ci;
/*!40101 SET character_set_client = @saved_cs_client */;

--
-- Dumping data for table `servicios`
--

LOCK TABLES `servicios` WRITE;
/*!40000 ALTER TABLE `servicios` DISABLE KEYS */;
INSERT INTO `servicios` VALUES (1,'WSA','West South America Service','Servicio Asia  Costa Oeste Sudamrica','Weekly','2026-01-05 15:54:30','2026-01-05 15:54:30'),(2,'WS6','West South America Service 6','Servicio Asia  Costa Oeste Sudamrica','Weekly','2026-01-05 15:54:30','2026-01-05 15:54:30'),(3,'PAX','Pacific Express','Servicio Pacfico','Bi-weekly','2026-01-05 15:54:30','2026-01-05 15:54:30'),(4,'EUX','Europe Express','Servicio Europa - Sudamrica',NULL,'2026-01-05 15:54:30','2026-01-05 15:54:30'),(5,'CSA','Caribbean South America','Servicio Caribe',NULL,'2026-01-05 15:54:30','2026-01-05 15:54:30');
/*!40000 ALTER TABLE `servicios` ENABLE KEYS */;
UNLOCK TABLES;

--
-- Table structure for table `tipo_cnt_tipo_bulto`
--

DROP TABLE IF EXISTS `tipo_cnt_tipo_bulto`;
/*!40101 SET @saved_cs_client     = @@character_set_client */;
/*!50503 SET character_set_client = utf8mb4 */;
CREATE TABLE `tipo_cnt_tipo_bulto` (
  `id` int NOT NULL AUTO_INCREMENT,
  `tipo_cnt` varchar(10) NOT NULL,
  `tipo_bulto` varchar(10) NOT NULL,
  `activo` tinyint(1) NOT NULL DEFAULT '1',
  `created_at` timestamp NULL DEFAULT CURRENT_TIMESTAMP,
  `updated_at` timestamp NULL DEFAULT CURRENT_TIMESTAMP ON UPDATE CURRENT_TIMESTAMP,
  `descripcion` varchar(255) DEFAULT NULL,
  PRIMARY KEY (`id`),
  UNIQUE KEY `uq_tipo_cnt` (`tipo_cnt`)
) ENGINE=InnoDB AUTO_INCREMENT=4 DEFAULT CHARSET=utf8mb4 COLLATE=utf8mb4_0900_ai_ci;
/*!40101 SET character_set_client = @saved_cs_client */;

--
-- Dumping data for table `tipo_cnt_tipo_bulto`
--

LOCK TABLES `tipo_cnt_tipo_bulto` WRITE;
/*!40000 ALTER TABLE `tipo_cnt_tipo_bulto` DISABLE KEYS */;
INSERT INTO `tipo_cnt_tipo_bulto` VALUES (1,'45R1','76',1,'2026-01-15 15:12:46','2026-02-02 13:20:20','	CONTENEDOR REFRIGERADO 40 PIES'),(2,'22G1','73',1,'2026-01-15 15:12:46','2026-02-02 13:20:20','CONTENEDOR DE 20 PIES DRY'),(3,'45G1','78',1,'2026-01-16 16:15:13','2026-02-02 13:20:20','	CONTENEDOR NO ESPECIFICADO (Open Top, Tank, Flat Rack, otros)');
/*!40000 ALTER TABLE `tipo_cnt_tipo_bulto` ENABLE KEYS */;
UNLOCK TABLES;

--
-- Table structure for table `tipos_servicio`
--

DROP TABLE IF EXISTS `tipos_servicio`;
/*!40101 SET @saved_cs_client     = @@character_set_client */;
/*!50503 SET character_set_client = utf8mb4 */;
CREATE TABLE `tipos_servicio` (
  `id` int NOT NULL AUTO_INCREMENT,
  `codigo` varchar(2) NOT NULL,
  `nombre` varchar(20) NOT NULL,
  `descripcion` varchar(100) DEFAULT NULL,
  PRIMARY KEY (`id`),
  UNIQUE KEY `uk_tipos_servicio_codigo` (`codigo`)
) ENGINE=InnoDB AUTO_INCREMENT=4 DEFAULT CHARSET=utf8mb4 COLLATE=utf8mb4_0900_ai_ci;
/*!40101 SET character_set_client = @saved_cs_client */;

--
-- Dumping data for table `tipos_servicio`
--

LOCK TABLES `tipos_servicio` WRITE;
/*!40000 ALTER TABLE `tipos_servicio` DISABLE KEYS */;
INSERT INTO `tipos_servicio` VALUES (1,'FF','FCL/FCL',NULL),(2,'MM','EMPTY',NULL),(3,'BB','BB','Carga Suelta / General Cargo');
/*!40000 ALTER TABLE `tipos_servicio` ENABLE KEYS */;
UNLOCK TABLES;

--
-- Table structure for table `traductor_pil_bms`
--

DROP TABLE IF EXISTS `traductor_pil_bms`;
/*!40101 SET @saved_cs_client     = @@character_set_client */;
/*!50503 SET character_set_client = utf8mb4 */;
CREATE TABLE `traductor_pil_bms` (
  `id` int NOT NULL AUTO_INCREMENT,
  `codigo_pil` varchar(20) NOT NULL,
  `codigo_bms` varchar(20) NOT NULL,
  `participante_id` int DEFAULT NULL,
  `activo` tinyint(1) DEFAULT '1',
  `created_at` timestamp NULL DEFAULT CURRENT_TIMESTAMP,
  PRIMARY KEY (`id`),
  UNIQUE KEY `codigo_pil` (`codigo_pil`),
  KEY `idx_codigo_pil` (`codigo_pil`),
  KEY `idx_codigo_bms` (`codigo_bms`),
  KEY `fk_participante` (`participante_id`),
  CONSTRAINT `fk_participante` FOREIGN KEY (`participante_id`) REFERENCES `participantes` (`id`) ON DELETE CASCADE
) ENGINE=InnoDB AUTO_INCREMENT=2136 DEFAULT CHARSET=utf8mb4 COLLATE=utf8mb4_0900_ai_ci;
/*!40101 SET character_set_client = @saved_cs_client */;

--
-- Dumping data for table `traductor_pil_bms`
--

LOCK TABLES `traductor_pil_bms` WRITE;
/*!40000 ALTER TABLE `traductor_pil_bms` DISABLE KEYS */;
INSERT INTO `traductor_pil_bms` VALUES (217,'CL100001','48535',1,1,'2026-02-04 17:40:32'),(218,'CL100011','32646',2,1,'2026-02-04 17:40:32'),(219,'CL100013','46257',3,1,'2026-02-04 17:40:32'),(220,'CL100014','47034',4,1,'2026-02-04 17:40:32'),(221,'CL100016','51704',5,1,'2026-02-04 17:40:32'),(222,'CL100020','42126',6,1,'2026-02-04 17:40:32'),(223,'CL100022','51488',7,1,'2026-02-04 17:40:32'),(224,'CL100023','1958',8,1,'2026-02-04 17:40:32'),(225,'CL100025','41018',9,1,'2026-02-04 17:40:32'),(226,'CL100028','35626',10,1,'2026-02-04 17:40:32'),(227,'CL100029','9194',11,1,'2026-02-04 17:40:32'),(228,'CL100032','32301',12,1,'2026-02-04 17:40:32'),(229,'CL100035','38566',13,1,'2026-02-04 17:40:32'),(230,'CL100037','41174',14,1,'2026-02-04 17:40:32'),(231,'CL100039','10174',15,1,'2026-02-04 17:40:32'),(232,'CL100040','26731',16,1,'2026-02-04 17:40:32'),(233,'CL100041','52333',17,1,'2026-02-04 17:40:32'),(234,'CL100050','39508',18,1,'2026-02-04 17:40:32'),(235,'CL100053','41064',19,1,'2026-02-04 17:40:32'),(236,'CL100054','47645',20,1,'2026-02-04 17:40:32'),(237,'CL100055','44809',21,1,'2026-02-04 17:40:32'),(238,'CL100056','41974',22,1,'2026-02-04 17:40:32'),(239,'CL100057','3180',23,1,'2026-02-04 17:40:32'),(240,'CL100059','4097',24,1,'2026-02-04 17:40:32'),(241,'CL100060','48746',25,1,'2026-02-04 17:40:32'),(242,'CL100062','41443',26,1,'2026-02-04 17:40:32'),(243,'CL100068','46401',27,1,'2026-02-04 17:40:32'),(244,'CL100072','41533',28,1,'2026-02-04 17:40:32'),(245,'CL100074','1044',29,1,'2026-02-04 17:40:32'),(246,'CL100077','3877',30,1,'2026-02-04 17:40:32'),(247,'CL100078','48558',31,1,'2026-02-04 17:40:32'),(248,'CL100079','31108',32,1,'2026-02-04 17:40:32'),(249,'CL100081','10723',33,1,'2026-02-04 17:40:32'),(250,'CL100083','42670',34,1,'2026-02-04 17:40:32'),(251,'CL100085','38600',35,1,'2026-02-04 17:40:32'),(252,'CL100087','36980',36,1,'2026-02-04 17:40:32'),(253,'CL100095','49159',37,1,'2026-02-04 17:40:32'),(254,'CL100098','32640',38,1,'2026-02-04 17:40:32'),(255,'CL100100','23095',39,1,'2026-02-04 17:40:32'),(256,'CL100101','9631',40,1,'2026-02-04 17:40:32'),(257,'CL100103','46125',41,1,'2026-02-04 17:40:32'),(258,'CL100107','49624',42,1,'2026-02-04 17:40:32'),(259,'CL100113','50837',43,1,'2026-02-04 17:40:32'),(260,'CL100115','1218',44,1,'2026-02-04 17:40:32'),(261,'CL100116','9835',45,1,'2026-02-04 17:40:32'),(262,'CL100121','23577',46,1,'2026-02-04 17:40:32'),(263,'CL100124','45599',47,1,'2026-02-04 17:40:32'),(264,'CL100129','31599',48,1,'2026-02-04 17:40:32'),(265,'CL100131','49251',49,1,'2026-02-04 17:40:32'),(266,'CL100132','36289',50,1,'2026-02-04 17:40:32'),(267,'CL100133','28385',51,1,'2026-02-04 17:40:32'),(268,'CL100138','29600',52,1,'2026-02-04 17:40:32'),(269,'CL100142','8480',53,1,'2026-02-04 17:40:32'),(270,'CL100143','36531',54,1,'2026-02-04 17:40:32'),(271,'CL100144','45665',55,1,'2026-02-04 17:40:32'),(272,'CL100145','50332',56,1,'2026-02-04 17:40:32'),(273,'CL100146','20460',57,1,'2026-02-04 17:40:32'),(274,'CL100149','50310',58,1,'2026-02-04 17:40:32'),(275,'CL100152','30',59,1,'2026-02-04 17:40:32'),(276,'CL100154','38539',60,1,'2026-02-04 17:40:32'),(277,'CL100158','24937',61,1,'2026-02-04 17:40:32'),(278,'CL100159','44955',62,1,'2026-02-04 17:40:32'),(279,'CL100162','46898',63,1,'2026-02-04 17:40:32'),(280,'CL100164','4010',64,1,'2026-02-04 17:40:32'),(281,'CL100166','25549',65,1,'2026-02-04 17:40:32'),(282,'CL100168','37959',66,1,'2026-02-04 17:40:32'),(283,'CL100169','1948',67,1,'2026-02-04 17:40:32'),(284,'CL100172','3517',68,1,'2026-02-04 17:40:32'),(285,'CL100175','41062',69,1,'2026-02-04 17:40:32'),(286,'CL100176','130',70,1,'2026-02-04 17:40:32'),(287,'CL100178','27343',71,1,'2026-02-04 17:40:32'),(288,'CL100180','22736',72,1,'2026-02-04 17:40:32'),(289,'CL100186','47902',73,1,'2026-02-04 17:40:32'),(290,'CL100189','26483',74,1,'2026-02-04 17:40:32'),(291,'CL100191','3860',75,1,'2026-02-04 17:40:32'),(292,'CL100192','45804',76,1,'2026-02-04 17:40:32'),(293,'CL100193','10098',77,1,'2026-02-04 17:40:32'),(294,'CL100194','3170',78,1,'2026-02-04 17:40:32'),(295,'CL100196','39640',79,1,'2026-02-04 17:40:32'),(296,'CL100198','35523',80,1,'2026-02-04 17:40:32'),(297,'CL100200','31774',81,1,'2026-02-04 17:40:32'),(298,'CL100206','915',82,1,'2026-02-04 17:40:32'),(299,'CL100207','7443',83,1,'2026-02-04 17:40:32'),(300,'CL100212','1395',84,1,'2026-02-04 17:40:32'),(301,'CL100215','45316',85,1,'2026-02-04 17:40:32'),(302,'CL100216','320',86,1,'2026-02-04 17:40:32'),(303,'CL100220','49300',87,1,'2026-02-04 17:40:32'),(304,'CL100222','28368',88,1,'2026-02-04 17:40:32'),(305,'CL100223','25491',89,1,'2026-02-04 17:40:32'),(306,'CL100227','47094',90,1,'2026-02-04 17:40:32'),(307,'CL100238','9567',91,1,'2026-02-04 17:40:32'),(308,'CL100241','48666',92,1,'2026-02-04 17:40:32'),(309,'CL100242','52872',93,1,'2026-02-04 17:40:32'),(310,'CL100243','48702',94,1,'2026-02-04 17:40:32'),(311,'CL100244','48591',95,1,'2026-02-04 17:40:32'),(312,'CL100250','41167',96,1,'2026-02-04 17:40:32'),(313,'CL100251','9836',97,1,'2026-02-04 17:40:32'),(314,'CL100257','2808',98,1,'2026-02-04 17:40:32'),(315,'CL100260','31447',99,1,'2026-02-04 17:40:32'),(316,'CL100261','11749',100,1,'2026-02-04 17:40:32'),(317,'CL100264','50674',101,1,'2026-02-04 17:40:32'),(318,'CL100266','6695',102,1,'2026-02-04 17:40:32'),(319,'CL100267','21907',103,1,'2026-02-04 17:40:32'),(320,'CL100268','43791',104,1,'2026-02-04 17:40:32'),(321,'CL100269','35516',105,1,'2026-02-04 17:40:32'),(322,'CL100270','28245',106,1,'2026-02-04 17:40:32'),(323,'CL100271','44568',107,1,'2026-02-04 17:40:32'),(324,'CL100275','3939',108,1,'2026-02-04 17:40:32'),(325,'CL100276','2063',109,1,'2026-02-04 17:40:32'),(326,'CL100277','32',110,1,'2026-02-04 17:40:32'),(327,'CL100278','38391',111,1,'2026-02-04 17:40:32'),(328,'CL100280','30612',112,1,'2026-02-04 17:40:32'),(329,'CL100282','736',113,1,'2026-02-04 17:40:32'),(330,'CL100290','2769',114,1,'2026-02-04 17:40:32'),(331,'CL100292','47403',115,1,'2026-02-04 17:40:32'),(332,'CL100298','28631',116,1,'2026-02-04 17:40:32'),(333,'CL100299','30600',117,1,'2026-02-04 17:40:32'),(334,'CL100301','46789',118,1,'2026-02-04 17:40:32'),(335,'CL100303','47445',119,1,'2026-02-04 17:40:32'),(336,'CL100304','29373',120,1,'2026-02-04 17:40:32'),(337,'CL100305','48862',121,1,'2026-02-04 17:40:32'),(338,'CL100306','40423',122,1,'2026-02-04 17:40:32'),(339,'CL100310','3451',123,1,'2026-02-04 17:40:32'),(340,'CL100314','3185',124,1,'2026-02-04 17:40:32'),(341,'CL100316','2633',125,1,'2026-02-04 17:40:32'),(342,'CL100320','50538',126,1,'2026-02-04 17:40:32'),(343,'CL100321','12386',127,1,'2026-02-04 17:40:32'),(344,'CL100322','51049',128,1,'2026-02-04 17:40:32'),(345,'CL100324','43005',129,1,'2026-02-04 17:40:32'),(346,'CL100325','41845',130,1,'2026-02-04 17:40:32'),(347,'CL100327','37420',131,1,'2026-02-04 17:40:32'),(348,'CL100328','46603',132,1,'2026-02-04 17:40:32'),(349,'CL100330','601',133,1,'2026-02-04 17:40:32'),(350,'CL100346','45565',134,1,'2026-02-04 17:40:32'),(351,'CL100351','36272',135,1,'2026-02-04 17:40:32'),(352,'CL100358','50280',136,1,'2026-02-04 17:40:32'),(353,'CL100365','3084',137,1,'2026-02-04 17:40:32'),(354,'CL100367','47013',138,1,'2026-02-04 17:40:32'),(355,'CL100369','39016',139,1,'2026-02-04 17:40:32'),(356,'CL100370','217',140,1,'2026-02-04 17:40:32'),(357,'CL100371','9134',141,1,'2026-02-04 17:40:32'),(358,'CL100372','52014',142,1,'2026-02-04 17:40:32'),(359,'CL100374','19126',143,1,'2026-02-04 17:40:33'),(360,'CL100375','34089',144,1,'2026-02-04 17:40:33'),(361,'CL100377','2028',145,1,'2026-02-04 17:40:33'),(362,'CL100379','44580',146,1,'2026-02-04 17:40:33'),(363,'CL100380','50990',147,1,'2026-02-04 17:40:33'),(364,'CL100383','11524',148,1,'2026-02-04 17:40:33'),(365,'CL100386','27499',149,1,'2026-02-04 17:40:33'),(366,'CL100391','2747',150,1,'2026-02-04 17:40:33'),(367,'CL100392','2614',151,1,'2026-02-04 17:40:33'),(368,'CL100393','45778',152,1,'2026-02-04 17:40:33'),(369,'CL100394','50811',153,1,'2026-02-04 17:40:33'),(370,'CL100395','11697',154,1,'2026-02-04 17:40:33'),(371,'CL100397','23467',155,1,'2026-02-04 17:40:33'),(372,'CL100398','11320',156,1,'2026-02-04 17:40:33'),(373,'CL100401','9267',157,1,'2026-02-04 17:40:33'),(374,'CL100403','532',158,1,'2026-02-04 17:40:33'),(375,'CL100406','19695',159,1,'2026-02-04 17:40:33'),(376,'CL100410','1663',160,1,'2026-02-04 17:40:33'),(377,'CL100412','145',161,1,'2026-02-04 17:40:33'),(378,'CL100413','11449',162,1,'2026-02-04 17:40:33'),(379,'CL100416','5009',163,1,'2026-02-04 17:40:33'),(380,'CL100417','31731',164,1,'2026-02-04 17:40:33'),(381,'CL100422','49048',165,1,'2026-02-04 17:40:33'),(382,'CL100423','36205',166,1,'2026-02-04 17:40:33'),(383,'CL100425','41789',167,1,'2026-02-04 17:40:33'),(384,'CL100427','3307',168,1,'2026-02-04 17:40:33'),(385,'CL100428','946',169,1,'2026-02-04 17:40:33'),(386,'CL100429','36104',170,1,'2026-02-04 17:40:33'),(387,'CL100430','28714',171,1,'2026-02-04 17:40:33'),(388,'CL100431','36839',172,1,'2026-02-04 17:40:33'),(389,'CL100432','26344',173,1,'2026-02-04 17:40:33'),(390,'CL100433','3935',174,1,'2026-02-04 17:40:33'),(391,'CL100435','46574',175,1,'2026-02-04 17:40:33'),(392,'CL100442','21993',176,1,'2026-02-04 17:40:33'),(393,'CL100446','942',177,1,'2026-02-04 17:40:33'),(394,'CL100447','11739',178,1,'2026-02-04 17:40:33'),(395,'CL100448','37844',179,1,'2026-02-04 17:40:33'),(396,'CL100449','40996',180,1,'2026-02-04 17:40:33'),(397,'CL100451','40112',181,1,'2026-02-04 17:40:33'),(398,'CL100465','40904',182,1,'2026-02-04 17:40:33'),(399,'CL100471','39750',183,1,'2026-02-04 17:40:33'),(400,'CL100477','45975',184,1,'2026-02-04 17:40:33'),(401,'CL100479','11279',185,1,'2026-02-04 17:40:33'),(402,'CL100481','6699',186,1,'2026-02-04 17:40:33'),(403,'CL100484','46114',187,1,'2026-02-04 17:40:33'),(404,'CL100485','3375',188,1,'2026-02-04 17:40:33'),(405,'CL100486','2417',189,1,'2026-02-04 17:40:33'),(406,'CL100487','3435',190,1,'2026-02-04 17:40:33'),(407,'CL100489','52871',191,1,'2026-02-04 17:40:33'),(408,'CL100490','25841',192,1,'2026-02-04 17:40:33'),(409,'CL100491','386',193,1,'2026-02-04 17:40:33'),(410,'CL100494','52276',194,1,'2026-02-04 17:40:33'),(411,'CL100498','43067',195,1,'2026-02-04 17:40:33'),(412,'CL100505','1351',196,1,'2026-02-04 17:40:33'),(413,'CL100509','45596',197,1,'2026-02-04 17:40:33'),(414,'CL100511','38679',198,1,'2026-02-04 17:40:33'),(415,'CL100512','1566',199,1,'2026-02-04 17:40:33'),(416,'CL100516','41378',200,1,'2026-02-04 17:40:33'),(417,'CL100517','42668',201,1,'2026-02-04 17:40:33'),(418,'CL100518','46439',202,1,'2026-02-04 17:40:33'),(419,'CL100520','35373',203,1,'2026-02-04 17:40:33'),(420,'CL100523','46918',204,1,'2026-02-04 17:40:33'),(421,'CL100524','10395',205,1,'2026-02-04 17:40:33'),(422,'CL100526','38912',206,1,'2026-02-04 17:40:33'),(423,'CL100534','49766',207,1,'2026-02-04 17:40:33'),(424,'CL100535','45766',208,1,'2026-02-04 17:40:33'),(425,'CL100537','206',209,1,'2026-02-04 17:40:33'),(426,'CL100542','33230',210,1,'2026-02-04 17:40:33'),(427,'CL100545','39757',211,1,'2026-02-04 17:40:33'),(428,'CL100546','5584',212,1,'2026-02-04 17:40:33'),(429,'CL100551','2740',213,1,'2026-02-04 17:40:33'),(430,'CL100552','2855',214,1,'2026-02-04 17:40:33'),(431,'CL100553','2344',215,1,'2026-02-04 17:40:33'),(432,'CL100554','53165',217,1,'2026-02-04 17:40:33'),(433,'CL100555','1961',218,1,'2026-02-04 17:40:33'),(434,'CL100560','3813',219,1,'2026-02-04 17:40:33'),(435,'CL100562','6628',220,1,'2026-02-04 17:40:33'),(436,'CL100563','28407',221,1,'2026-02-04 17:40:33'),(437,'CL100564','1243',222,1,'2026-02-04 17:40:33'),(438,'CL100565','3992',223,1,'2026-02-04 17:40:33'),(439,'CL100566','46882',224,1,'2026-02-04 17:40:33'),(440,'CL100570','26726',225,1,'2026-02-04 17:40:33'),(441,'CL100573','35088',226,1,'2026-02-04 17:40:33'),(442,'CL100574','53165',217,1,'2026-02-04 17:40:33'),(443,'CL100576','38305',228,1,'2026-02-04 17:40:33'),(444,'CL100577','19739',229,1,'2026-02-04 17:40:33'),(445,'CL100578','29011',230,1,'2026-02-04 17:40:33'),(446,'CL100579','20944',231,1,'2026-02-04 17:40:33'),(447,'CL100580','588',232,1,'2026-02-04 17:40:33'),(448,'CL100581','44806',233,1,'2026-02-04 17:40:33'),(449,'CL100582','19576',234,1,'2026-02-04 17:40:33'),(450,'CL100583','32421',235,1,'2026-02-04 17:40:33'),(451,'CL100585','45447',236,1,'2026-02-04 17:40:33'),(452,'CL100586','47172',237,1,'2026-02-04 17:40:33'),(453,'CL100587','48739',238,1,'2026-02-04 17:40:33'),(454,'CL100589','25897',239,1,'2026-02-04 17:40:33'),(455,'CL100592','17092',240,1,'2026-02-04 17:40:33'),(456,'CL100593','2058',241,1,'2026-02-04 17:40:33'),(457,'CL100595','102',242,1,'2026-02-04 17:40:33'),(458,'CL100596','1519',243,1,'2026-02-04 17:40:33'),(459,'CL100597','3768',244,1,'2026-02-04 17:40:33'),(460,'CL100604','3621',245,1,'2026-02-04 17:40:33'),(461,'CL100605','442',246,1,'2026-02-04 17:40:33'),(462,'CL100609','31540',247,1,'2026-02-04 17:40:33'),(463,'CL100611','895',248,1,'2026-02-04 17:40:33'),(464,'CL100613','3729',249,1,'2026-02-04 17:40:33'),(465,'CL100617','3099',250,1,'2026-02-04 17:40:33'),(466,'CL100619','589',251,1,'2026-02-04 17:40:33'),(467,'CL100620','1227',252,1,'2026-02-04 17:40:33'),(468,'CL100627','6560',253,1,'2026-02-04 17:40:33'),(469,'CL100630','45279',254,1,'2026-02-04 17:40:33'),(470,'CL100633','18899',255,1,'2026-02-04 17:40:33'),(471,'CL100637','46585',256,1,'2026-02-04 17:40:33'),(472,'CL100640','25787',257,1,'2026-02-04 17:40:33'),(473,'CL100642','32080',258,1,'2026-02-04 17:40:33'),(474,'CL100643','29848',259,1,'2026-02-04 17:40:33'),(475,'CL100647','48696',260,1,'2026-02-04 17:40:33'),(476,'CL100648','1442',261,1,'2026-02-04 17:40:33'),(477,'CL100650','21304',262,1,'2026-02-04 17:40:33'),(478,'CL100651','5752',263,1,'2026-02-04 17:40:33'),(479,'CL100666','2689',264,1,'2026-02-04 17:40:33'),(480,'CL100667','43037',265,1,'2026-02-04 17:40:33'),(481,'CL100671','45756',266,1,'2026-02-04 17:40:33'),(482,'CL100672','23977',267,1,'2026-02-04 17:40:33'),(483,'CL100674','9764',268,1,'2026-02-04 17:40:33'),(484,'CL100675','46572',269,1,'2026-02-04 17:40:33'),(485,'CL100677','928',270,1,'2026-02-04 17:40:33'),(486,'CL100680','52768',271,1,'2026-02-04 17:40:33'),(487,'CL100681','25976',272,1,'2026-02-04 17:40:33'),(488,'CL100682','27056',273,1,'2026-02-04 17:40:33'),(489,'CL100686','45639',274,1,'2026-02-04 17:40:33'),(490,'CL100687','3137',275,1,'2026-02-04 17:40:33'),(491,'CL100688','21425',276,1,'2026-02-04 17:40:33'),(492,'CL100690','23874',277,1,'2026-02-04 17:40:33'),(493,'CL100692','52566',278,1,'2026-02-04 17:40:33'),(494,'CL100696','2790',279,1,'2026-02-04 17:40:33'),(495,'CL100700','26403',280,1,'2026-02-04 17:40:33'),(496,'CL100705','45724',281,1,'2026-02-04 17:40:33'),(497,'CL100706','11876',282,1,'2026-02-04 17:40:33'),(498,'CL100707','41126',283,1,'2026-02-04 17:40:33'),(499,'CL100711','3463',284,1,'2026-02-04 17:40:33'),(500,'CL100712','49770',285,1,'2026-02-04 17:40:33'),(501,'CL100717','37681',286,1,'2026-02-04 17:40:33'),(502,'CL100718','41666',287,1,'2026-02-04 17:40:33'),(503,'CL100722','548',288,1,'2026-02-04 17:40:33'),(504,'CL100724','13600',289,1,'2026-02-04 17:40:33'),(505,'CL100725','2912',290,1,'2026-02-04 17:40:33'),(506,'CL100726','1751',291,1,'2026-02-04 17:40:33'),(507,'CL100728','42186',292,1,'2026-02-04 17:40:33'),(508,'CL100730','45736',293,1,'2026-02-04 17:40:33'),(509,'CL100733','23245',294,1,'2026-02-04 17:40:33'),(510,'CL100734','40747',295,1,'2026-02-04 17:40:33'),(511,'CL100736','32320',296,1,'2026-02-04 17:40:33'),(512,'CL100737','9323',297,1,'2026-02-04 17:40:33'),(513,'CL100740','3270',298,1,'2026-02-04 17:40:33'),(514,'CL100741','3970',299,1,'2026-02-04 17:40:33'),(515,'CL100747','50788',300,1,'2026-02-04 17:40:33'),(516,'CL100748','1916',301,1,'2026-02-04 17:40:33'),(517,'CL100751','8916',302,1,'2026-02-04 17:40:33'),(518,'CL100752','48633',303,1,'2026-02-04 17:40:33'),(519,'CL100753','25773',304,1,'2026-02-04 17:40:33'),(520,'CL100757','48030',305,1,'2026-02-04 17:40:33'),(521,'CL100758','1029',306,1,'2026-02-04 17:40:33'),(522,'CL100760','10381',307,1,'2026-02-04 17:40:33'),(523,'CL100763','30485',308,1,'2026-02-04 17:40:33'),(524,'CL100764','21356',309,1,'2026-02-04 17:40:33'),(525,'CL100768','33349',310,1,'2026-02-04 17:40:33'),(526,'CL100775','36593',311,1,'2026-02-04 17:40:33'),(527,'CL100776','2049',312,1,'2026-02-04 17:40:33'),(528,'CL100777','4083',313,1,'2026-02-04 17:40:33'),(529,'CL100778','9010',314,1,'2026-02-04 17:40:33'),(530,'CL100780','3560',315,1,'2026-02-04 17:40:33'),(531,'CL100781','30715',316,1,'2026-02-04 17:40:33'),(532,'CL100782','1048',317,1,'2026-02-04 17:40:33'),(533,'CL100783','45704',318,1,'2026-02-04 17:40:33'),(534,'CL100785','3684',319,1,'2026-02-04 17:40:33'),(535,'CL100787','47216',320,1,'2026-02-04 17:40:33'),(536,'CL100789','34220',321,1,'2026-02-04 17:40:33'),(537,'CL100791','272',322,1,'2026-02-04 17:40:33'),(538,'CL100793','47147',323,1,'2026-02-04 17:40:33'),(539,'CL100796','27638',324,1,'2026-02-04 17:40:33'),(540,'CL100797','52981',325,1,'2026-02-04 17:40:33'),(541,'CL100799','40620',326,1,'2026-02-04 17:40:33'),(542,'CL100800','45447',236,1,'2026-02-04 17:40:33'),(543,'CL100803','24158',328,1,'2026-02-04 17:40:33'),(544,'CL100804','48541',329,1,'2026-02-04 17:40:33'),(545,'CL100807','48042',330,1,'2026-02-04 17:40:33'),(546,'CL100808','25155',331,1,'2026-02-04 17:40:33'),(547,'CL100809','22163',332,1,'2026-02-04 17:40:33'),(548,'CL100813','31428',333,1,'2026-02-04 17:40:33'),(549,'CL100823','46249',334,1,'2026-02-04 17:40:34'),(550,'CL100825','12476',335,1,'2026-02-04 17:40:34'),(551,'CL100826','2058',241,1,'2026-02-04 17:40:34'),(552,'CL100828','35400',337,1,'2026-02-04 17:40:34'),(553,'CL100833','52699',338,1,'2026-02-04 17:40:34'),(554,'CL100837','20540',339,1,'2026-02-04 17:40:34'),(555,'CL100839','2550',340,1,'2026-02-04 17:40:34'),(556,'CL100845','594',341,1,'2026-02-04 17:40:34'),(557,'CL100846','10402',342,1,'2026-02-04 17:40:34'),(558,'CL100847','26893',343,1,'2026-02-04 17:40:34'),(559,'CL100848','49344',344,1,'2026-02-04 17:40:34'),(560,'CL100852','34024',345,1,'2026-02-04 17:40:34'),(561,'CL100855','5134',346,1,'2026-02-04 17:40:34'),(562,'CL100857','2712',347,1,'2026-02-04 17:40:34'),(563,'CL100861','24336',348,1,'2026-02-04 17:40:34'),(564,'CL100862','47983',349,1,'2026-02-04 17:40:34'),(565,'CL100863','32507',350,1,'2026-02-04 17:40:34'),(566,'CL100864','41380',351,1,'2026-02-04 17:40:34'),(567,'CL100869','3470',352,1,'2026-02-04 17:40:34'),(568,'CL100872','813',353,1,'2026-02-04 17:40:34'),(569,'CL100876','1256',354,1,'2026-02-04 17:40:34'),(570,'CL100878','47957',355,1,'2026-02-04 17:40:34'),(571,'CL100880','17134',356,1,'2026-02-04 17:40:34'),(572,'CL100886','2411',357,1,'2026-02-04 17:40:34'),(573,'CL100892','12846',358,1,'2026-02-04 17:40:34'),(574,'CL100894','2253',359,1,'2026-02-04 17:40:34'),(575,'CL100895','52493',360,1,'2026-02-04 17:40:34'),(576,'CL100896','24712',361,1,'2026-02-04 17:40:34'),(577,'CL100898','44764',362,1,'2026-02-04 17:40:34'),(578,'CL100899','3265',363,1,'2026-02-04 17:40:34'),(579,'CL100900','32285',364,1,'2026-02-04 17:40:34'),(580,'CL100901','50687',365,1,'2026-02-04 17:40:34'),(581,'CL100902','52436',366,1,'2026-02-04 17:40:34'),(582,'CL100903','5586',367,1,'2026-02-04 17:40:34'),(583,'CL100907','41063',368,1,'2026-02-04 17:40:34'),(584,'CL100908','36515',369,1,'2026-02-04 17:40:34'),(585,'CL100912','2458',370,1,'2026-02-04 17:40:34'),(586,'CL100915','1672',371,1,'2026-02-04 17:40:34'),(587,'CL100916','26156',372,1,'2026-02-04 17:40:34'),(588,'CL100917','43862',373,1,'2026-02-04 17:40:34'),(589,'CL100918','53102',374,1,'2026-02-04 17:40:34'),(590,'CL100920','30489',375,1,'2026-02-04 17:40:34'),(591,'CL100922','3604',376,1,'2026-02-04 17:40:34'),(592,'CL100926','17763',377,1,'2026-02-04 17:40:34'),(593,'CL100928','3100',378,1,'2026-02-04 17:40:34'),(594,'CL100931','50315',379,1,'2026-02-04 17:40:34'),(595,'CL100932','8548',380,1,'2026-02-04 17:40:34'),(596,'cl100937','3838',381,1,'2026-02-04 17:40:34'),(597,'CL100938','53031',382,1,'2026-02-04 17:40:34'),(598,'CL100942','50538',126,1,'2026-02-04 17:40:34'),(599,'CL100947','36647',384,1,'2026-02-04 17:40:34'),(600,'CL100948','3799',385,1,'2026-02-04 17:40:34'),(601,'CL100956','19648',386,1,'2026-02-04 17:40:34'),(602,'CL100958','2086',387,1,'2026-02-04 17:40:34'),(603,'CL100960','4610',388,1,'2026-02-04 17:40:34'),(604,'CL100961','42649',389,1,'2026-02-04 17:40:34'),(605,'CL100964','35429',390,1,'2026-02-04 17:40:34'),(606,'CL100965','3916',391,1,'2026-02-04 17:40:34'),(607,'CL100967','30056',392,1,'2026-02-04 17:40:34'),(608,'CL100973','40782',393,1,'2026-02-04 17:40:34'),(609,'CL100974','43893',394,1,'2026-02-04 17:40:34'),(610,'CL100976','41298',395,1,'2026-02-04 17:40:34'),(611,'CL100977','51903',396,1,'2026-02-04 17:40:34'),(612,'CL100983','49080',397,1,'2026-02-04 17:40:34'),(613,'CL100984','38754',398,1,'2026-02-04 17:40:34'),(614,'CL100985','44830',399,1,'2026-02-04 17:40:34'),(615,'CL100987','229',400,1,'2026-02-04 17:40:34'),(616,'CL100989','11842',401,1,'2026-02-04 17:40:34'),(617,'CL100992','30963',402,1,'2026-02-04 17:40:34'),(618,'CL100993','10331',403,1,'2026-02-04 17:40:34'),(619,'CL100995','41668',404,1,'2026-02-04 17:40:34'),(620,'CL100999','3415',405,1,'2026-02-04 17:40:34'),(621,'CL101000','8858',406,1,'2026-02-04 17:40:34'),(622,'CL101001','6534',407,1,'2026-02-04 17:40:34'),(623,'CL101009','45594',408,1,'2026-02-04 17:40:34'),(624,'CL101010','34559',409,1,'2026-02-04 17:40:34'),(625,'CL101011','50787',410,1,'2026-02-04 17:40:34'),(626,'CL101012','945',411,1,'2026-02-04 17:40:34'),(627,'CL101020','29150',412,1,'2026-02-04 17:40:34'),(628,'CL101021','39714',413,1,'2026-02-04 17:40:34'),(629,'CL101026','13046',414,1,'2026-02-04 17:40:34'),(630,'CL101029','34787',415,1,'2026-02-04 17:40:34'),(631,'CL101033','37819',416,1,'2026-02-04 17:40:34'),(632,'CL101039','21872',417,1,'2026-02-04 17:40:34'),(633,'CL101041','41778',418,1,'2026-02-04 17:40:34'),(634,'CL101045','50441',419,1,'2026-02-04 17:40:34'),(635,'CL101047','39747',420,1,'2026-02-04 17:40:34'),(636,'CL101053','8485',421,1,'2026-02-04 17:40:34'),(637,'CL101055','44206',422,1,'2026-02-04 17:40:34'),(638,'CL101058','21087',423,1,'2026-02-04 17:40:34'),(639,'CL101061','6800',424,1,'2026-02-04 17:40:34'),(640,'CL101063','9869',425,1,'2026-02-04 17:40:34'),(641,'CL101068','29848',259,1,'2026-02-04 17:40:34'),(642,'CL101070','29373',120,1,'2026-02-04 17:40:34'),(643,'CL101071','15798',428,1,'2026-02-04 17:40:34'),(644,'CL101072','38305',228,1,'2026-02-04 17:40:34'),(645,'CL101073','18432',430,1,'2026-02-04 17:40:34'),(646,'CL101076','22413',431,1,'2026-02-04 17:40:34'),(647,'CL101078','46000',432,1,'2026-02-04 17:40:34'),(648,'CL101082','11714',433,1,'2026-02-04 17:40:34'),(649,'CL101083','31966',434,1,'2026-02-04 17:40:34'),(650,'CL101087','24992',435,1,'2026-02-04 17:40:34'),(651,'CL101088','36295',436,1,'2026-02-04 17:40:34'),(652,'CL101089','1688',437,1,'2026-02-04 17:40:34'),(653,'CL101092','49022',438,1,'2026-02-04 17:40:34'),(654,'CL101093','48442',439,1,'2026-02-04 17:40:34'),(655,'CL101094','45138',440,1,'2026-02-04 17:40:34'),(656,'CL101096','4421',441,1,'2026-02-04 17:40:34'),(657,'CL101107','3167',442,1,'2026-02-04 17:40:34'),(658,'CL101112','44299',443,1,'2026-02-04 17:40:34'),(659,'CL101115','4643',444,1,'2026-02-04 17:40:34'),(660,'CL101125','7651',445,1,'2026-02-04 17:40:34'),(661,'CL101130','43734',446,1,'2026-02-04 17:40:34'),(662,'CL101132','48387',447,1,'2026-02-04 17:40:34'),(663,'CL101134','43384',448,1,'2026-02-04 17:40:34'),(664,'CL101137','10102',449,1,'2026-02-04 17:40:34'),(665,'CL101138','43033',450,1,'2026-02-04 17:40:34'),(666,'CL101139','45397',451,1,'2026-02-04 17:40:34'),(667,'CL101140','19875',452,1,'2026-02-04 17:40:34'),(668,'CL101141','1373',453,1,'2026-02-04 17:40:34'),(669,'CL101142','42453',454,1,'2026-02-04 17:40:34'),(670,'CL101144','14021',455,1,'2026-02-04 17:40:34'),(671,'CL101145','12266',456,1,'2026-02-04 17:40:34'),(672,'CL101146','436',457,1,'2026-02-04 17:40:34'),(673,'CL101147','22470',458,1,'2026-02-04 17:40:34'),(674,'CL101148','48982',459,1,'2026-02-04 17:40:34'),(675,'CL101149','48869',460,1,'2026-02-04 17:40:34'),(676,'CL101151','8987',461,1,'2026-02-04 17:40:34'),(677,'CL101152','40447',462,1,'2026-02-04 17:40:34'),(678,'CL101153','42544',463,1,'2026-02-04 17:40:34'),(679,'CL101155','3792',464,1,'2026-02-04 17:40:34'),(680,'CL101156','1637',465,1,'2026-02-04 17:40:34'),(681,'CL101157','52014',142,1,'2026-02-04 17:40:34'),(682,'CL101158','50',467,1,'2026-02-04 17:40:34'),(683,'CL101167','15434',468,1,'2026-02-04 17:40:34'),(684,'CL101170','44425',469,1,'2026-02-04 17:40:34'),(685,'CL101171','52046',470,1,'2026-02-04 17:40:34'),(686,'CL101176','2937',471,1,'2026-02-04 17:40:34'),(687,'CL101177','19832',472,1,'2026-02-04 17:40:34'),(688,'CL101178','40120',473,1,'2026-02-04 17:40:34'),(689,'CL101182','2095',474,1,'2026-02-04 17:40:34'),(690,'CL101184','40802',475,1,'2026-02-04 17:40:34'),(691,'CL101187','3897',476,1,'2026-02-04 17:40:34'),(692,'CL101189','34409',477,1,'2026-02-04 17:40:34'),(693,'CL101190','12448',478,1,'2026-02-04 17:40:34'),(694,'CL101191','1125',479,1,'2026-02-04 17:40:34'),(695,'CL101192','48750',480,1,'2026-02-04 17:40:34'),(696,'CL101199','3824',481,1,'2026-02-04 17:40:34'),(697,'CL101200','40786',482,1,'2026-02-04 17:40:34'),(698,'CL101201','51115',483,1,'2026-02-04 17:40:34'),(699,'CL101202','26929',484,1,'2026-02-04 17:40:34'),(700,'CL101203','11504',485,1,'2026-02-04 17:40:34'),(701,'CL101206','35851',486,1,'2026-02-04 17:40:34'),(702,'CL101209','8335',487,1,'2026-02-04 17:40:34'),(703,'CL101213','27139',488,1,'2026-02-04 17:40:34'),(704,'CL101217','8942',489,1,'2026-02-04 17:40:34'),(705,'CL101219','8793',490,1,'2026-02-04 17:40:34'),(706,'CL101222','1049',491,1,'2026-02-04 17:40:34'),(707,'CL101223','9687',492,1,'2026-02-04 17:40:34'),(708,'CL101224','37342',493,1,'2026-02-04 17:40:34'),(709,'CL101225','41473',494,1,'2026-02-04 17:40:34'),(710,'CL101226','12271',495,1,'2026-02-04 17:40:34'),(711,'CL101228','39952',496,1,'2026-02-04 17:40:34'),(712,'CL101229','954',497,1,'2026-02-04 17:40:34'),(713,'CL101230','34835',498,1,'2026-02-04 17:40:34'),(714,'CL101235','48859',499,1,'2026-02-04 17:40:34'),(715,'CL101240','2951',500,1,'2026-02-04 17:40:34'),(716,'CL101241','41890',501,1,'2026-02-04 17:40:34'),(717,'CL101247','612',502,1,'2026-02-04 17:40:34'),(718,'CL101249','32895',503,1,'2026-02-04 17:40:34'),(719,'CL101254','22571',504,1,'2026-02-04 17:40:34'),(720,'CL101258','43418',505,1,'2026-02-04 17:40:34'),(721,'CL101262','2746',506,1,'2026-02-04 17:40:34'),(722,'CL101263','37824',507,1,'2026-02-04 17:40:34'),(723,'CL101266','49037',508,1,'2026-02-04 17:40:34'),(724,'CL101268','2114',509,1,'2026-02-04 17:40:34'),(725,'CL101272','41992',510,1,'2026-02-04 17:40:34'),(726,'CL101277','38170',511,1,'2026-02-04 17:40:34'),(727,'CL101278','1594',512,1,'2026-02-04 17:40:34'),(728,'CL101281','18401',513,1,'2026-02-04 17:40:34'),(729,'CL101284','39994',514,1,'2026-02-04 17:40:34'),(730,'CL101288','50892',515,1,'2026-02-04 17:40:34'),(731,'CL101289','3773',516,1,'2026-02-04 17:40:34'),(732,'CL101290','18324',517,1,'2026-02-04 17:40:34'),(733,'CL101291','10059',518,1,'2026-02-04 17:40:34'),(734,'CL101294','39751',519,1,'2026-02-04 17:40:34'),(735,'CL101299','1229',520,1,'2026-02-04 17:40:34'),(736,'CL101301','32495',521,1,'2026-02-04 17:40:34'),(737,'CL101302','1014',522,1,'2026-02-04 17:40:34'),(738,'CL101312','6050',523,1,'2026-02-04 17:40:34'),(739,'CL101313','5824',524,1,'2026-02-04 17:40:34'),(740,'CL101314','3193',525,1,'2026-02-04 17:40:34'),(741,'CL101315','36004',526,1,'2026-02-04 17:40:35'),(742,'CL101316','45694',527,1,'2026-02-04 17:40:35'),(743,'CL101317','891',528,1,'2026-02-04 17:40:35'),(744,'CL101318','18879',529,1,'2026-02-04 17:40:35'),(745,'CL101324','52782',530,1,'2026-02-04 17:40:35'),(746,'CL101326','969',531,1,'2026-02-04 17:40:35'),(747,'CL101328','38189',532,1,'2026-02-04 17:40:35'),(748,'CL101329','46704',533,1,'2026-02-04 17:40:35'),(749,'CL101332','52108',534,1,'2026-02-04 17:40:35'),(750,'CL101333','96',535,1,'2026-02-04 17:40:35'),(751,'CL101334','38175',536,1,'2026-02-04 17:40:35'),(752,'CL101335','52511',537,1,'2026-02-04 17:40:35'),(753,'CL101338','50940',538,1,'2026-02-04 17:40:35'),(754,'CL101342','25606',539,1,'2026-02-04 17:40:35'),(755,'CL101345','3781',540,1,'2026-02-04 17:40:35'),(756,'CL101346','1615',541,1,'2026-02-04 17:40:35'),(757,'CL101348','48158',542,1,'2026-02-04 17:40:35'),(758,'CL101351','40649',543,1,'2026-02-04 17:40:35'),(759,'CL101356','2572',544,1,'2026-02-04 17:40:35'),(760,'CL101358','30147',545,1,'2026-02-04 17:40:35'),(761,'CL101360','17820',546,1,'2026-02-04 17:40:35'),(762,'CL101361','53263',547,1,'2026-02-04 17:40:35'),(763,'CL101365','2145',548,1,'2026-02-04 17:40:35'),(764,'CL101368','8929',549,1,'2026-02-04 17:40:35'),(765,'CL101369','21576',550,1,'2026-02-04 17:40:35'),(766,'CL101370','1439',551,1,'2026-02-04 17:40:35'),(767,'CL101371','44227',552,1,'2026-02-04 17:40:35'),(768,'CL101372','2500',553,1,'2026-02-04 17:40:35'),(769,'CL101377','51568',554,1,'2026-02-04 17:40:35'),(770,'CL101378','33294',555,1,'2026-02-04 17:40:35'),(771,'CL101382','21010',556,1,'2026-02-04 17:40:35'),(772,'CL101388','3474',557,1,'2026-02-04 17:40:35'),(773,'CL101389','31104',558,1,'2026-02-04 17:40:35'),(774,'CL101394','3191',559,1,'2026-02-04 17:40:35'),(775,'CL101395','5446',560,1,'2026-02-04 17:40:35'),(776,'CL101396','41086',561,1,'2026-02-04 17:40:35'),(777,'CL101398','42453',454,1,'2026-02-04 17:40:35'),(778,'CL101403','2190',563,1,'2026-02-04 17:40:35'),(779,'CL101404','36103',564,1,'2026-02-04 17:40:35'),(780,'CL101405','8524',565,1,'2026-02-04 17:40:35'),(781,'CL101414','41893',566,1,'2026-02-04 17:40:35'),(782,'CL101415','3832',567,1,'2026-02-04 17:40:35'),(783,'CL101426','821',568,1,'2026-02-04 17:40:35'),(784,'CL101427','28819',569,1,'2026-02-04 17:40:35'),(785,'CL101432','3060',570,1,'2026-02-04 17:40:35'),(786,'CL101435','11198',571,1,'2026-02-04 17:40:35'),(787,'CL101437','18940',572,1,'2026-02-04 17:40:35'),(788,'CL101440','43941',573,1,'2026-02-04 17:40:35'),(789,'CL101443','6874',574,1,'2026-02-04 17:40:35'),(790,'CL101452','41385',575,1,'2026-02-04 17:40:35'),(791,'CL101453','1441',576,1,'2026-02-04 17:40:35'),(792,'CL101458','45978',577,1,'2026-02-04 17:40:35'),(793,'CL101462','30695',578,1,'2026-02-04 17:40:35'),(794,'CL101468','14021',455,1,'2026-02-04 17:40:35'),(795,'CL101474','18385',580,1,'2026-02-04 17:40:35'),(796,'CL101486','970',581,1,'2026-02-04 17:40:35'),(797,'CL101492','6681',582,1,'2026-02-04 17:40:35'),(798,'CL101493','36549',583,1,'2026-02-04 17:40:35'),(799,'CL101499','43610',584,1,'2026-02-04 17:40:35'),(800,'CL101502','3262',585,1,'2026-02-04 17:40:35'),(801,'CL101520','46098',586,1,'2026-02-04 17:40:35'),(802,'CL101524','21116',587,1,'2026-02-04 17:40:35'),(803,'CL101531','19281',588,1,'2026-02-04 17:40:35'),(804,'CL101536','35224',589,1,'2026-02-04 17:40:35'),(805,'CL101540','38610',590,1,'2026-02-04 17:40:35'),(806,'CL101548','44565',591,1,'2026-02-04 17:40:35'),(807,'CL101555','20303',592,1,'2026-02-04 17:40:35'),(808,'CL101557','42893',593,1,'2026-02-04 17:40:35'),(809,'CL101562','11052',594,1,'2026-02-04 17:40:35'),(810,'CL101563','5307',595,1,'2026-02-04 17:40:35'),(811,'CL101564','48959',596,1,'2026-02-04 17:40:35'),(812,'CL101580','2653',597,1,'2026-02-04 17:40:35'),(813,'CL101581','35928',598,1,'2026-02-04 17:40:35'),(814,'CL101582','20939',599,1,'2026-02-04 17:40:35'),(815,'CL101583','43304',600,1,'2026-02-04 17:40:35'),(816,'CL101587','48972',601,1,'2026-02-04 17:40:35'),(817,'CL101590','20855',602,1,'2026-02-04 17:40:35'),(818,'CL101591','41929',603,1,'2026-02-04 17:40:35'),(819,'CL101599','20923',604,1,'2026-02-04 17:40:35'),(820,'CL101601','42611',605,1,'2026-02-04 17:40:35'),(821,'CL101602','9969',606,1,'2026-02-04 17:40:35'),(822,'CL101610','32110',607,1,'2026-02-04 17:40:35'),(823,'CL101611','1775',608,1,'2026-02-04 17:40:35'),(824,'CL101614','41376',609,1,'2026-02-04 17:40:35'),(825,'CL101626','41340',610,1,'2026-02-04 17:40:35'),(826,'CL101628','10496',611,1,'2026-02-04 17:40:35'),(827,'CL101630','42416',612,1,'2026-02-04 17:40:35'),(828,'CL101644','49714',613,1,'2026-02-04 17:40:35'),(829,'CL101645','52924',614,1,'2026-02-04 17:40:35'),(830,'CL101647','11716',615,1,'2026-02-04 17:40:35'),(831,'CL101650','8722',616,1,'2026-02-04 17:40:35'),(832,'CL101652','1748',617,1,'2026-02-04 17:40:35'),(833,'CL101654','17655',618,1,'2026-02-04 17:40:35'),(834,'CL101656','52948',619,1,'2026-02-04 17:40:35'),(835,'CL101661','13591',620,1,'2026-02-04 17:40:35'),(836,'CL101666','48630',621,1,'2026-02-04 17:40:35'),(837,'CL101668','51663',622,1,'2026-02-04 17:40:35'),(838,'CL101675','5185',623,1,'2026-02-04 17:40:35'),(839,'CL101677','24333',624,1,'2026-02-04 17:40:35'),(840,'CL101678','24456',625,1,'2026-02-04 17:40:35'),(841,'CL101687','5735',626,1,'2026-02-04 17:40:35'),(842,'CL101689','6612',627,1,'2026-02-04 17:40:35'),(843,'CL101707','17414',628,1,'2026-02-04 17:40:35'),(844,'CL101708','25506',629,1,'2026-02-04 17:40:35'),(845,'CL101718','53219',630,1,'2026-02-04 17:40:35'),(846,'CL101719','3998',631,1,'2026-02-04 17:40:35'),(847,'CL101720','3234',632,1,'2026-02-04 17:40:35'),(848,'CL101725','52641',633,1,'2026-02-04 17:40:35'),(849,'CL101728','2434',634,1,'2026-02-04 17:40:35'),(850,'CL101733','49248',635,1,'2026-02-04 17:40:35'),(851,'CL101734','9678',636,1,'2026-02-04 17:40:35'),(852,'CL101740','3494',637,1,'2026-02-04 17:40:35'),(853,'CL101743','9614',638,1,'2026-02-04 17:40:35'),(854,'CL101746','9318',639,1,'2026-02-04 17:40:35'),(855,'CL101748','7022',640,1,'2026-02-04 17:40:35'),(856,'CL101757','44062',641,1,'2026-02-04 17:40:35'),(857,'CL101758','37626',642,1,'2026-02-04 17:40:35'),(858,'CL101762','23609',643,1,'2026-02-04 17:40:35'),(859,'CL101773','42410',644,1,'2026-02-04 17:40:35'),(860,'CL101779','44680',645,1,'2026-02-04 17:40:35'),(861,'CL101781','31043',646,1,'2026-02-04 17:40:35'),(862,'CL101783','1354',647,1,'2026-02-04 17:40:35'),(863,'CL101796','18664',648,1,'2026-02-04 17:40:35'),(864,'CL101797','46956',649,1,'2026-02-04 17:40:35'),(865,'CL101798','4478',650,1,'2026-02-04 17:40:35'),(866,'CL101807','2889',651,1,'2026-02-04 17:40:35'),(867,'CL101808','49826',652,1,'2026-02-04 17:40:35'),(868,'CL101818','19646',653,1,'2026-02-04 17:40:35'),(869,'CL101822','3275',654,1,'2026-02-04 17:40:35'),(870,'CL101827','52437',655,1,'2026-02-04 17:40:35'),(871,'CL101828','9615',656,1,'2026-02-04 17:40:35'),(872,'CL101838','52975',657,1,'2026-02-04 17:40:35'),(873,'CL101845','31446',658,1,'2026-02-04 17:40:35'),(874,'CL101849','42969',659,1,'2026-02-04 17:40:35'),(875,'CL101851','23136',660,1,'2026-02-04 17:40:35'),(876,'CL101854','47235',661,1,'2026-02-04 17:40:35'),(877,'CL101858','44773',662,1,'2026-02-04 17:40:35'),(878,'CL101859','28184',663,1,'2026-02-04 17:40:35'),(879,'CL101860','17970',664,1,'2026-02-04 17:40:35'),(880,'CL101862','45237',665,1,'2026-02-04 17:40:35'),(881,'CL101867','28486',666,1,'2026-02-04 17:40:35'),(882,'CL101868','5812',667,1,'2026-02-04 17:40:35'),(883,'CL101873','12175',668,1,'2026-02-04 17:40:35'),(884,'CL101875','11019',669,1,'2026-02-04 17:40:35'),(885,'CL101877','5709',670,1,'2026-02-04 17:40:35'),(886,'CL101881','22305',671,1,'2026-02-04 17:40:35'),(887,'CL101884','232',672,1,'2026-02-04 17:40:35'),(888,'CL101888','47206',673,1,'2026-02-04 17:40:35'),(889,'CL101915','8378',674,1,'2026-02-04 17:40:35'),(890,'CL101916','24370',675,1,'2026-02-04 17:40:35'),(891,'CL101921','42749',676,1,'2026-02-04 17:40:35'),(892,'CL101938','10592',677,1,'2026-02-04 17:40:35'),(893,'CL101939','27509',678,1,'2026-02-04 17:40:35'),(894,'CL101941','19437',679,1,'2026-02-04 17:40:35'),(895,'CL101944','30053',680,1,'2026-02-04 17:40:35'),(896,'CL101946','3812',681,1,'2026-02-04 17:40:35'),(897,'CL101947','20705',682,1,'2026-02-04 17:40:35'),(898,'CL101950','11199',683,1,'2026-02-04 17:40:35'),(899,'CL101957','681',684,1,'2026-02-04 17:40:35'),(900,'CL101958','17919',685,1,'2026-02-04 17:40:35'),(901,'CL101960','5986',686,1,'2026-02-04 17:40:35'),(902,'CL101961','11740',687,1,'2026-02-04 17:40:35'),(903,'CL101962','39731',688,1,'2026-02-04 17:40:35'),(904,'CL101963','46735',689,1,'2026-02-04 17:40:35'),(905,'CL101964','18729',690,1,'2026-02-04 17:40:35'),(906,'CL101968','45195',691,1,'2026-02-04 17:40:35'),(907,'CL101970','2071',692,1,'2026-02-04 17:40:35'),(908,'CL101974','2422',693,1,'2026-02-04 17:40:35'),(909,'CL101985','31884',694,1,'2026-02-04 17:40:35'),(910,'CL101993','1179',695,1,'2026-02-04 17:40:35'),(911,'CL101997','32130',696,1,'2026-02-04 17:40:35'),(912,'CL102000','20106',697,1,'2026-02-04 17:40:35'),(913,'CL102001','832',698,1,'2026-02-04 17:40:35'),(914,'CL102004','2163',699,1,'2026-02-04 17:40:35'),(915,'CL102013','9387',700,1,'2026-02-04 17:40:35'),(916,'CL102019','2717',701,1,'2026-02-04 17:40:35'),(917,'CL102020','3925',702,1,'2026-02-04 17:40:35'),(918,'CL102022','16216',703,1,'2026-02-04 17:40:35'),(919,'CL102030','34984',704,1,'2026-02-04 17:40:35'),(920,'CL102036','37053',705,1,'2026-02-04 17:40:35'),(921,'CL102041','47131',706,1,'2026-02-04 17:40:35'),(922,'CL102042','42523',707,1,'2026-02-04 17:40:35'),(923,'CL102043','859',708,1,'2026-02-04 17:40:35'),(924,'CL102049','30707',709,1,'2026-02-04 17:40:35'),(925,'CL102057','19896',710,1,'2026-02-04 17:40:35'),(926,'CL102069','50730',711,1,'2026-02-04 17:40:35'),(927,'CL102070','11142',712,1,'2026-02-04 17:40:35'),(928,'CL102073','48874',713,1,'2026-02-04 17:40:35'),(929,'CL102081','1100',714,1,'2026-02-04 17:40:35'),(930,'CL102092','2852',715,1,'2026-02-04 17:40:35'),(931,'CL102096','37',716,1,'2026-02-04 17:40:35'),(932,'CL102098','3942',717,1,'2026-02-04 17:40:35'),(933,'CL102102','51539',718,1,'2026-02-04 17:40:35'),(934,'CL102104','52877',719,1,'2026-02-04 17:40:35'),(935,'CL102105','38341',720,1,'2026-02-04 17:40:36'),(936,'CL102107','13117',721,1,'2026-02-04 17:40:36'),(937,'CL102109','45328',722,1,'2026-02-04 17:40:36'),(938,'CL102114','19480',723,1,'2026-02-04 17:40:36'),(939,'CL102115','6255',724,1,'2026-02-04 17:40:36'),(940,'CL102117','39564',725,1,'2026-02-04 17:40:36'),(941,'CL102122','38655',726,1,'2026-02-04 17:40:36'),(942,'CL102123','1069',727,1,'2026-02-04 17:40:36'),(943,'CL102125','29313',728,1,'2026-02-04 17:40:36'),(944,'CL102130','1580',729,1,'2026-02-04 17:40:36'),(945,'CL102133','2138',730,1,'2026-02-04 17:40:36'),(946,'CL102136','21825',731,1,'2026-02-04 17:40:36'),(947,'CL102138','13864',732,1,'2026-02-04 17:40:36'),(948,'CL102140','578',733,1,'2026-02-04 17:40:36'),(949,'CL102143','40271',734,1,'2026-02-04 17:40:36'),(950,'CL102145','876',735,1,'2026-02-04 17:40:36'),(951,'CL102148','26776',736,1,'2026-02-04 17:40:36'),(952,'CL102153','32215',737,1,'2026-02-04 17:40:36'),(953,'CL102169','3559',738,1,'2026-02-04 17:40:36'),(954,'CL102174','37094',739,1,'2026-02-04 17:40:36'),(955,'CL102176','770',740,1,'2026-02-04 17:40:36'),(956,'CL102177','1078',741,1,'2026-02-04 17:40:36'),(957,'CL102180','38136',742,1,'2026-02-04 17:40:36'),(958,'CL102182','19709',743,1,'2026-02-04 17:40:36'),(959,'CL102183','1542',744,1,'2026-02-04 17:40:36'),(960,'CL102184','2366',745,1,'2026-02-04 17:40:36'),(961,'CL102186','8852',746,1,'2026-02-04 17:40:36'),(962,'CL102187','22983',747,1,'2026-02-04 17:40:36'),(963,'CL102189','49302',748,1,'2026-02-04 17:40:36'),(964,'CL102190','721',749,1,'2026-02-04 17:40:36'),(965,'CL102199','9618',750,1,'2026-02-04 17:40:36'),(966,'CL102201','11684',751,1,'2026-02-04 17:40:36'),(967,'CL102204','9120',752,1,'2026-02-04 17:40:36'),(968,'CL102205','16791',753,1,'2026-02-04 17:40:36'),(969,'CL102206','34207',754,1,'2026-02-04 17:40:36'),(970,'CL102211','17851',755,1,'2026-02-04 17:40:36'),(971,'CL102212','28042',756,1,'2026-02-04 17:40:36'),(972,'CL102213','2624',757,1,'2026-02-04 17:40:36'),(973,'CL102214','10588',758,1,'2026-02-04 17:40:36'),(974,'CL102216','18041',759,1,'2026-02-04 17:40:36'),(975,'CL102217','5864',760,1,'2026-02-04 17:40:36'),(976,'CL102219','38044',761,1,'2026-02-04 17:40:36'),(977,'CL102220','593',762,1,'2026-02-04 17:40:36'),(978,'CL102221','22615',763,1,'2026-02-04 17:40:36'),(979,'CL102224','3066',764,1,'2026-02-04 17:40:36'),(980,'CL102226','2041',765,1,'2026-02-04 17:40:36'),(981,'CL102227','5573',766,1,'2026-02-04 17:40:36'),(982,'CL102228','2697',767,1,'2026-02-04 17:40:36'),(983,'CL102233','50618',768,1,'2026-02-04 17:40:36'),(984,'CL102238','26537',769,1,'2026-02-04 17:40:36'),(985,'CL102239','46509',770,1,'2026-02-04 17:40:36'),(986,'CL102246','14062',771,1,'2026-02-04 17:40:36'),(987,'CL102249','22618',772,1,'2026-02-04 17:40:36'),(988,'CL102253','41429',773,1,'2026-02-04 17:40:36'),(989,'CL102254','3118',774,1,'2026-02-04 17:40:36'),(990,'CL102256','6576',775,1,'2026-02-04 17:40:36'),(991,'CL102257','47172',237,1,'2026-02-04 17:40:36'),(992,'CL102261','10979',777,1,'2026-02-04 17:40:36'),(993,'CL102262','46808',778,1,'2026-02-04 17:40:36'),(994,'CL102268','52508',779,1,'2026-02-04 17:40:36'),(995,'CL102270','15107',780,1,'2026-02-04 17:40:36'),(996,'CL102272','3192',781,1,'2026-02-04 17:40:36'),(997,'CL102273','42921',782,1,'2026-02-04 17:40:36'),(998,'CL102276','1145',783,1,'2026-02-04 17:40:36'),(999,'CL102279','2493',784,1,'2026-02-04 17:40:36'),(1000,'CL102281','10037',785,1,'2026-02-04 17:40:36'),(1001,'CL102283','9688',786,1,'2026-02-04 17:40:36'),(1002,'CL102284','28467',787,1,'2026-02-04 17:40:36'),(1003,'CL102290','2926',788,1,'2026-02-04 17:40:36'),(1004,'CL102297','3169',789,1,'2026-02-04 17:40:36'),(1005,'CL102298','26598',790,1,'2026-02-04 17:40:36'),(1006,'CL102299','2505',791,1,'2026-02-04 17:40:36'),(1007,'CL102300','24433',792,1,'2026-02-04 17:40:36'),(1008,'CL102303','2029',793,1,'2026-02-04 17:40:36'),(1009,'CL102307','46489',794,1,'2026-02-04 17:40:36'),(1010,'CL102308','5314',795,1,'2026-02-04 17:40:36'),(1011,'CL102309','15687',796,1,'2026-02-04 17:40:36'),(1012,'CL102316','9017',797,1,'2026-02-04 17:40:36'),(1013,'CL102317','841',798,1,'2026-02-04 17:40:36'),(1014,'CL102318','16658',799,1,'2026-02-04 17:40:36'),(1015,'CL102321','44385',800,1,'2026-02-04 17:40:36'),(1016,'CL102330','21599',801,1,'2026-02-04 17:40:36'),(1017,'CL102340','18275',802,1,'2026-02-04 17:40:36'),(1018,'CL102341','1768',803,1,'2026-02-04 17:40:36'),(1019,'CL102342','2705',804,1,'2026-02-04 17:40:36'),(1020,'CL102356','8368',805,1,'2026-02-04 17:40:36'),(1021,'CL102363','38548',806,1,'2026-02-04 17:40:36'),(1022,'CL102366','18476',807,1,'2026-02-04 17:40:36'),(1023,'CL102370','1153',808,1,'2026-02-04 17:40:36'),(1024,'CL102382','5751',809,1,'2026-02-04 17:40:36'),(1025,'CL102383','12945',810,1,'2026-02-04 17:40:36'),(1026,'CL102384','26775',811,1,'2026-02-04 17:40:36'),(1027,'CL102386','4352',812,1,'2026-02-04 17:40:36'),(1028,'CL102400','39558',813,1,'2026-02-04 17:40:36'),(1029,'CL102401','41355',814,1,'2026-02-04 17:40:36'),(1030,'CL102403','2101',815,1,'2026-02-04 17:40:36'),(1031,'CL102407','8574',816,1,'2026-02-04 17:40:36'),(1032,'CL102411','3448',817,1,'2026-02-04 17:40:36'),(1033,'CL102412','24822',818,1,'2026-02-04 17:40:36'),(1034,'CL102414','45418',819,1,'2026-02-04 17:40:36'),(1035,'CL102423','734',820,1,'2026-02-04 17:40:36'),(1036,'CL102427','8377',821,1,'2026-02-04 17:40:36'),(1037,'CL102428','42891',822,1,'2026-02-04 17:40:36'),(1038,'CL102435','2886',823,1,'2026-02-04 17:40:36'),(1039,'CL102441','49761',824,1,'2026-02-04 17:40:36'),(1040,'CL102443','26797',825,1,'2026-02-04 17:40:36'),(1041,'CL102444','22865',826,1,'2026-02-04 17:40:36'),(1042,'CL102449','20031',827,1,'2026-02-04 17:40:36'),(1043,'CL102451','41675',828,1,'2026-02-04 17:40:36'),(1044,'CL102458','5685',829,1,'2026-02-04 17:40:36'),(1045,'CL102463','131',830,1,'2026-02-04 17:40:36'),(1046,'CL102464','4403',831,1,'2026-02-04 17:40:36'),(1047,'CL102468','27698',832,1,'2026-02-04 17:40:36'),(1048,'CL102475','23667',833,1,'2026-02-04 17:40:36'),(1049,'CL102489','1567',834,1,'2026-02-04 17:40:36'),(1050,'CL102492','20243',835,1,'2026-02-04 17:40:36'),(1051,'CL102495','587',836,1,'2026-02-04 17:40:36'),(1052,'CL102498','46058',837,1,'2026-02-04 17:40:36'),(1053,'CL102508','20309',838,1,'2026-02-04 17:40:36'),(1054,'CL102510','3292',839,1,'2026-02-04 17:40:36'),(1055,'CL102511','9051',840,1,'2026-02-04 17:40:36'),(1056,'CL102515','11546',841,1,'2026-02-04 17:40:36'),(1057,'CL102516','2612',842,1,'2026-02-04 17:40:36'),(1058,'CL102521','21485',843,1,'2026-02-04 17:40:36'),(1059,'CL102524','30950',844,1,'2026-02-04 17:40:36'),(1060,'CL102535','5234',845,1,'2026-02-04 17:40:36'),(1061,'CL102536','40742',846,1,'2026-02-04 17:40:36'),(1062,'CL102537','10905',847,1,'2026-02-04 17:40:36'),(1063,'CL102545','9444',848,1,'2026-02-04 17:40:36'),(1064,'CL102549','39887',849,1,'2026-02-04 17:40:36'),(1065,'CL102551','38137',850,1,'2026-02-04 17:40:36'),(1066,'CL102554','42673',851,1,'2026-02-04 17:40:36'),(1067,'CL102570','46390',852,1,'2026-02-04 17:40:36'),(1068,'CL102571','20162',853,1,'2026-02-04 17:40:36'),(1069,'CL102577','31046',854,1,'2026-02-04 17:40:36'),(1070,'CL102578','30748',855,1,'2026-02-04 17:40:36'),(1071,'CL102587','8709',856,1,'2026-02-04 17:40:36'),(1072,'CL102588','210',857,1,'2026-02-04 17:40:36'),(1073,'CL102589','28510',858,1,'2026-02-04 17:40:36'),(1074,'CL102590','47946',859,1,'2026-02-04 17:40:36'),(1075,'CL102591','943',860,1,'2026-02-04 17:40:36'),(1076,'CL102608','10120',861,1,'2026-02-04 17:40:36'),(1077,'CL102622','2335',862,1,'2026-02-04 17:40:36'),(1078,'CL102630','25815',863,1,'2026-02-04 17:40:36'),(1079,'CL102635','3983',864,1,'2026-02-04 17:40:36'),(1080,'CL102643','2787',865,1,'2026-02-04 17:40:36'),(1081,'CL102644','2394',866,1,'2026-02-04 17:40:36'),(1082,'CL102651','47555',867,1,'2026-02-04 17:40:36'),(1083,'CL102653','20443',868,1,'2026-02-04 17:40:36'),(1084,'CL102654','39196',869,1,'2026-02-04 17:40:36'),(1085,'CL102655','41926',870,1,'2026-02-04 17:40:36'),(1086,'CL102656','1191',871,1,'2026-02-04 17:40:36'),(1087,'CL102658','19520',872,1,'2026-02-04 17:40:36'),(1088,'CL102659','4054',873,1,'2026-02-04 17:40:36'),(1089,'CL102660','25842',874,1,'2026-02-04 17:40:36'),(1090,'CL102661','26810',875,1,'2026-02-04 17:40:36'),(1091,'CL102663','5714',876,1,'2026-02-04 17:40:36'),(1092,'CL102667','43022',877,1,'2026-02-04 17:40:36'),(1093,'CL102671','9557',878,1,'2026-02-04 17:40:36'),(1094,'CL102674','3116',879,1,'2026-02-04 17:40:36'),(1095,'CL102675','33565',880,1,'2026-02-04 17:40:36'),(1096,'CL102679','52163',881,1,'2026-02-04 17:40:36'),(1097,'CL102682','34669',882,1,'2026-02-04 17:40:36'),(1098,'CL102685','11521',883,1,'2026-02-04 17:40:36'),(1099,'CL102702','2157',884,1,'2026-02-04 17:40:36'),(1100,'CL102705','3081',885,1,'2026-02-04 17:40:36'),(1101,'CL102706','2136',886,1,'2026-02-04 17:40:36'),(1102,'CL102707','12191',887,1,'2026-02-04 17:40:36'),(1103,'CL102711','3815',888,1,'2026-02-04 17:40:36'),(1104,'CL102717','30727',889,1,'2026-02-04 17:40:36'),(1105,'CL102721','3637',890,1,'2026-02-04 17:40:36'),(1106,'CL102723','19591',891,1,'2026-02-04 17:40:36'),(1107,'CL102724','52794',892,1,'2026-02-04 17:40:36'),(1108,'CL102726','35308',893,1,'2026-02-04 17:40:36'),(1109,'CL102736','1213',894,1,'2026-02-04 17:40:36'),(1110,'CL102737','6911',895,1,'2026-02-04 17:40:36'),(1111,'CL102739','9848',896,1,'2026-02-04 17:40:36'),(1112,'CL102741','52116',897,1,'2026-02-04 17:40:36'),(1113,'CL102745','45988',898,1,'2026-02-04 17:40:36'),(1114,'CL102746','21927',899,1,'2026-02-04 17:40:36'),(1115,'CL102747','738',900,1,'2026-02-04 17:40:36'),(1116,'CL102748','47755',901,1,'2026-02-04 17:40:36'),(1117,'CL102752','9322',902,1,'2026-02-04 17:40:36'),(1118,'CL102756','42001',903,1,'2026-02-04 17:40:36'),(1119,'CL102757','10992',904,1,'2026-02-04 17:40:36'),(1120,'CL102766','22471',905,1,'2026-02-04 17:40:36'),(1121,'CL102768','2474',906,1,'2026-02-04 17:40:36'),(1122,'CL102770','33092',907,1,'2026-02-04 17:40:36'),(1123,'CL102776','17872',908,1,'2026-02-04 17:40:37'),(1124,'CL102777','2904',909,1,'2026-02-04 17:40:37'),(1125,'CL102797','12932',910,1,'2026-02-04 17:40:37'),(1126,'CL102798','10083',911,1,'2026-02-04 17:40:37'),(1127,'CL102800','45333',912,1,'2026-02-04 17:40:37'),(1128,'CL102804','28021',913,1,'2026-02-04 17:40:37'),(1129,'CL102813','2045',914,1,'2026-02-04 17:40:37'),(1130,'CL102815','49095',915,1,'2026-02-04 17:40:37'),(1131,'CL102818','3197',916,1,'2026-02-04 17:40:37'),(1132,'CL102820','41960',917,1,'2026-02-04 17:40:37'),(1133,'CL102821','32251',918,1,'2026-02-04 17:40:37'),(1134,'CL102824','121',919,1,'2026-02-04 17:40:37'),(1135,'CL102827','16397',920,1,'2026-02-04 17:40:37'),(1136,'CL102850','42911',921,1,'2026-02-04 17:40:37'),(1137,'CL102851','2738',922,1,'2026-02-04 17:40:37'),(1138,'CL102856','28725',923,1,'2026-02-04 17:40:37'),(1139,'CL102858','53128',924,1,'2026-02-04 17:40:37'),(1140,'CL102865','10719',925,1,'2026-02-04 17:40:37'),(1141,'CL102868','32641',926,1,'2026-02-04 17:40:37'),(1142,'CL102870','45659',927,1,'2026-02-04 17:40:37'),(1143,'CL102871','2399',928,1,'2026-02-04 17:40:37'),(1144,'CL102872','3803',929,1,'2026-02-04 17:40:37'),(1145,'CL102873','18000',930,1,'2026-02-04 17:40:37'),(1146,'CL102877','21378',931,1,'2026-02-04 17:40:37'),(1147,'CL102879','335',932,1,'2026-02-04 17:40:37'),(1148,'CL102880','11513',933,1,'2026-02-04 17:40:37'),(1149,'CL102882','36127',934,1,'2026-02-04 17:40:37'),(1150,'CL102885','1490',935,1,'2026-02-04 17:40:37'),(1151,'CL102891','1440',936,1,'2026-02-04 17:40:37'),(1152,'CL102893','46675',937,1,'2026-02-04 17:40:37'),(1153,'CL102896','48764',938,1,'2026-02-04 17:40:37'),(1154,'CL102897','5468',939,1,'2026-02-04 17:40:37'),(1155,'CL102899','30473',940,1,'2026-02-04 17:40:37'),(1156,'CL102918','49778',941,1,'2026-02-04 17:40:37'),(1157,'CL102920','2097',942,1,'2026-02-04 17:40:37'),(1158,'CL102922','9449',943,1,'2026-02-04 17:40:37'),(1159,'CL102930','12848',944,1,'2026-02-04 17:40:37'),(1160,'CL102933','35931',945,1,'2026-02-04 17:40:37'),(1161,'CL102935','22832',946,1,'2026-02-04 17:40:37'),(1162,'CL102950','1164',947,1,'2026-02-04 17:40:37'),(1163,'CL102953','41133',948,1,'2026-02-04 17:40:37'),(1164,'CL102969','27328',949,1,'2026-02-04 17:40:37'),(1165,'CL102973','32767',950,1,'2026-02-04 17:40:37'),(1166,'CL102994','46946',951,1,'2026-02-04 17:40:37'),(1167,'CL102995','45840',952,1,'2026-02-04 17:40:37'),(1168,'CL102999','29372',953,1,'2026-02-04 17:40:37'),(1169,'CL103007','2118',954,1,'2026-02-04 17:40:37'),(1170,'CL103010','44889',955,1,'2026-02-04 17:40:37'),(1171,'CL103012','51908',956,1,'2026-02-04 17:40:37'),(1172,'CL103014','1741',957,1,'2026-02-04 17:40:37'),(1173,'CL103019','30302',958,1,'2026-02-04 17:40:37'),(1174,'CL103033','22264',959,1,'2026-02-04 17:40:37'),(1175,'CL103040','12268',960,1,'2026-02-04 17:40:37'),(1176,'CL103071','40021',961,1,'2026-02-04 17:40:37'),(1177,'CL103077','3179',962,1,'2026-02-04 17:40:37'),(1178,'CL103079','19718',963,1,'2026-02-04 17:40:37'),(1179,'CL103082','1897',964,1,'2026-02-04 17:40:37'),(1180,'CL103083','431',965,1,'2026-02-04 17:40:37'),(1181,'CL103084','20566',966,1,'2026-02-04 17:40:37'),(1182,'CL103086','3810',967,1,'2026-02-04 17:40:37'),(1183,'CL103090','6299',968,1,'2026-02-04 17:40:37'),(1184,'CL103092','4401',969,1,'2026-02-04 17:40:37'),(1185,'CL103097','714',970,1,'2026-02-04 17:40:37'),(1186,'CL103105','52418',971,1,'2026-02-04 17:40:37'),(1187,'CL103143','39681',972,1,'2026-02-04 17:40:37'),(1188,'CL103177','1389',973,1,'2026-02-04 17:40:37'),(1189,'CL103178','37307',974,1,'2026-02-04 17:40:37'),(1190,'CL103181','50589',975,1,'2026-02-04 17:40:37'),(1191,'CL103188','38513',976,1,'2026-02-04 17:40:37'),(1192,'CL103200','3563',977,1,'2026-02-04 17:40:37'),(1193,'CL103209','358',978,1,'2026-02-04 17:40:37'),(1194,'CL103213','6544',979,1,'2026-02-04 17:40:37'),(1195,'CL103218','1477',980,1,'2026-02-04 17:40:37'),(1196,'CL103234','5238',981,1,'2026-02-04 17:40:37'),(1197,'CL103237','5967',982,1,'2026-02-04 17:40:37'),(1198,'CL103243','5197',983,1,'2026-02-04 17:40:37'),(1199,'CL103246','47958',984,1,'2026-02-04 17:40:37'),(1200,'CL103250','12550',985,1,'2026-02-04 17:40:37'),(1201,'CL103266','40727',986,1,'2026-02-04 17:40:37'),(1202,'CL103271','39167',987,1,'2026-02-04 17:40:37'),(1203,'CL103278','841',798,1,'2026-02-04 17:40:37'),(1204,'CL103279','4701',989,1,'2026-02-04 17:40:37'),(1205,'CL103295','2081',990,1,'2026-02-04 17:40:37'),(1206,'CL103302','2010',991,1,'2026-02-04 17:40:37'),(1207,'CL103303','1583',992,1,'2026-02-04 17:40:37'),(1208,'CL103306','8985',993,1,'2026-02-04 17:40:37'),(1209,'CL103307','4339',994,1,'2026-02-04 17:40:37'),(1210,'CL103344','7143',995,1,'2026-02-04 17:40:37'),(1211,'CL103410','3881',996,1,'2026-02-04 17:40:37'),(1212,'CL103445','1158',997,1,'2026-02-04 17:40:37'),(1213,'CL103471','2568',998,1,'2026-02-04 17:40:37'),(1214,'CL103473','50729',999,1,'2026-02-04 17:40:37'),(1215,'CL103496','29152',1000,1,'2026-02-04 17:40:37'),(1216,'CL103497','30962',1001,1,'2026-02-04 17:40:37'),(1217,'CL103499','10388',1002,1,'2026-02-04 17:40:37'),(1218,'CL103518','4390',1003,1,'2026-02-04 17:40:37'),(1219,'CL103524','2298',1004,1,'2026-02-04 17:40:37'),(1220,'CL103533','2742',1005,1,'2026-02-04 17:40:37'),(1221,'CL103544','43943',1006,1,'2026-02-04 17:40:37'),(1222,'CL103561','6298',1007,1,'2026-02-04 17:40:37'),(1223,'CL103563','3609',1008,1,'2026-02-04 17:40:37'),(1224,'CL103608','313',1009,1,'2026-02-04 17:40:37'),(1225,'CL103633','43287',1010,1,'2026-02-04 17:40:37'),(1226,'CL103681','6604',1011,1,'2026-02-04 17:40:37'),(1227,'CL103717','16442',1012,1,'2026-02-04 17:40:37'),(1228,'CL103718','43735',1013,1,'2026-02-04 17:40:37'),(1229,'CL103748','1132',1014,1,'2026-02-04 17:40:37'),(1230,'CL103768','5684',1015,1,'2026-02-04 17:40:37'),(1231,'CL103778','331',1016,1,'2026-02-04 17:40:37'),(1232,'CL103845','2528',1017,1,'2026-02-04 17:40:37'),(1233,'CL103871','35058',1018,1,'2026-02-04 17:40:37'),(1234,'CL103878','22563',1019,1,'2026-02-04 17:40:37'),(1235,'CL103899','9111',1020,1,'2026-02-04 17:40:37'),(1236,'CL103921','11137',1021,1,'2026-02-04 17:40:37'),(1237,'CL103938','44126',1022,1,'2026-02-04 17:40:37'),(1238,'CL103963','51969',1023,1,'2026-02-04 17:40:37'),(1239,'CL103974','4955',1024,1,'2026-02-04 17:40:37'),(1240,'CL103980','15629',1025,1,'2026-02-04 17:40:37'),(1241,'CL103996','37133',1026,1,'2026-02-04 17:40:37'),(1242,'CL104008','20',1027,1,'2026-02-04 17:40:37'),(1243,'CL104019','3398',1028,1,'2026-02-04 17:40:37'),(1244,'CL104022','13215',1029,1,'2026-02-04 17:40:37'),(1245,'CL104037','41631',1030,1,'2026-02-04 17:40:37'),(1246,'CL104045','12176',1031,1,'2026-02-04 17:40:37'),(1247,'CL104050','9223',1032,1,'2026-02-04 17:40:37'),(1248,'CL104057','28410',1033,1,'2026-02-04 17:40:37'),(1249,'CL104098','29421',1034,1,'2026-02-04 17:40:37'),(1250,'CL104111','3462',1035,1,'2026-02-04 17:40:37'),(1251,'CL104140','7449',1036,1,'2026-02-04 17:40:37'),(1252,'CL104151','1494',1037,1,'2026-02-04 17:40:37'),(1253,'CL104167','27124',1038,1,'2026-02-04 17:40:37'),(1254,'CL104214','1360',1039,1,'2026-02-04 17:40:37'),(1255,'CL800004','46856',1040,1,'2026-02-04 17:40:37'),(1256,'CL800039','18793',1041,1,'2026-02-04 17:40:37'),(1257,'CL800042','48208',1042,1,'2026-02-04 17:40:37'),(1258,'CL800045','3994',1043,1,'2026-02-04 17:40:37'),(1259,'CL800047','32320',296,1,'2026-02-04 17:40:37'),(1260,'CL800049','33960',1045,1,'2026-02-04 17:40:37'),(1261,'CL800055','94',1046,1,'2026-02-04 17:40:37'),(1262,'CL800057','129',1047,1,'2026-02-04 17:40:37'),(1263,'CL800060','99',1048,1,'2026-02-04 17:40:37'),(1264,'CL800062','5817',1049,1,'2026-02-04 17:40:37'),(1265,'CL800064','41094',1050,1,'2026-02-04 17:40:37'),(1266,'CL800066','47426',1051,1,'2026-02-04 17:40:37'),(1267,'CL800067','24239',1052,1,'2026-02-04 17:40:37'),(1268,'CL800068','10154',1053,1,'2026-02-04 17:40:37'),(1269,'CL800072','283',1054,1,'2026-02-04 17:40:37'),(1270,'CL800073','22270',1055,1,'2026-02-04 17:40:37'),(1271,'CL800079','384',1056,1,'2026-02-04 17:40:37'),(1272,'CL800081','6467',1057,1,'2026-02-04 17:40:37'),(1273,'CL800087','460',1058,1,'2026-02-04 17:40:37'),(1274,'CL800088','42790',1059,1,'2026-02-04 17:40:37'),(1275,'CL800090','32756',1060,1,'2026-02-04 17:40:37'),(1276,'CL800091','36772',1061,1,'2026-02-04 17:40:37'),(1277,'CL800094','33055',1062,1,'2026-02-04 17:40:37'),(1278,'CL800100','1232',1063,1,'2026-02-04 17:40:37'),(1279,'CL800103','47990',1064,1,'2026-02-04 17:40:37'),(1280,'CL800104','45925',1065,1,'2026-02-04 17:40:37'),(1281,'CL800107','669',1066,1,'2026-02-04 17:40:37'),(1282,'CL800113','39563',1067,1,'2026-02-04 17:40:37'),(1283,'CL800115','39751',519,1,'2026-02-04 17:40:37'),(1284,'CL800116','19203',1069,1,'2026-02-04 17:40:37'),(1285,'CL800121','41371',1070,1,'2026-02-04 17:40:37'),(1286,'CL800137','17942',1071,1,'2026-02-04 17:40:37'),(1287,'CL800138','38389',1072,1,'2026-02-04 17:40:37'),(1562,'CL100421','7858',1289,1,'2026-02-04 18:37:16'),(1563,'CL101742','6050',523,1,'2026-02-04 18:37:16'),(1564,'CL101904','12306',1291,1,'2026-02-04 18:37:16'),(1565,'CL102055','6330',1292,1,'2026-02-04 18:37:16'),(1566,'CL102058','5972',1293,1,'2026-02-04 18:37:16'),(1567,'CL102060','6121',1294,1,'2026-02-04 18:37:16'),(1568,'CL102061','5960',1295,1,'2026-02-04 18:37:16'),(1569,'CL102062','6084',1296,1,'2026-02-04 18:37:16'),(1570,'CL102063','6048',1297,1,'2026-02-04 18:37:16'),(1571,'CL102065','6047',1298,1,'2026-02-04 18:37:16'),(1572,'CL102066','6049',1299,1,'2026-02-04 18:37:16'),(1573,'CL102067','6329',1300,1,'2026-02-04 18:37:16'),(1574,'CL102068','6118',1301,1,'2026-02-04 18:37:16'),(1575,'CL102074','6152',1302,1,'2026-02-04 18:37:16'),(1576,'CL102076','6192',1303,1,'2026-02-04 18:37:16'),(1577,'CL102078','6193',1304,1,'2026-02-04 18:37:16'),(1578,'CL102079','6151',1305,1,'2026-02-04 18:37:16'),(1579,'CL102080','6334',1306,1,'2026-02-04 18:37:16'),(1580,'CL102082','6136',1307,1,'2026-02-04 18:37:16'),(1581,'CL102083','6336',1308,1,'2026-02-04 18:37:16'),(1582,'CL102086','6120',1309,1,'2026-02-04 18:37:16'),(1583,'CL102089','6451',1310,1,'2026-02-04 18:37:16'),(1584,'CL102090','6119',1311,1,'2026-02-04 18:37:16'),(1585,'CL102091','6335',1312,1,'2026-02-04 18:37:16'),(1586,'CL102094','6332',1313,1,'2026-02-04 18:37:16'),(1587,'CL102097','6338',1314,1,'2026-02-04 18:37:16'),(1588,'CL102101','6333',1315,1,'2026-02-04 18:37:16'),(1589,'CL102108','6331',1316,1,'2026-02-04 18:37:16'),(1590,'CL102110','6366',1317,1,'2026-02-04 18:37:16'),(1591,'CL102111','6349',1318,1,'2026-02-04 18:37:16'),(1592,'CL102112','6348',1319,1,'2026-02-04 18:37:16'),(1593,'CL102113','6365',1320,1,'2026-02-04 18:37:16'),(1594,'CL102116','6445',1321,1,'2026-02-04 18:37:16'),(1595,'CL102119','6444',1322,1,'2026-02-04 18:37:16'),(1596,'CL102120','6443',1323,1,'2026-02-04 18:37:16'),(1597,'CL102121','6442',1324,1,'2026-02-04 18:37:16'),(1598,'CL102124','6456',1325,1,'2026-02-04 18:37:16'),(1599,'CL102127','6459',1326,1,'2026-02-04 18:37:16'),(1600,'CL102129','6457',1327,1,'2026-02-04 18:37:16'),(1601,'CL102131','6471',1328,1,'2026-02-04 18:37:16'),(1602,'CL102134','6494',1329,1,'2026-02-04 18:37:16'),(1603,'CL102135','6495',1330,1,'2026-02-04 18:37:16'),(1604,'CL102137','6496',1331,1,'2026-02-04 18:37:16'),(1605,'CL102141','6524',1332,1,'2026-02-04 18:37:16'),(1606,'CL102146','6526',1333,1,'2026-02-04 18:37:16'),(1607,'CL102147','6523',1334,1,'2026-02-04 18:37:16'),(1608,'CL102149','6543',1335,1,'2026-02-04 18:37:16'),(1609,'CL102150','6542',1336,1,'2026-02-04 18:37:16'),(1610,'CL102151','6546',1154,1,'2026-02-04 18:37:16'),(1611,'CL102152','6545',1338,1,'2026-02-04 18:37:16'),(1612,'CL102156','6588',1339,1,'2026-02-04 18:37:16'),(1613,'CL102157','6590',1340,1,'2026-02-04 18:37:16'),(1614,'CL102158','6591',1341,1,'2026-02-04 18:37:16'),(1615,'CL102159','6589',1342,1,'2026-02-04 18:37:16'),(1616,'CL102160','6544',979,1,'2026-02-04 18:37:16'),(1617,'CL102161','6609',1344,1,'2026-02-04 18:37:16'),(1618,'CL102163','7011',1345,1,'2026-02-04 18:37:16'),(1619,'CL102164','6734',1347,1,'2026-02-04 18:37:16'),(1620,'CL102165','6733',1348,1,'2026-02-04 18:37:16'),(1621,'CL102166','6730',1349,1,'2026-02-04 18:37:16'),(1622,'CL102167','6729',1350,1,'2026-02-04 18:37:16'),(1623,'CL102168','6728',1351,1,'2026-02-04 18:37:16'),(1624,'CL102170','6735',1352,1,'2026-02-04 18:37:16'),(1625,'CL102171','6720',1353,1,'2026-02-04 18:37:16'),(1626,'CL102172','6723',1354,1,'2026-02-04 18:37:16'),(1627,'CL102175','6717',1355,1,'2026-02-04 18:37:16'),(1628,'CL102178','6736',1356,1,'2026-02-04 18:37:16'),(1629,'CL102179','6737',1357,1,'2026-02-04 18:37:16'),(1630,'CL102181','6738',1358,1,'2026-02-04 18:37:16'),(1631,'CL102185','6767',1359,1,'2026-02-04 18:37:16'),(1632,'CL102188','6768',1360,1,'2026-02-04 18:37:16'),(1633,'CL102191','6769',1361,1,'2026-02-04 18:37:16'),(1634,'CL102192','6765',1362,1,'2026-02-04 18:37:16'),(1635,'CL102193','6779',1363,1,'2026-02-04 18:37:16'),(1636,'CL102194','6781',1364,1,'2026-02-04 18:37:16'),(1637,'CL102195','6780',1365,1,'2026-02-04 18:37:16'),(1638,'CL102197','6802',1366,1,'2026-02-04 18:37:16'),(1639,'CL102198','6803',1367,1,'2026-02-04 18:37:16'),(1640,'CL102207','6829',1368,1,'2026-02-04 18:37:16'),(1641,'CL102208','6830',1369,1,'2026-02-04 18:37:16'),(1642,'CL102209','6279',1370,1,'2026-02-04 18:37:16'),(1643,'CL102210','6865',1371,1,'2026-02-04 18:37:16'),(1644,'CL102222','6905',1372,1,'2026-02-04 18:37:16'),(1645,'CL102225','6929',1373,1,'2026-02-04 18:37:16'),(1646,'CL102229','7006',1374,1,'2026-02-04 18:37:16'),(1647,'CL102232','7008',1376,1,'2026-02-04 18:37:16'),(1648,'CL102234','6997',1378,1,'2026-02-04 18:37:16'),(1649,'CL102235','6999',1379,1,'2026-02-04 18:37:16'),(1650,'CL102236','6996',1380,1,'2026-02-04 18:37:16'),(1651,'CL102241','7082',1381,1,'2026-02-04 18:37:17'),(1652,'CL102242','7081',1383,1,'2026-02-04 18:37:17'),(1653,'CL102244','7083',1384,1,'2026-02-04 18:37:17'),(1654,'CL102247','7085',1386,1,'2026-02-04 18:37:17'),(1655,'CL102248','7084',1387,1,'2026-02-04 18:37:17'),(1656,'CL102251','7153',1389,1,'2026-02-04 18:37:17'),(1657,'CL102252','7152',1390,1,'2026-02-04 18:37:17'),(1658,'CL102255','7154',1391,1,'2026-02-04 18:37:17'),(1659,'CL102260','7156',1392,1,'2026-02-04 18:37:17'),(1660,'CL102265','7211',1393,1,'2026-02-04 18:37:17'),(1661,'CL102266','7213',1394,1,'2026-02-04 18:37:17'),(1662,'CL102267','7212',1395,1,'2026-02-04 18:37:17'),(1663,'CL102269','7208',1396,1,'2026-02-04 18:37:17'),(1664,'CL102271','7209',1397,1,'2026-02-04 18:37:17'),(1665,'CL102274','7210',1398,1,'2026-02-04 18:37:17'),(1666,'CL102275','7214',1399,1,'2026-02-04 18:37:17'),(1667,'CL102277','7254',1400,1,'2026-02-04 18:37:17'),(1668,'CL102278','7253',1401,1,'2026-02-04 18:37:17'),(1669,'CL102282','7256',1402,1,'2026-02-04 18:37:17'),(1670,'CL102285','7313',1403,1,'2026-02-04 18:37:17'),(1671,'CL102286','7312',1404,1,'2026-02-04 18:37:17'),(1672,'CL102289','7314',1405,1,'2026-02-04 18:37:17'),(1673,'CL102291','7434',1406,1,'2026-02-04 18:37:17'),(1674,'CL102293','7315',1407,1,'2026-02-04 18:37:17'),(1675,'CL102296','7311',1408,1,'2026-02-04 18:37:17'),(1676,'CL102302','7499',1409,1,'2026-02-04 18:37:17'),(1677,'CL102315','7676',1410,1,'2026-02-04 18:37:17'),(1678,'CL102322','7706',1411,1,'2026-02-04 18:37:17'),(1679,'CL102325','7648',1412,1,'2026-02-04 18:37:17'),(1680,'CL102327','7773',1413,1,'2026-02-04 18:37:17'),(1681,'CL102332','7888',1414,1,'2026-02-04 18:37:17'),(1682,'CL102333','7660',1415,1,'2026-02-04 18:37:17'),(1683,'CL102334','7645',1416,1,'2026-02-04 18:37:17'),(1684,'CL102336','7661',1417,1,'2026-02-04 18:37:17'),(1685,'CL102339','7834',1418,1,'2026-02-04 18:37:17'),(1686,'CL102343','7647',1419,1,'2026-02-04 18:37:17'),(1687,'CL102351','7674',1420,1,'2026-02-04 18:37:17'),(1688,'CL102362','7887',1421,1,'2026-02-04 18:37:17'),(1689,'CL102364','7644',1422,1,'2026-02-04 18:37:17'),(1690,'CL102371','7794',1423,1,'2026-02-04 18:37:17'),(1691,'CL102372','8267',1424,1,'2026-02-04 18:37:17'),(1692,'CL102376','7982',1425,1,'2026-02-04 18:37:17'),(1693,'CL102377','7985',1426,1,'2026-02-04 18:37:17'),(1694,'CL102385','7804',1427,1,'2026-02-04 18:37:17'),(1695,'CL102392','7909',1428,1,'2026-02-04 18:37:17'),(1696,'CL102399','7803',1429,1,'2026-02-04 18:37:17'),(1697,'CL102404','8001',1430,1,'2026-02-04 18:37:17'),(1698,'CL102408','7799',1431,1,'2026-02-04 18:37:17'),(1699,'CL102409','7796',1432,1,'2026-02-04 18:37:17'),(1700,'CL102410','7797',1433,1,'2026-02-04 18:37:17'),(1701,'CL102413','8059',1434,1,'2026-02-04 18:37:17'),(1702,'CL102419','8268',1435,1,'2026-02-04 18:37:17'),(1703,'CL102420','8112',1436,1,'2026-02-04 18:37:17'),(1704,'CL102421','8017',1437,1,'2026-02-04 18:37:17'),(1705,'CL102429','8319',1438,1,'2026-02-04 18:37:17'),(1706,'CL102439','8109',1439,1,'2026-02-04 18:37:17'),(1707,'CL102440','8256',1440,1,'2026-02-04 18:37:17'),(1708,'CL102442','8204',1441,1,'2026-02-04 18:37:17'),(1709,'CL102448','8233',1442,1,'2026-02-04 18:37:17'),(1710,'CL102454','7286',1443,1,'2026-02-04 18:37:17'),(1711,'CL102456','8322',1444,1,'2026-02-04 18:37:17'),(1712,'CL102466','8201',1445,1,'2026-02-04 18:37:17'),(1713,'CL102467','8202',1446,1,'2026-02-04 18:37:17'),(1714,'CL102469','8207',1447,1,'2026-02-04 18:37:17'),(1715,'CL102472','8235',1448,1,'2026-02-04 18:37:17'),(1716,'CL102474','8237',1449,1,'2026-02-04 18:37:17'),(1717,'CL102476','8245',1450,1,'2026-02-04 18:37:17'),(1718,'CL102477','8244',1451,1,'2026-02-04 18:37:17'),(1719,'CL102479','8752',1452,1,'2026-02-04 18:37:17'),(1720,'CL102480','8527',1453,1,'2026-02-04 18:37:17'),(1721,'CL102481','6282',1454,1,'2026-02-04 18:37:17'),(1722,'CL102483','8336',1455,1,'2026-02-04 18:37:17'),(1723,'CL102496','8422',1456,1,'2026-02-04 18:37:17'),(1724,'CL102500','8751',1457,1,'2026-02-04 18:37:17'),(1725,'CL102501','8750',1458,1,'2026-02-04 18:37:17'),(1726,'CL102502','8749',1459,1,'2026-02-04 18:37:17'),(1727,'CL102503','8918',1460,1,'2026-02-04 18:37:17'),(1728,'CL102504','8917',1461,1,'2026-02-04 18:37:17'),(1729,'CL102505','8492',1462,1,'2026-02-04 18:37:17'),(1730,'CL102506','8515',1463,1,'2026-02-04 18:37:17'),(1731,'CL102509','8534',1464,1,'2026-02-04 18:37:17'),(1732,'CL102513','8543',1465,1,'2026-02-04 18:37:17'),(1733,'CL102514','8535',1466,1,'2026-02-04 18:37:17'),(1734,'CL102517','8548',380,1,'2026-02-04 18:37:17'),(1735,'CL102518','8724',1468,1,'2026-02-04 18:37:17'),(1736,'CL102519','8723',1469,1,'2026-02-04 18:37:17'),(1737,'CL102520','8808',1470,1,'2026-02-04 18:37:17'),(1738,'CL102522','8809',1471,1,'2026-02-04 18:37:17'),(1739,'CL102523','8810',1472,1,'2026-02-04 18:37:17'),(1740,'CL102528','8981',1473,1,'2026-02-04 18:37:17'),(1741,'CL102533','9533',1474,1,'2026-02-04 18:37:17'),(1742,'CL102538','6281',1475,1,'2026-02-04 18:37:17'),(1743,'CL102541','8815',1476,1,'2026-02-04 18:37:17'),(1744,'CL102542','8826',1477,1,'2026-02-04 18:37:17'),(1745,'CL102543','8816',1478,1,'2026-02-04 18:37:17'),(1746,'CL102546','8846',1479,1,'2026-02-04 18:37:17'),(1747,'CL102548','9210',1480,1,'2026-02-04 18:37:17'),(1748,'CL102550','8903',1481,1,'2026-02-04 18:37:17'),(1749,'CL102559','8914',1482,1,'2026-02-04 18:37:17'),(1750,'CL102560','9534',1483,1,'2026-02-04 18:37:17'),(1751,'CL102562','8934',1484,1,'2026-02-04 18:37:17'),(1752,'CL102563','8935',1485,1,'2026-02-04 18:37:17'),(1753,'CL102564','9499',1486,1,'2026-02-04 18:37:17'),(1754,'CL102565','8936',1487,1,'2026-02-04 18:37:17'),(1755,'CL102566','9160',1488,1,'2026-02-04 18:37:17'),(1756,'CL102568','8987',461,1,'2026-02-04 18:37:17'),(1757,'CL102569','9209',1490,1,'2026-02-04 18:37:17'),(1758,'CL102572','8988',1491,1,'2026-02-04 18:37:17'),(1759,'CL102574','9014',1492,1,'2026-02-04 18:37:17'),(1760,'CL102579','9317',1493,1,'2026-02-04 18:37:17'),(1761,'CL102580','9028',1494,1,'2026-02-04 18:37:17'),(1762,'CL102581','9027',1495,1,'2026-02-04 18:37:17'),(1763,'CL102583','9058',1496,1,'2026-02-04 18:37:17'),(1764,'CL102584','9480',1497,1,'2026-02-04 18:37:17'),(1765,'CL102585','9316',1498,1,'2026-02-04 18:37:17'),(1766,'CL102586','9097',1499,1,'2026-02-04 18:37:17'),(1767,'CL102592','9098',1500,1,'2026-02-04 18:37:17'),(1768,'CL102593','9481',1501,1,'2026-02-04 18:37:17'),(1769,'CL102596','9096',1502,1,'2026-02-04 18:37:17'),(1770,'CL102597','9099',1503,1,'2026-02-04 18:37:17'),(1771,'CL102600','9161',1504,1,'2026-02-04 18:37:17'),(1772,'CL102601','9482',1505,1,'2026-02-04 18:37:17'),(1773,'CL102602','7293',1506,1,'2026-02-04 18:37:17'),(1774,'CL102603','9162',1507,1,'2026-02-04 18:37:17'),(1775,'CL102607','9500',1508,1,'2026-02-04 18:37:17'),(1776,'CL102609','9483',1509,1,'2026-02-04 18:37:17'),(1777,'CL102610','9314',1510,1,'2026-02-04 18:37:17'),(1778,'CL102611','9265',1511,1,'2026-02-04 18:37:17'),(1779,'CL102615','9604',1512,1,'2026-02-04 18:37:17'),(1780,'CL102616','9606',1513,1,'2026-02-04 18:37:17'),(1781,'CL102620','9312',1514,1,'2026-02-04 18:37:17'),(1782,'CL102621','9313',1515,1,'2026-02-04 18:37:17'),(1783,'CL102623','9311',1516,1,'2026-02-04 18:37:17'),(1784,'CL102625','9310',1517,1,'2026-02-04 18:37:17'),(1785,'CL102626','9477',1518,1,'2026-02-04 18:37:17'),(1786,'CL102629','9478',1519,1,'2026-02-04 18:37:17'),(1787,'CL102631','9733',1520,1,'2026-02-04 18:37:17'),(1788,'CL102633','9457',1521,1,'2026-02-04 18:37:17'),(1789,'CL102636','9479',1522,1,'2026-02-04 18:37:17'),(1790,'CL102637','9488',1523,1,'2026-02-04 18:37:17'),(1791,'CL102638','9315',1189,1,'2026-02-04 18:37:17'),(1792,'CL102639','9864',1525,1,'2026-02-04 18:37:17'),(1793,'CL102640','9497',1526,1,'2026-02-04 18:37:17'),(1794,'CL102641','9556',1527,1,'2026-02-04 18:37:17'),(1795,'CL102645','9736',1528,1,'2026-02-04 18:37:17'),(1796,'CL102648','9542',1529,1,'2026-02-04 18:37:17'),(1797,'CL102652','9734',1530,1,'2026-02-04 18:37:17'),(1798,'CL102662','9865',1531,1,'2026-02-04 18:37:17'),(1799,'CL102664','9612',1532,1,'2026-02-04 18:37:17'),(1800,'CL102669','9873',1533,1,'2026-02-04 18:37:17'),(1801,'CL102673','9613',1534,1,'2026-02-04 18:37:17'),(1802,'CL102678','9646',1535,1,'2026-02-04 18:37:17'),(1803,'CL102680','9652',1536,1,'2026-02-04 18:37:17'),(1804,'CL102681','9820',1537,1,'2026-02-04 18:37:17'),(1805,'CL102683','9821',1538,1,'2026-02-04 18:37:18'),(1806,'CL102686','9818',1539,1,'2026-02-04 18:37:18'),(1807,'CL102687','9686',1540,1,'2026-02-04 18:37:18'),(1808,'CL102689','9874',1541,1,'2026-02-04 18:37:18'),(1809,'CL102691','9859',1542,1,'2026-02-04 18:37:18'),(1810,'CL102695','9763',1543,1,'2026-02-04 18:37:18'),(1811,'CL102701','9796',1544,1,'2026-02-04 18:37:18'),(1812,'CL102704','9949',1545,1,'2026-02-04 18:37:18'),(1813,'CL102708','9941',1546,1,'2026-02-04 18:37:18'),(1814,'CL102709','9853',1547,1,'2026-02-04 18:37:18'),(1815,'CL102712','9854',1548,1,'2026-02-04 18:37:18'),(1816,'CL102714','9819',1549,1,'2026-02-04 18:37:18'),(1817,'CL102715','9977',1550,1,'2026-02-04 18:37:18'),(1818,'CL102718','9978',1551,1,'2026-02-04 18:37:18'),(1819,'CL102719','9927',1552,1,'2026-02-04 18:37:18'),(1820,'CL102720','9952',1553,1,'2026-02-04 18:37:18'),(1821,'CL102725','9923',1554,1,'2026-02-04 18:37:18'),(1822,'CL102727','10059',518,1,'2026-02-04 18:37:18'),(1823,'CL102728','9922',1556,1,'2026-02-04 18:37:18'),(1824,'CL102732','9925',1557,1,'2026-02-04 18:37:18'),(1825,'CL102733','9938',1558,1,'2026-02-04 18:37:18'),(1826,'CL102734','10068',1559,1,'2026-02-04 18:37:18'),(1827,'CL102735','10069',1560,1,'2026-02-04 18:37:18'),(1828,'CL102740','9939',1561,1,'2026-02-04 18:37:18'),(1829,'CL102744','9981',1562,1,'2026-02-04 18:37:18'),(1830,'CL102749','9980',1563,1,'2026-02-04 18:37:18'),(1831,'CL102750','7487',1564,1,'2026-02-04 18:37:18'),(1832,'CL102751','9979',1565,1,'2026-02-04 18:37:18'),(1833,'CL102758','10036',1566,1,'2026-02-04 18:37:18'),(1834,'CL102759','10034',1567,1,'2026-02-04 18:37:18'),(1835,'CL102760','10035',1568,1,'2026-02-04 18:37:18'),(1836,'CL102761','10039',1569,1,'2026-02-04 18:37:18'),(1837,'CL102762','10038',1570,1,'2026-02-04 18:37:18'),(1838,'CL102763','10037',785,1,'2026-02-04 18:37:18'),(1839,'CL102764','10021',1572,1,'2026-02-04 18:37:18'),(1840,'CL102769','10061',1573,1,'2026-02-04 18:37:18'),(1841,'CL102771','10060',1574,1,'2026-02-04 18:37:18'),(1842,'CL102772','9577',1575,1,'2026-02-04 18:37:18'),(1843,'CL102774','10081',1576,1,'2026-02-04 18:37:18'),(1844,'CL102775','10080',1577,1,'2026-02-04 18:37:18'),(1845,'CL102778','10085',1578,1,'2026-02-04 18:37:18'),(1846,'CL102780','10082',1579,1,'2026-02-04 18:37:18'),(1847,'CL102781','10079',1580,1,'2026-02-04 18:37:18'),(1848,'CL102782','10097',1581,1,'2026-02-04 18:37:18'),(1849,'CL102788','10164',1582,1,'2026-02-04 18:37:18'),(1850,'CL102791','10161',1583,1,'2026-02-04 18:37:18'),(1851,'CL102792','10162',1584,1,'2026-02-04 18:37:18'),(1852,'CL102793','10163',1585,1,'2026-02-04 18:37:18'),(1853,'CL102794','10165',1586,1,'2026-02-04 18:37:18'),(1854,'CL102795','10167',1587,1,'2026-02-04 18:37:18'),(1855,'CL102796','10166',1588,1,'2026-02-04 18:37:18'),(1856,'CL102806','10174',15,1,'2026-02-04 18:37:18'),(1857,'CL102807','10173',1590,1,'2026-02-04 18:37:18'),(1858,'CL102808','10434',1591,1,'2026-02-04 18:37:18'),(1859,'CL102809','10225',1592,1,'2026-02-04 18:37:18'),(1860,'CL102810','10233',1593,1,'2026-02-04 18:37:18'),(1861,'CL102811','10227',1594,1,'2026-02-04 18:37:18'),(1862,'CL102812','10228',1595,1,'2026-02-04 18:37:18'),(1863,'CL102819','10230',1596,1,'2026-02-04 18:37:18'),(1864,'CL102822','10231',1597,1,'2026-02-04 18:37:18'),(1865,'CL102823','10234',1598,1,'2026-02-04 18:37:18'),(1866,'CL102825','10232',1599,1,'2026-02-04 18:37:18'),(1867,'CL102826','10262',1600,1,'2026-02-04 18:37:18'),(1868,'CL102829','10272',1601,1,'2026-02-04 18:37:18'),(1869,'CL102830','10452',1602,1,'2026-02-04 18:37:18'),(1870,'CL102836','10295',1603,1,'2026-02-04 18:37:18'),(1871,'CL102838','10294',1604,1,'2026-02-04 18:37:18'),(1872,'CL102842','10318',1605,1,'2026-02-04 18:37:18'),(1873,'CL102843','10320',1606,1,'2026-02-04 18:37:18'),(1874,'CL102844','10348',1607,1,'2026-02-04 18:37:18'),(1875,'CL102845','10349',1608,1,'2026-02-04 18:37:18'),(1876,'CL102848','10357',1609,1,'2026-02-04 18:37:18'),(1877,'CL102849','10362',1610,1,'2026-02-04 18:37:18'),(1878,'CL102852','10369',1611,1,'2026-02-04 18:37:18'),(1879,'CL102853','10403',1612,1,'2026-02-04 18:37:18'),(1880,'CL102854','10392',1613,1,'2026-02-04 18:37:18'),(1881,'CL102855','10393',1614,1,'2026-02-04 18:37:18'),(1882,'CL102857','10389',1615,1,'2026-02-04 18:37:18'),(1883,'CL102859','10390',1616,1,'2026-02-04 18:37:18'),(1884,'CL102861','10415',1617,1,'2026-02-04 18:37:18'),(1885,'CL102862','8229',1618,1,'2026-02-04 18:37:18'),(1886,'CL102863','10401',1619,1,'2026-02-04 18:37:18'),(1887,'CL102864','10402',342,1,'2026-02-04 18:37:18'),(1888,'CL102867','10432',1621,1,'2026-02-04 18:37:18'),(1889,'CL102869','10416',1622,1,'2026-02-04 18:37:18'),(1890,'CL102874','10442',1623,1,'2026-02-04 18:37:18'),(1891,'CL102875','10443',1624,1,'2026-02-04 18:37:18'),(1892,'CL102876','10444',1625,1,'2026-02-04 18:37:18'),(1893,'CL102878','10474',1626,1,'2026-02-04 18:37:18'),(1894,'CL102881','10449',1627,1,'2026-02-04 18:37:18'),(1895,'CL102883','10467',1628,1,'2026-02-04 18:37:18'),(1896,'CL102884','10491',1629,1,'2026-02-04 18:37:18'),(1897,'CL102887','10492',1630,1,'2026-02-04 18:37:18'),(1898,'CL102888','10496',611,1,'2026-02-04 18:37:18'),(1899,'CL102889','10506',1632,1,'2026-02-04 18:37:18'),(1900,'CL102890','10515',1633,1,'2026-02-04 18:37:18'),(1901,'CL102892','10514',1634,1,'2026-02-04 18:37:18'),(1902,'CL102895','10529',1635,1,'2026-02-04 18:37:18'),(1903,'CL102901','10565',1636,1,'2026-02-04 18:37:18'),(1904,'CL102907','10598',1637,1,'2026-02-04 18:37:18'),(1905,'CL102908','10597',1638,1,'2026-02-04 18:37:18'),(1906,'CL102909','10631',1639,1,'2026-02-04 18:37:18'),(1907,'CL102915','10596',1640,1,'2026-02-04 18:37:18'),(1908,'CL102916','10657',1641,1,'2026-02-04 18:37:18'),(1909,'CL102919','10595',1642,1,'2026-02-04 18:37:18'),(1910,'CL102923','10660',1643,1,'2026-02-04 18:37:18'),(1911,'CL102924','10659',1644,1,'2026-02-04 18:37:18'),(1912,'CL102927','10656',1645,1,'2026-02-04 18:37:18'),(1913,'CL102928','10671',1646,1,'2026-02-04 18:37:18'),(1914,'CL102934','10794',1647,1,'2026-02-04 18:37:18'),(1915,'CL102936','10793',1648,1,'2026-02-04 18:37:18'),(1916,'CL102944','10692',1649,1,'2026-02-04 18:37:18'),(1917,'CL102948','10796',1650,1,'2026-02-04 18:37:18'),(1918,'CL102952','10798',1651,1,'2026-02-04 18:37:18'),(1919,'CL102971','12014',1652,1,'2026-02-04 18:37:18'),(1920,'CL102974','10808',1653,1,'2026-02-04 18:37:18'),(1921,'CL102975','10807',1654,1,'2026-02-04 18:37:18'),(1922,'CL102976','10810',1655,1,'2026-02-04 18:37:18'),(1923,'CL102977','10809',1656,1,'2026-02-04 18:37:18'),(1924,'CL102981','10846',1657,1,'2026-02-04 18:37:18'),(1925,'CL102982','10847',1658,1,'2026-02-04 18:37:18'),(1926,'CL102988','10848',1659,1,'2026-02-04 18:37:18'),(1927,'CL102990','10849',1660,1,'2026-02-04 18:37:18'),(1928,'CL102991','10850',1661,1,'2026-02-04 18:37:18'),(1929,'CL102992','10872',1662,1,'2026-02-04 18:37:18'),(1930,'CL103001','10874',1663,1,'2026-02-04 18:37:18'),(1931,'CL103002','10875',1664,1,'2026-02-04 18:37:18'),(1932,'CL103020','11210',1665,1,'2026-02-04 18:37:18'),(1933,'CL103031','11011',1666,1,'2026-02-04 18:37:18'),(1934,'CL103042','11012',1667,1,'2026-02-04 18:37:18'),(1935,'CL103057','11549',1668,1,'2026-02-04 18:37:18'),(1936,'CL103059','11116',1669,1,'2026-02-04 18:37:18'),(1937,'CL103060','11206',1670,1,'2026-02-04 18:37:18'),(1938,'CL103087','11262',1671,1,'2026-02-04 18:37:18'),(1939,'CL103093','11306',1672,1,'2026-02-04 18:37:18'),(1940,'CL103094','11307',1673,1,'2026-02-04 18:37:18'),(1941,'CL103096','11303',1674,1,'2026-02-04 18:37:18'),(1942,'CL103099','11305',1675,1,'2026-02-04 18:37:18'),(1943,'CL103100','11339',1676,1,'2026-02-04 18:37:18'),(1944,'CL103101','11304',1677,1,'2026-02-04 18:37:18'),(1945,'CL103103','11183',1678,1,'2026-02-04 18:37:18'),(1946,'CL103108','11337',1679,1,'2026-02-04 18:37:18'),(1947,'CL103109','11336',1680,1,'2026-02-04 18:37:18'),(1948,'CL103116','11388',1681,1,'2026-02-04 18:37:18'),(1949,'CL103131','11515',1682,1,'2026-02-04 18:37:18'),(1950,'CL103139','11605',1683,1,'2026-02-04 18:37:18'),(1951,'CL103147','11672',1684,1,'2026-02-04 18:37:19'),(1952,'CL103149','11627',1685,1,'2026-02-04 18:37:19'),(1953,'CL103152','11603',1686,1,'2026-02-04 18:37:19'),(1954,'CL103154','11597',1687,1,'2026-02-04 18:37:19'),(1955,'CL103157','11600',1688,1,'2026-02-04 18:37:19'),(1956,'CL103159','11626',1689,1,'2026-02-04 18:37:19'),(1957,'CL103167','11697',154,1,'2026-02-04 18:37:19'),(1958,'CL103175','11691',1691,1,'2026-02-04 18:37:19'),(1959,'CL103179','11824',1692,1,'2026-02-04 18:37:19'),(1960,'CL103183','11692',1693,1,'2026-02-04 18:37:19'),(1961,'CL103191','11823',1694,1,'2026-02-04 18:37:19'),(1962,'CL103194','11821',1695,1,'2026-02-04 18:37:19'),(1963,'CL103196','11390',1696,1,'2026-02-04 18:37:19'),(1964,'CL103202','12018',1697,1,'2026-02-04 18:37:19'),(1965,'CL103207','12019',1698,1,'2026-02-04 18:37:19'),(1966,'CL103210','11819',1699,1,'2026-02-04 18:37:19'),(1967,'CL103212','11815',1700,1,'2026-02-04 18:37:19'),(1968,'CL103219','11820',1701,1,'2026-02-04 18:37:19'),(1969,'CL103220','11816',1702,1,'2026-02-04 18:37:19'),(1970,'CL103222','11875',1703,1,'2026-02-04 18:37:19'),(1971,'CL103227','11935',1704,1,'2026-02-04 18:37:19'),(1972,'CL103233','11936',1705,1,'2026-02-04 18:37:19'),(1973,'CL103248','12003',1706,1,'2026-02-04 18:37:19'),(1974,'CL103252','12010',1707,1,'2026-02-04 18:37:19'),(1975,'CL103259','12025',1708,1,'2026-02-04 18:37:19'),(1976,'CL103263','12022',1709,1,'2026-02-04 18:37:19'),(1977,'CL103265','12016',1710,1,'2026-02-04 18:37:19'),(1978,'CL103267','12024',1711,1,'2026-02-04 18:37:19'),(1979,'CL103269','12026',1712,1,'2026-02-04 18:37:19'),(1980,'CL103281','11194',1713,1,'2026-02-04 18:37:19'),(1981,'CL103285','12076',1714,1,'2026-02-04 18:37:19'),(1982,'CL103289','14025',1715,1,'2026-02-04 18:37:19'),(1983,'CL103331','12268',960,1,'2026-02-04 18:37:19'),(1984,'CL103345','12339',1717,1,'2026-02-04 18:37:19'),(1985,'CL103369','12546',1718,1,'2026-02-04 18:37:19'),(1986,'CL103379','12540',1719,1,'2026-02-04 18:37:19'),(1987,'CL103411','12776',1720,1,'2026-02-04 18:37:19'),(1988,'CL103457','12874',1721,1,'2026-02-04 18:37:19'),(1989,'CL103514','15203',1722,1,'2026-02-04 18:37:19'),(1990,'CL103521','13290',1723,1,'2026-02-04 18:37:19'),(1991,'CL103547','11992',1724,1,'2026-02-04 18:37:19'),(1992,'CL103553','13250',1725,1,'2026-02-04 18:37:19'),(1993,'CL103557','13341',1726,1,'2026-02-04 18:37:19'),(1994,'CL103584','13402',1727,1,'2026-02-04 18:37:19'),(1995,'CL103601','10834',1728,1,'2026-02-04 18:37:19'),(1996,'CL103610','13560',1729,1,'2026-02-04 18:37:19'),(1997,'CL103658','14029',1730,1,'2026-02-04 18:37:19'),(1998,'CL103695','13938',1731,1,'2026-02-04 18:37:19'),(1999,'CL103725','14456',1732,1,'2026-02-04 18:37:19'),(2000,'CL103736','14407',1733,1,'2026-02-04 18:37:19'),(2001,'CL103788','11154',1734,1,'2026-02-04 18:37:19'),(2002,'CL103814','14539',1735,1,'2026-02-04 18:37:19'),(2003,'CL103832','14800',1736,1,'2026-02-04 18:37:19'),(2004,'CL103834','14622',1737,1,'2026-02-04 18:37:19'),(2005,'CL103835','14987',1738,1,'2026-02-04 18:37:19'),(2006,'CL103838','14758',1739,1,'2026-02-04 18:37:19'),(2007,'CL103841','12725',1740,1,'2026-02-04 18:37:19'),(2008,'CL103866','14745',1741,1,'2026-02-04 18:37:19'),(2009,'CL103872','15025',1742,1,'2026-02-04 18:37:19'),(2010,'CL103873','15068',1743,1,'2026-02-04 18:37:19'),(2011,'CL103875','14986',1744,1,'2026-02-04 18:37:19'),(2012,'CL103877','15072',1745,1,'2026-02-04 18:37:19'),(2013,'CL103889','10357',1609,1,'2026-02-04 18:37:19'),(2014,'CL103890','15106',1747,1,'2026-02-04 18:37:19'),(2015,'CL103910','15105',1748,1,'2026-02-04 18:37:19'),(2016,'CL103911','15075',1749,1,'2026-02-04 18:37:19'),(2017,'CL103913','15095',1750,1,'2026-02-04 18:37:19'),(2018,'CL103915','14954',1751,1,'2026-02-04 18:37:19'),(2019,'CL103920','15097',1752,1,'2026-02-04 18:37:19'),(2020,'CL103922','15065',1753,1,'2026-02-04 18:37:19'),(2021,'CL103924','15078',1754,1,'2026-02-04 18:37:19'),(2022,'CL103925','14974',1755,1,'2026-02-04 18:37:19'),(2023,'CL103928','7139',1756,1,'2026-02-04 18:37:19'),(2024,'CL103929','15063',1757,1,'2026-02-04 18:37:19'),(2025,'CL103930','15064',1758,1,'2026-02-04 18:37:19'),(2026,'CL103932','15066',1759,1,'2026-02-04 18:37:19'),(2027,'CL103933','15071',1760,1,'2026-02-04 18:37:19'),(2028,'CL103936','15102',1761,1,'2026-02-04 18:37:19'),(2029,'CL103937','15094',1762,1,'2026-02-04 18:37:19'),(2030,'CL103942','15101',1763,1,'2026-02-04 18:37:19'),(2031,'CL103944','14922',1764,1,'2026-02-04 18:37:19'),(2032,'CL103945','15076',1765,1,'2026-02-04 18:37:19'),(2033,'CL103946','15103',1766,1,'2026-02-04 18:37:19'),(2034,'CL103947','15104',1767,1,'2026-02-04 18:37:19'),(2035,'CL103948','15174',1768,1,'2026-02-04 18:37:19'),(2036,'CL103949','15194',1769,1,'2026-02-04 18:37:19'),(2037,'CL103950','15193',1770,1,'2026-02-04 18:37:19'),(2038,'CL103955','15175',1771,1,'2026-02-04 18:37:19'),(2039,'CL103958','15188',1772,1,'2026-02-04 18:37:19'),(2040,'CL103959','15189',1773,1,'2026-02-04 18:37:19'),(2041,'CL103964','15336',1774,1,'2026-02-04 18:37:19'),(2042,'CL103969','14877',1775,1,'2026-02-04 18:37:19'),(2043,'CL103971','15205',1776,1,'2026-02-04 18:37:19'),(2044,'CL103972','15206',1777,1,'2026-02-04 18:37:19'),(2045,'CL103973','15384',1778,1,'2026-02-04 18:37:19'),(2046,'CL103978','15345',1779,1,'2026-02-04 18:37:19'),(2047,'CL103979','15417',1780,1,'2026-02-04 18:37:19'),(2048,'CL103981','14876',1781,1,'2026-02-04 18:37:19'),(2049,'CL103983','15374',1782,1,'2026-02-04 18:37:19'),(2050,'CL103984','15348',1783,1,'2026-02-04 18:37:19'),(2051,'CL103985','13785',1784,1,'2026-02-04 18:37:19'),(2052,'CL103986','14923',1785,1,'2026-02-04 18:37:19'),(2053,'CL103989','13595',1786,1,'2026-02-04 18:37:19'),(2054,'CL103992','12251',1787,1,'2026-02-04 18:37:19'),(2055,'CL103993','15207',1788,1,'2026-02-04 18:37:19'),(2056,'CL103995','15512',1789,1,'2026-02-04 18:37:19'),(2057,'CL104001','15350',1790,1,'2026-02-04 18:37:19'),(2058,'CL104005','15088',1791,1,'2026-02-04 18:37:19'),(2059,'CL104007','15090',1792,1,'2026-02-04 18:37:19'),(2060,'CL104011','15037',1793,1,'2026-02-04 18:37:19'),(2061,'CL104012','15091',1794,1,'2026-02-04 18:37:19'),(2062,'CL104023','15349',1795,1,'2026-02-04 18:37:19'),(2063,'CL104031','15581',1796,1,'2026-02-04 18:37:19'),(2064,'CL104033','15070',1797,1,'2026-02-04 18:37:19'),(2065,'CL104036','15092',1798,1,'2026-02-04 18:37:19'),(2066,'CL104038','15190',1799,1,'2026-02-04 18:37:19'),(2067,'CL104039','7034',1800,1,'2026-02-04 18:37:19'),(2068,'CL104040','15204',1802,1,'2026-02-04 18:37:19'),(2069,'CL104043','15387',1803,1,'2026-02-04 18:37:19'),(2070,'CL104047','15339',1804,1,'2026-02-04 18:37:19'),(2071,'CL104049','15266',1805,1,'2026-02-04 18:37:19'),(2072,'CL104053','15265',1806,1,'2026-02-04 18:37:19'),(2073,'CL104054','15145',1807,1,'2026-02-04 18:37:19'),(2074,'CL104056','15149',1808,1,'2026-02-04 18:37:19'),(2075,'CL104058','15691',1809,1,'2026-02-04 18:37:19'),(2076,'CL104060','6167',1810,1,'2026-02-04 18:37:19'),(2077,'CL104068','15595',1811,1,'2026-02-04 18:37:19'),(2078,'CL104070','15341',1812,1,'2026-02-04 18:37:19'),(2079,'CL104071','15635',1813,1,'2026-02-04 18:37:19'),(2080,'CL104073','15176',1814,1,'2026-02-04 18:37:19'),(2081,'CL104074','15209',1815,1,'2026-02-04 18:37:19'),(2082,'CL104075','15583',1816,1,'2026-02-04 18:37:19'),(2083,'CL104077','15210',1817,1,'2026-02-04 18:37:19'),(2084,'CL104078','15212',1818,1,'2026-02-04 18:37:19'),(2085,'CL104079','15211',1819,1,'2026-02-04 18:37:19'),(2086,'CL104080','15213',1820,1,'2026-02-04 18:37:19'),(2087,'CL104082','15688',1821,1,'2026-02-04 18:37:19'),(2088,'CL104084','15410',1822,1,'2026-02-04 18:37:19'),(2089,'CL104086','15388',1823,1,'2026-02-04 18:37:19'),(2090,'CL104087','15584',1824,1,'2026-02-04 18:37:19'),(2091,'CL104088','15585',1825,1,'2026-02-04 18:37:19'),(2092,'CL104089','14915',1826,1,'2026-02-04 18:37:19'),(2093,'CL104090','15636',1827,1,'2026-02-04 18:37:19'),(2094,'CL104091','11904',1828,1,'2026-02-04 18:37:19'),(2095,'CL104092','14744',1829,1,'2026-02-04 18:37:19'),(2096,'CL104093','11345',1830,1,'2026-02-04 18:37:19'),(2097,'CL104100','15342',1831,1,'2026-02-04 18:37:19'),(2098,'CL104102','15601',1832,1,'2026-02-04 18:37:19'),(2099,'CL104105','15689',1833,1,'2026-02-04 18:37:19'),(2100,'CL104112','15690',1834,1,'2026-02-04 18:37:19'),(2101,'CL104113','15740',1835,1,'2026-02-04 18:37:19'),(2102,'CL104114','10926',1836,1,'2026-02-04 18:37:19'),(2103,'CL104145','15850',1837,1,'2026-02-04 18:37:20'),(2104,'CL104146','15919',1838,1,'2026-02-04 18:37:20'),(2105,'CL104149','15646',1839,1,'2026-02-04 18:37:20'),(2106,'CL104166','15594',1840,1,'2026-02-04 18:37:20'),(2107,'CL104169','15702',1841,1,'2026-02-04 18:37:20'),(2108,'CL104176','15975',1842,1,'2026-02-04 18:37:20'),(2109,'CL104182','16061',1843,1,'2026-02-04 18:37:20'),(2110,'CL104183','16032',1844,1,'2026-02-04 18:37:20'),(2111,'CL104193','16141',1845,1,'2026-02-04 18:37:20'),(2112,'CL104200','16050',1846,1,'2026-02-04 18:37:20'),(2113,'CL104202','15796',1847,1,'2026-02-04 18:37:20'),(2114,'CL104217','15909',1848,1,'2026-02-04 18:37:20'),(2115,'CL104239','16006',1849,1,'2026-02-04 18:37:20'),(2116,'CL104261','16077',1850,1,'2026-02-04 18:37:20'),(2117,'CL800335','11559',1851,1,'2026-02-04 18:37:20'),(2118,'CL800376','7460',1852,1,'2026-02-04 18:37:20'),(2119,'CL800683','7010',1853,1,'2026-02-04 18:37:20'),(2120,'CL102132','024273',1854,1,'2026-02-04 18:48:25'),(2121,'CL102223','017904',1855,1,'2026-02-04 18:48:56'),(2122,'CL102402','024484',1856,1,'2026-02-04 18:48:56'),(2123,'CL102484','008356',1857,1,'2026-02-04 18:48:56'),(2124,'CL102647','002632',1858,1,'2026-02-04 18:48:56'),(2125,'CL102886','000746',1859,1,'2026-02-04 18:48:56'),(2126,'CL103051','004070',1860,1,'2026-02-04 18:48:56'),(2127,'CL103117','011327',1861,1,'2026-02-04 18:48:56'),(2128,'CL103261','003546',1862,1,'2026-02-04 18:48:56');
/*!40000 ALTER TABLE `traductor_pil_bms` ENABLE KEYS */;
UNLOCK TABLES;

--
-- Table structure for table `usuarios`
--

DROP TABLE IF EXISTS `usuarios`;
/*!40101 SET @saved_cs_client     = @@character_set_client */;
/*!50503 SET character_set_client = utf8mb4 */;
CREATE TABLE `usuarios` (
  `id` int NOT NULL AUTO_INCREMENT,
  `nombre` varchar(100) DEFAULT NULL,
  `email` varchar(100) DEFAULT NULL,
  `password` varchar(255) DEFAULT NULL,
  `reset_code` varchar(6) DEFAULT NULL,
  `reset_code_expires` datetime DEFAULT NULL,
  `google_id` varchar(100) DEFAULT NULL,
  `foto_perfil` varchar(500) DEFAULT NULL,
  `rol` enum('admin','usuario','operador') DEFAULT 'usuario',
  `activo` tinyint(1) DEFAULT '1',
  `ultimo_acceso` timestamp NULL DEFAULT NULL,
  `created_at` timestamp NULL DEFAULT CURRENT_TIMESTAMP,
  PRIMARY KEY (`id`),
  UNIQUE KEY `email` (`email`),
  UNIQUE KEY `google_id` (`google_id`)
) ENGINE=InnoDB AUTO_INCREMENT=15 DEFAULT CHARSET=utf8mb4 COLLATE=utf8mb4_0900_ai_ci;
/*!40101 SET character_set_client = @saved_cs_client */;

--
-- Dumping data for table `usuarios`
--

LOCK TABLES `usuarios` WRITE;
/*!40000 ALTER TABLE `usuarios` DISABLE KEYS */;
INSERT INTO `usuarios` VALUES (1,'Admin','admin@test.com','HASH',NULL,NULL,NULL,NULL,'admin',1,NULL,'2026-01-05 15:54:30'),(2,'Administrador','admin@broomgroup.cl','$2b$10$3h//Z3ZqLptkeWgCjG2OZumqHGzmnBHf59baX.tOSc5z4slGPVZ6y',NULL,NULL,NULL,NULL,'admin',1,'2026-01-15 13:42:18','2026-01-05 15:57:25'),(3,'Usuario Demo','usuario@broomgroup.cl','$2b$10$vZYqrc/ybflxZ9jwkWQzH.BSPrfxb4C7md2F6FxhUu0ML3fHSwSDK',NULL,NULL,NULL,NULL,'usuario',1,NULL,'2026-01-05 15:57:25'),(4,'Operador PIL','operador@broomgroup.cl','$2b$10$JOWZGjoiQDS.UbpVysRqW.aaaKPtsvtNGqFKDvm.e4v2aNm4UsaC6',NULL,NULL,NULL,NULL,'usuario',1,NULL,'2026-01-05 15:57:25'),(11,'ALMENDRA . PAVEZ BRIONES','alm.pavez@duocuc.cl','$2b$10$7JuZvKSpr83D6nsED85q7eEKNOPQnWwPAWzbHQmPTqL/wau7nnEhu',NULL,NULL,'109974620391524188812','https://lh3.googleusercontent.com/a/ACg8ocJX9NpuUVtjCQ8MJblKShTEFYv3PNf39oilwZyoqb5rs-SJRheK=s96-c','usuario',1,'2026-01-15 12:05:32','2026-01-14 19:35:31'),(12,'Almendra Pavez','sujuu.aesthetic@gmail.com',NULL,NULL,NULL,'105074930850393443271','https://lh3.googleusercontent.com/a/ACg8ocJbjauv5cDjV7sUX2U04YnnbmPpzFtk6_maM6XovfyHtMp20VCt=s96-c','usuario',1,'2026-01-14 19:45:04','2026-01-14 19:45:04'),(13,'Almendra Pavez','apavez@broomgroup.com','$2b$10$yWQiaIlxrCxsshN.ufEryuc6RSY2PqiWi1Hg6Oayjtxlc.jpm9T86',NULL,NULL,'110618013735854447228','https://lh3.googleusercontent.com/a/ACg8ocKm6aiKTAYIgpklib37xzzBnUw8OyEF2869SC2TS-s5U1q_=s96-c','admin',1,'2026-02-03 12:15:07','2026-01-14 19:52:52'),(14,'Ignacio Riffo','iriffo@broomgroup.com','$2b$10$Z5juSy16cRyuLzfcEVovseYwWctwNAXk3VZ/fJVNvFZhTGrAk6Hda',NULL,NULL,'116800619475280199632','https://lh3.googleusercontent.com/a/ACg8ocK5_I2T_oyvtMK04lQaFHbYhaCquTYab5LCZRdxcJkqVDJJMg=s96-c','admin',1,'2026-02-04 19:28:00','2026-01-15 14:23:48');
/*!40000 ALTER TABLE `usuarios` ENABLE KEYS */;
UNLOCK TABLES;
/*!40103 SET TIME_ZONE=@OLD_TIME_ZONE */;

/*!40101 SET SQL_MODE=@OLD_SQL_MODE */;
/*!40014 SET FOREIGN_KEY_CHECKS=@OLD_FOREIGN_KEY_CHECKS */;
/*!40014 SET UNIQUE_CHECKS=@OLD_UNIQUE_CHECKS */;
/*!40101 SET CHARACTER_SET_CLIENT=@OLD_CHARACTER_SET_CLIENT */;
/*!40101 SET CHARACTER_SET_RESULTS=@OLD_CHARACTER_SET_RESULTS */;
/*!40101 SET COLLATION_CONNECTION=@OLD_COLLATION_CONNECTION */;
/*!40111 SET SQL_NOTES=@OLD_SQL_NOTES */;

-- Dump completed on 2026-02-04 16:57:31
