-- MySQL dump 10.13  Distrib 8.0.44, for Win64 (x86_64)
--
-- Host: 127.0.0.1    Database: sga
-- ------------------------------------------------------
-- Server version	8.0.44

/*!40101 SET @OLD_CHARACTER_SET_CLIENT=@@CHARACTER_SET_CLIENT */;
/*!40101 SET @OLD_CHARACTER_SET_RESULTS=@@CHARACTER_SET_RESULTS */;
/*!40101 SET @OLD_COLLATION_CONNECTION=@@COLLATION_CONNECTION */;
/*!50503 SET NAMES utf8 */;
/*!40103 SET @OLD_TIME_ZONE=@@TIME_ZONE */;
/*!40103 SET TIME_ZONE='+00:00' */;
/*!40014 SET @OLD_UNIQUE_CHECKS=@@UNIQUE_CHECKS, UNIQUE_CHECKS=0 */;
/*!40014 SET @OLD_FOREIGN_KEY_CHECKS=@@FOREIGN_KEY_CHECKS, FOREIGN_KEY_CHECKS=0 */;
/*!40101 SET @OLD_SQL_MODE=@@SQL_MODE, SQL_MODE='NO_AUTO_VALUE_ON_ZERO' */;
/*!40111 SET @OLD_SQL_NOTES=@@SQL_NOTES, SQL_NOTES=0 */;

--
-- Table structure for table `bl_contenedor_imo`
--

DROP TABLE IF EXISTS `bl_contenedor_imo`;
/*!40101 SET @saved_cs_client     = @@character_set_client */;
/*!50503 SET character_set_client = utf8mb4 */;
CREATE TABLE `bl_contenedor_imo` (
  `id` int NOT NULL AUTO_INCREMENT,
  `contenedor_id` bigint unsigned NOT NULL,
  `clase_imo` varchar(5) NOT NULL,
  `numero_imo` varchar(10) NOT NULL,
  `created_at` timestamp NULL DEFAULT CURRENT_TIMESTAMP,
  PRIMARY KEY (`id`),
  UNIQUE KEY `uq_contenedor_imo` (`contenedor_id`,`clase_imo`,`numero_imo`),
  CONSTRAINT `fk_imo_contenedor` FOREIGN KEY (`contenedor_id`) REFERENCES `bl_contenedores` (`id`) ON DELETE CASCADE
) ENGINE=InnoDB AUTO_INCREMENT=551 DEFAULT CHARSET=utf8mb4 COLLATE=utf8mb4_0900_ai_ci;
/*!40101 SET character_set_client = @saved_cs_client */;

--
-- Dumping data for table `bl_contenedor_imo`
--

LOCK TABLES `bl_contenedor_imo` WRITE;
/*!40000 ALTER TABLE `bl_contenedor_imo` DISABLE KEYS */;
INSERT INTO `bl_contenedor_imo` VALUES (546,1282,'9','3077','2026-01-30 17:57:10'),(547,1283,'9','3077','2026-01-30 17:57:10'),(548,1284,'9','3077','2026-01-30 17:57:10'),(549,1285,'9','3077','2026-01-30 17:57:10'),(550,1286,'9','3077','2026-01-30 17:57:10');
/*!40000 ALTER TABLE `bl_contenedor_imo` ENABLE KEYS */;
UNLOCK TABLES;

--
-- Table structure for table `bl_contenedor_sellos`
--

DROP TABLE IF EXISTS `bl_contenedor_sellos`;
/*!40101 SET @saved_cs_client     = @@character_set_client */;
/*!50503 SET character_set_client = utf8mb4 */;
CREATE TABLE `bl_contenedor_sellos` (
  `id` bigint unsigned NOT NULL AUTO_INCREMENT,
  `contenedor_id` bigint unsigned NOT NULL,
  `sello` varchar(35) NOT NULL,
  `created_at` timestamp NULL DEFAULT CURRENT_TIMESTAMP,
  PRIMARY KEY (`id`),
  UNIQUE KEY `uq_contenedor_sello` (`contenedor_id`,`sello`),
  KEY `idx_sello` (`sello`),
  CONSTRAINT `fk_sello_contenedor` FOREIGN KEY (`contenedor_id`) REFERENCES `bl_contenedores` (`id`) ON DELETE CASCADE
) ENGINE=InnoDB AUTO_INCREMENT=2281 DEFAULT CHARSET=utf8mb4 COLLATE=utf8mb4_0900_ai_ci;
/*!40101 SET character_set_client = @saved_cs_client */;

--
-- Dumping data for table `bl_contenedor_sellos`
--

LOCK TABLES `bl_contenedor_sellos` WRITE;
/*!40000 ALTER TABLE `bl_contenedor_sellos` DISABLE KEYS */;
INSERT INTO `bl_contenedor_sellos` VALUES (1482,1036,'3385964','2026-01-22 20:17:55'),(1483,1036,'CLOO2204','2026-01-22 20:17:55'),(1484,1037,'3386612','2026-01-22 20:17:56'),(1485,1037,'BZ023016','2026-01-22 20:17:56'),(1486,1038,'BZ023704','2026-01-22 20:17:56'),(1487,1039,'BZ023783','2026-01-22 20:17:56'),(1488,1040,'BZ023702','2026-01-22 20:17:56'),(1489,1041,'3386059','2026-01-22 20:17:56'),(1490,1041,'CL007774','2026-01-22 20:17:56'),(1491,1042,'BZ023785','2026-01-22 20:17:56'),(1492,1043,'BZ023786','2026-01-22 20:17:56'),(1493,1044,'0001503','2026-01-22 20:17:56'),(1494,1044,'CL006234','2026-01-22 20:17:56'),(1495,1045,'BZ023781','2026-01-22 20:17:56'),(1496,1046,'BZ023782','2026-01-22 20:17:56'),(1497,1047,'BZ023719','2026-01-22 20:17:56'),(1498,1048,'0001564','2026-01-22 20:17:56'),(1499,1048,'CL006146','2026-01-22 20:17:56'),(1500,1049,'BZ023718','2026-01-22 20:17:56'),(1501,1050,'CL006147','2026-01-22 20:17:56'),(1502,1051,'CL006235','2026-01-22 20:17:56'),(1503,1052,'BZ023720','2026-01-22 20:17:56'),(1504,1053,'774951','2026-01-22 20:17:56'),(1505,1053,'BZ027262','2026-01-22 20:17:56'),(1506,1054,'BZ023701','2026-01-22 20:17:56'),(1507,1055,'BZ027264','2026-01-22 20:17:56'),(1508,1056,'JG65905','2026-01-22 20:17:56'),(1509,1056,'BZ027239','2026-01-22 20:17:56'),(1510,1057,'BZ027261','2026-01-22 20:17:56'),(1511,1058,'CL007865','2026-01-22 20:17:56'),(1512,1059,'CL006249','2026-01-22 20:17:56'),(1513,1060,'CL006200','2026-01-22 20:17:56'),(1514,1061,'0001580','2026-01-22 20:17:56'),(1515,1061,'CL006240','2026-01-22 20:17:56'),(1516,1062,'CL006238','2026-01-22 20:17:56'),(1517,1063,'BZ023705','2026-01-22 20:17:56'),(1518,1064,'BZ023784','2026-01-22 20:17:56'),(1519,1065,'1284503','2026-01-22 20:17:56'),(1520,1065,'BZ023703','2026-01-22 20:17:56'),(1521,1066,'1284528','2026-01-22 20:17:56'),(1522,1066,'BZ023708','2026-01-22 20:17:56'),(2271,1282,'0524817','2026-01-30 17:57:10'),(2272,1282,'CL006014','2026-01-30 17:57:10'),(2273,1283,'0525049','2026-01-30 17:57:10'),(2274,1283,'CL006203','2026-01-30 17:57:10'),(2275,1284,'0524814','2026-01-30 17:57:10'),(2276,1284,'CL006204','2026-01-30 17:57:10'),(2277,1285,'0524817','2026-01-30 17:57:10'),(2278,1285,'CL006201','2026-01-30 17:57:10'),(2279,1286,'0525092','2026-01-30 17:57:10'),(2280,1286,'CL006202','2026-01-30 17:57:10');
/*!40000 ALTER TABLE `bl_contenedor_sellos` ENABLE KEYS */;
UNLOCK TABLES;

--
-- Table structure for table `bl_contenedores`
--

DROP TABLE IF EXISTS `bl_contenedores`;
/*!40101 SET @saved_cs_client     = @@character_set_client */;
/*!50503 SET character_set_client = utf8mb4 */;
CREATE TABLE `bl_contenedores` (
  `id` bigint unsigned NOT NULL AUTO_INCREMENT,
  `bl_id` int NOT NULL,
  `item_id` bigint unsigned DEFAULT NULL,
  `codigo` varchar(11) NOT NULL,
  `sigla` char(4) DEFAULT NULL,
  `numero` char(6) DEFAULT NULL,
  `digito` char(1) DEFAULT NULL,
  `tipo_cnt` varchar(10) DEFAULT NULL,
  `carga_cnt` char(1) DEFAULT NULL,
  `peso` decimal(12,3) DEFAULT NULL,
  `unidad_peso` char(3) DEFAULT NULL,
  `volumen` decimal(12,3) DEFAULT NULL,
  `unidad_volumen` char(3) DEFAULT NULL,
  `created_at` timestamp NULL DEFAULT CURRENT_TIMESTAMP,
  `updated_at` timestamp NULL DEFAULT CURRENT_TIMESTAMP ON UPDATE CURRENT_TIMESTAMP,
  PRIMARY KEY (`id`),
  UNIQUE KEY `uq_bl_container` (`bl_id`,`codigo`),
  KEY `idx_cont_bl` (`bl_id`),
  KEY `idx_cont_item` (`item_id`),
  CONSTRAINT `fk_cont_bl` FOREIGN KEY (`bl_id`) REFERENCES `bls` (`id`) ON DELETE CASCADE,
  CONSTRAINT `fk_cont_item` FOREIGN KEY (`item_id`) REFERENCES `bl_items` (`id`) ON DELETE SET NULL
) ENGINE=InnoDB AUTO_INCREMENT=1287 DEFAULT CHARSET=utf8mb4 COLLATE=utf8mb4_0900_ai_ci;
/*!40101 SET character_set_client = @saved_cs_client */;

--
-- Dumping data for table `bl_contenedores`
--

LOCK TABLES `bl_contenedores` WRITE;
/*!40000 ALTER TABLE `bl_contenedores` DISABLE KEYS */;
INSERT INTO `bl_contenedores` VALUES (1036,1605,769,'PCIU6145022','PCIU','614502','2','45R1','S',227225.500,'KGM',500.000,'MTQ','2026-01-22 20:17:55','2026-01-22 20:17:55'),(1037,1606,770,'FBIU5713580','FBIU','571358','0','45R1','S',227734.700,'KGM',500.000,'MTQ','2026-01-22 20:17:56','2026-01-22 20:17:56'),(1038,1607,771,'PIDU2013592','PIDU','201359','2','22G1','S',108198.000,'KGM',191.500,'MTQ','2026-01-22 20:17:56','2026-01-22 20:17:56'),(1039,1608,772,'PCIU1315743','PCIU','131574','3','22G1','S',108050.000,'KGM',297.000,'MTQ','2026-01-22 20:17:56','2026-01-22 20:17:56'),(1040,1609,773,'PCIU1952588','PCIU','195258','8','22G1','S',138000.000,'KGM',230.000,'MTQ','2026-01-22 20:17:56','2026-01-22 20:17:56'),(1041,1610,774,'GCXU8010899','GCXU','801089','9','45R1','S',221827.700,'KGM',500.000,'MTQ','2026-01-22 20:17:56','2026-01-22 20:17:56'),(1042,1611,775,'PIDU4486547','PIDU','448654','7','45G1','S',216300.000,'KGM',428.400,'MTQ','2026-01-22 20:17:56','2026-01-22 20:17:56'),(1043,1612,776,'PIDU4055555','PIDU','405555','5','45G1','S',216300.000,'KGM',0.000,'MTQ','2026-01-22 20:17:56','2026-01-22 20:17:56'),(1044,1613,777,'PIDU4348194','PIDU','434819','4','45G1','S',251500.000,'KGM',0.000,'MTQ','2026-01-22 20:17:56','2026-01-22 20:17:56'),(1045,1614,778,'FBIU5413176','FBIU','541317','6','45R1','S',252000.000,'KGM',0.000,'MTQ','2026-01-22 20:17:56','2026-01-22 20:17:56'),(1046,1615,779,'PCIU6144047','PCIU','614404','7','45R1','S',252000.000,'KGM',0.000,'MTQ','2026-01-22 20:17:56','2026-01-22 20:17:56'),(1047,1616,780,'OTPU6612597','OTPU','661259','7','45R1','S',252000.000,'KGM',0.000,'MTQ','2026-01-22 20:17:56','2026-01-22 20:17:56'),(1048,1617,781,'FFAU6246653','FFAU','624665','3','45G1','S',254100.000,'KGM',0.000,'MTQ','2026-01-22 20:17:56','2026-01-22 20:17:56'),(1049,1618,782,'FBIU5165090','FBIU','516509','0','45R1','S',227929.900,'KGM',500.000,'MTQ','2026-01-22 20:17:56','2026-01-22 20:17:56'),(1050,1619,783,'CAAU7968580','CAAU','796858','0','45G1','S',237054.800,'KGM',459.200,'MTQ','2026-01-22 20:17:56','2026-01-22 20:17:56'),(1051,1619,783,'CAAU8282785','CAAU','828278','5','45G1','S',237391.200,'KGM',457.600,'MTQ','2026-01-22 20:17:56','2026-01-22 20:17:56'),(1052,1620,784,'CAIU3316993','CAIU','331699','3','22G1','S',209200.000,'KGM',170.000,'MTQ','2026-01-22 20:17:56','2026-01-22 20:17:56'),(1053,1621,785,'FFAU5810368','FFAU','581036','8','45G1','S',241293.000,'KGM',460.000,'MTQ','2026-01-22 20:17:56','2026-01-22 20:17:56'),(1054,1622,786,'PCIU0131660','PCIU','013166','0','22G1','S',110000.000,'KGM',220.000,'MTQ','2026-01-22 20:17:56','2026-01-22 20:17:56'),(1055,1623,787,'PIDU4479527','PIDU','447952','7','45G1','S',244856.000,'KGM',650.000,'MTQ','2026-01-22 20:17:56','2026-01-22 20:17:56'),(1056,1624,788,'FFAU5291030','FFAU','529103','0','45G1','S',230760.000,'KGM',0.000,'MTQ','2026-01-22 20:17:56','2026-01-22 20:17:56'),(1057,1625,789,'FFAU4954247','FFAU','495424','7','45G1','S',252070.600,'KGM',415.500,'MTQ','2026-01-22 20:17:56','2026-01-22 20:17:56'),(1058,1626,790,'BEAU9733520','BEAU','973352','0','45R1','S',250740.000,'KGM',0.000,'MTQ','2026-01-22 20:17:56','2026-01-22 20:17:56'),(1059,1627,791,'PCIU6135169','PCIU','613516','9','45R1','S',250740.000,'KGM',0.000,'MTQ','2026-01-22 20:17:56','2026-01-22 20:17:56'),(1060,1628,792,'PCIU6126341','PCIU','612634','1','45R1','S',264000.000,'KGM',0.000,'MTQ','2026-01-22 20:17:56','2026-01-22 20:17:56'),(1061,1629,793,'PIDU4507320','PIDU','450732','0','45G1','S',254100.000,'KGM',0.000,'MTQ','2026-01-22 20:17:56','2026-01-22 20:17:56'),(1062,1630,794,'FFAU7522015','FFAU','752201','5','45G1','S',201600.000,'KGM',600.000,'MTQ','2026-01-22 20:17:56','2026-01-22 20:17:56'),(1063,1631,795,'PCIU1592455','PCIU','159245','5','22G1','S',69980.850,'KGM',116.600,'MTQ','2026-01-22 20:17:56','2026-01-22 20:17:56'),(1064,1632,796,'PIDU2018906','PIDU','201890','6','22G1','S',120200.000,'KGM',210.500,'MTQ','2026-01-22 20:17:56','2026-01-22 20:17:56'),(1065,1633,797,'PCIU6106725','PCIU','610672','5','45R1','S',228521.680,'KGM',670.000,'MTQ','2026-01-22 20:17:56','2026-01-22 20:17:56'),(1066,1634,798,'FBIU5240358','FBIU','524035','8','45R1','S',227909.680,'KGM',670.000,'MTQ','2026-01-22 20:17:56','2026-01-22 20:17:56'),(1282,1703,884,'PCIU1990459','PCIU','199045','9','22G1',NULL,192000.000,'KGM',0.000,'MTQ','2026-01-30 14:24:40','2026-01-30 14:24:40'),(1283,1703,884,'PCIU1224197','PCIU','122419','7','22G1',NULL,192000.000,'KGM',0.000,'MTQ','2026-01-30 14:24:40','2026-01-30 14:24:40'),(1284,1703,884,'PCIU1091915','PCIU','109191','5','22G1',NULL,192000.000,'KGM',0.000,'MTQ','2026-01-30 14:24:40','2026-01-30 14:24:40'),(1285,1703,884,'PCIU1825639','PCIU','182563','9','22G1',NULL,192000.000,'KGM',0.000,'MTQ','2026-01-30 14:24:40','2026-01-30 14:24:40'),(1286,1703,884,'PCIU1427002','PCIU','142700','2','22G1',NULL,192000.000,'KGM',0.000,'MTQ','2026-01-30 14:24:40','2026-01-30 14:24:40');
/*!40000 ALTER TABLE `bl_contenedores` ENABLE KEYS */;
UNLOCK TABLES;

--
-- Table structure for table `bl_items`
--

DROP TABLE IF EXISTS `bl_items`;
/*!40101 SET @saved_cs_client     = @@character_set_client */;
/*!50503 SET character_set_client = utf8mb4 */;
CREATE TABLE `bl_items` (
  `id` bigint unsigned NOT NULL AUTO_INCREMENT,
  `bl_id` int NOT NULL,
  `numero_item` int unsigned NOT NULL,
  `descripcion` text,
  `marcas` text,
  `carga_peligrosa` char(1) DEFAULT NULL,
  `tipo_bulto` varchar(10) DEFAULT NULL,
  `cantidad` int unsigned DEFAULT NULL,
  `peso_bruto` decimal(12,3) DEFAULT NULL,
  `unidad_peso` varchar(3) DEFAULT NULL,
  `volumen` decimal(12,3) DEFAULT NULL,
  `unidad_volumen` varchar(3) DEFAULT NULL,
  `created_at` timestamp NULL DEFAULT CURRENT_TIMESTAMP,
  `updated_at` timestamp NULL DEFAULT CURRENT_TIMESTAMP ON UPDATE CURRENT_TIMESTAMP,
  PRIMARY KEY (`id`),
  UNIQUE KEY `uq_bl_item` (`bl_id`,`numero_item`),
  KEY `idx_bl_items_bl` (`bl_id`),
  CONSTRAINT `fk_bl_items_bl` FOREIGN KEY (`bl_id`) REFERENCES `bls` (`id`) ON DELETE CASCADE
) ENGINE=InnoDB AUTO_INCREMENT=889 DEFAULT CHARSET=utf8mb4 COLLATE=utf8mb4_0900_ai_ci;
/*!40101 SET character_set_client = @saved_cs_client */;

--
-- Dumping data for table `bl_items`
--

LOCK TABLES `bl_items` WRITE;
/*!40000 ALTER TABLE `bl_items` DISABLE KEYS */;
INSERT INTO `bl_items` VALUES (769,1605,1,'808 CARTONS IN TOTAL          1X40RH CONTAINER(S) SAID TO CONTAIN:                        FROZEN BONELESS BEEF ROBBED FOREQUARTER                     TOTAL CARTONS: 808            TOTAL NET WEIGHT: 21.977,600 KGS TOTAL GROSS WEIGHT: 22.722,550 KGS                          REC: PJ8YN05CDV-PJ8YN05CEV-PJ8YN05BRV                       HEALTH CERTIFICATE: ECB197232025                            NCM: 0202.30.00               FREIGHT PREPAID TEMPERATURE -21 C             SHIPPER\'S LOAD STOW COUNT WEIGH & SEAL                      SHIPPED ON BOARD','VETERINARIAN        SEAL:SENACSA        PARAGUAY 0891874','N','76',1,22722.550,'KGM',50.000,'MTQ','2026-01-22 20:17:55','2026-01-22 20:17:55'),(770,1606,1,'809 CARTONS IN TOTAL          1X40RH CONTAINER(S) SAID TO CONTAIN:                        FROZEN BONELESS BEEF ROBBED FOREQUARTER                     TOTAL CARTONS: 809            TOTAL NET WEIGHT: 22.004,800 KGS TOTAL GROSS WEIGHT: 22.773,470 KGS                          REC: PGNYN014QV-PGNYN010WV-PGNYN010VV                       HEALTH CERTIFICATE: ECB194082025                            NCM: 0202.30.00               FREIGHT PREPAID TEMPERATURE -21C              SHIPPER\'S LOAD STOW COUNT WEIGH & SEAL                      SHIPPED ON BOARD','VETERINARIAN        SEAL:SENACSA        PARAGUAY 0892992','N','76',1,22773.470,'KGM',50.000,'MTQ','2026-01-22 20:17:56','2026-01-22 20:17:56'),(771,1607,1,'1380 CASES IN TOTAL           1X20GP CONTAINER(S) SAID TO CONTAIN:                        1380 TOTAL CASES              780 TOTAL CASES OF WINE, WITH 06 BOTTLES OF 750 ML EACH     600 TOTAL CASES OF WINE, WITH 24 BOTTLES OF 187,5 ML EACH 10 PALLET                     E25216                        PO: E25216                    HS CODE: 2204.21              ALSO CONSIGNEE / NOTIFY       USCI: 91330212309039384J      SHIPPER\'S LOAD STOW COUNT WEIGH & SEAL SHIPPED ON BOARD','NM','N','73',1,10819.800,'KGM',19.150,'MTQ','2026-01-22 20:17:56','2026-01-22 20:17:56'),(772,1608,1,'1500 CASES IN TOTAL           1X20GP CONTAINER(S) SAID TO CONTAIN:                        10 PALLET WITH: 1.500 CASES   450 CASES DOUBLE LION CABERNET SAUVIGNON 6X750 ML 2025      600 CASES DOUBLE LION MERLOT 6X750ML 2024 450 CASES AND3S MONT MERLOT 6X750ML 2024                    REF. 3984 / 2025              PO: ML-2025NBF010             H.S. CODE: 2204.21            ALSO CONSIGNEE / NOTIFY       USCI: 91330212309039384J      SHIPPER\'S LOAD STOW COUNT WEIG H & SEAL                      SHIPPED ON BOARD','NM','N','73',1,10805.000,'KGM',29.700,'MTQ','2026-01-22 20:17:56','2026-01-22 20:17:56'),(773,1609,1,'1445 CASES IN TOTAL           1X20GP CONTAINER(S) SAID TO CONTAIN:                        1445 CASES OF WINE ON 10 PALLETS                            1445 CASES OF WINES IN BOTTLES 6X750ML                      REF: NINGBO FREE TRAD NV 26266 PO: A05102025CN               H.S. CODE: 2204.21            ALSO CONSIGNEE / NOTIFY       USCI: 91330212309039384J      SHIPPER\'S LOAD STOW COUNT WEIGH & SEAL                      SHIPPED ON BOARD','NM','N','73',1,13800.000,'KGM',23.000,'MTQ','2026-01-22 20:17:56','2026-01-22 20:17:56'),(774,1610,1,'784 CARTONS IN TOTAL          1X40RH CONTAINER(S) SAID TO CONTAIN:                        FROZEN BONELESS BEEF SHANK A  263 CTNS 7.237,770 KGS N.W 7.453,480 KGS G.W.               FROZEN BONELESS BEEF SHANK B  142 CTNS 3.887,680 KGS N.W 4.0 05,380 KGS G.W.               FROZEN BONELESS BEEF SHIN C   136 CTNS 3.730,640 KGS N.W 3.846,240 KGS G.W.               FROZEN BONELESS BEEF SHIN D   58 CTNS1.590,420 KGS N.W 1.639,720 KGS G.W.                 FROZEN BONELESS BEEF SHIN F 185 CTNS 5.080,140 KGS N.W 5.237,950 KGS G.W.               TOTAL CARTONS: 784            TOTAL NET WEIGHT: 21.526,650 KGS                            TOTAL GROSS WEIGHT: 22.182,770 KGS                          REC: PJBYN00PAV-PJBYN00PEV-PJB YN00PFV                       HEALTH CERTIFICATE: ECB200822025                            NCM: 0202.30.00               FREIGHT PREPAID               TEMPERATURE -18 C             SHIPPER\'S LOAD STOW COUNT WEIGH & SEAL SHIPPED ON BOARD','VETERINARIAN SEAL:  SENACSA PARAGUAY    0891900','N','76',1,22182.770,'KGM',50.000,'MTQ','2026-01-22 20:17:56','2026-01-22 20:17:56'),(775,1611,1,'21 PALLETS IN TOTAL           1X40HC CONTAINER(S) SAID TO CONTAIN:                        21 PALLETS.                   840 BAGS ORAFTI HSI 25KG (IP 1T)                            21.000 KGS. NET.              TARIFF CODE H.S.: 1108.2000 ORDERS  2200805264            DHKPO001459-1                 FREIGHT PREPAID               CONTINUED SHIPPER:            LIMITED RUT. 77.894.990-3     PHONE: (56-42) 2458039        CT: MS. NATALY SOLIS.         CONTINUED CONSIGNEE & NOTIFY: BUSINESS REGISTRATION NUMBER: 91110105322176535H            PH: 020-87677195/010-58674850 CT. MS. AMANDA NIE.           EMAIL:  AMANDA.N@DPOINTERNATIONAL.COM                       SHIPPER\'S LOAD STOW COUNT WEIGH & SEAL SHIPPED ON BOARD','N/M','N','78',1,21630.000,'KGM',42.840,'MTQ','2026-01-22 20:17:56','2026-01-22 20:17:56'),(776,1612,1,'21 PALLETS IN TOTAL           1X40HC CONTAINER(S) SAID TO CONTAIN:                        21 PALLETS.                   840 BAGS ORAFTI GR BAG 25KG (1T)                            21.000 KGS. NET.              ORDERS  2200805265 PO. DHKPO001460-1             TARIFF CODE H.S.: 11082000    CONTINUED SHIPPER:            LIMITED RUT. 77.894.990-3     CT: MS. NATALY SOLIS.         CONTINUED CONSIGNEE & NOTIFY: BUSINESS REGISTRATION NUMBER: 91110105322176535H PH: 020-87677195/010-58674850 CT. MS. AMANDA NIE.           EMAIL:  AMANDA.N@DPOINTERNATIONAL.COM                       SHIPPER\'S LOAD STOW COUNT WEIGH & SEAL                      SHIPPED ON BOARD','N/M','N','78',1,21630.000,'KGM',0.000,'MTQ','2026-01-22 20:17:56','2026-01-22 20:17:56'),(777,1613,1,'1000 BAGS IN TOTAL            1X40HC CONTAINER(S) SAID TO CONTAIN:                        1000 BAGS                     1000 BAGS SACKS NATURAL CONDITION DEHYDRATED                PLUMS SIZE +144 WITH 25 KG NET EACH ONE REF: 6002273                  H.S. CODE: 0813.20            FREIGHT PREPAID               ALSO SHIPPER                  LOGISTICA@GOODVALLEY.CL       FONO: +56 966465157           ALSO CONSIGNEE / NOTIFY       TELEFONO:0086 15814229808 SUNIA@REFINEINGREDIENTS.COM   SHIPPER\'S LOAD STOW COUNT WEIGH & SEAL                      SHIPPED ON BOARD','NM','N','78',1,25150.000,'KGM',0.000,'MTQ','2026-01-22 20:17:56','2026-01-22 20:17:56'),(778,1614,1,'1200 BAGS IN TOTAL            1X40RH CONTAINER(S) SAID TO CONTAIN:                        1200 BAGS OF FRESH PURPLE GARLIC  X 20 KG EACH              NET WEIGHT: 24.000 KGS        PE: 25038EC01024259T          SEAL IN ARGENTINA BAF08470 NCM: 0703.20.90               TEMPERATURE: 0 C              VENTILATION: 20CBM            HUMIDITY: 70%                 2DO NOTIFY                    CYBELE FOOD LOGISTIC LLC      7208 SAND LAKE ROAD, SUITE 304, ORLANDO, FL 32819 - USA                OFFICE@CYBELEFOODLOGISTIC.COM TAX ID: 88-3822506            ALSO CONSIGNEE AND NOTIFY     TAX ID: 13003043 TEL: 88657921565                           SHIPPER\'S LOAD STOW COUNT WEIGH & SEAL SHIPPED ON BOARD','N/M','N','76',1,25200.000,'KGM',0.000,'MTQ','2026-01-22 20:17:56','2026-01-22 20:17:56'),(779,1615,1,'1200 BAGS IN TOTAL            1X40RH CONTAINER(S) SAID TO CONTAIN:                        1200 BAGS OF FRESH PURPLE GARLIC  X 20 KG EACH              NET WEIGHT: 24.000 KGS        PE: 25038EC01024256Z          SEAL IN ARGENTINA JG65288 NCM: 0703.20.90               TEMPERATURE: 0 C              VENTILATION: 20CBM            HUMIDITY: 70%                 2DO NOTIFY                    CYBELE FOOD LOGISTIC LLC      7208 SAND LAKE ROAD, SUITE 304, ORLANDO, FL 32819 - USA                OFFICE@CYBELEFOODLOGISTIC.COM TAX ID: 88-3822506            ALSO CONSIGNEE AND NOTIFY     TAX ID:13003043 TEL: 88657921565                            SHIPPER\'S LOAD STOW COUNT WEIGH & SEAL SHIPPED ON BOARD','N/M','N','76',1,25200.000,'KGM',0.000,'MTQ','2026-01-22 20:17:56','2026-01-22 20:17:56'),(780,1616,1,'1200 BAGS IN TOTAL            1X40RH CONTAINER(S) SAID TO CONTAIN:                        1200 BAGS OF FRESH PURPLE GARLIC  X 20 KG EACH              NET WEIGHT: 24.000 KGS        PE: 25038EC01024262N          SEAL IN ARGENTINA JG65468 NCM: 0703.20.90               TEMPERATURE: 0 C              VENTILATION: 20CBM            HUMIDITY: 70%                 2DO NOTIFY                    CYBELE FOOD LOGISTIC LLC      7208 SAND LAKE ROAD, SUITE 304, ORLANDO, FL 32819 - USA                OFFICE@CYBELEFOODLOGISTIC.COM TAX ID: 88-3822506            ALSO CONSIGNEE AND NOTIFY     TAX ID:13003043 TEL: 88657921565                            SHIPPER\'S LOAD STOW COUNT WEIGH & SEAL SHIPPED ON BOARD','N/M','N','76',1,25200.000,'KGM',0.000,'MTQ','2026-01-22 20:17:56','2026-01-22 20:17:56'),(781,1617,1,'1000 BAGS IN TOTAL            1X40HC CONTAINER(S) SAID TO CONTAIN:                        1000 BAGS ON 20 PALLETS WITH: 25.000 KG. PRUNES / NATURAL   CONDITION                     SIZE 40-50                    25 KG PER BAG REF. EX319-1-B03CN            FREIGHT PREPAID               ALSO SHIPPER:                 RUT:76.695.412-K              ALSO CONSIGNEE AND NOTIFY:    POST CODE: 361008             CONTACT PERSON: SOPHIE WEI    TEL+86 21-61636702 CONTACT PERSON: FANG JIANG    TEL+86 592-2592372 /18850516303                             USCI: 91350200556202740E      E-MAIL: WEIJING@CHINACND.COM, YANGFAN1@CHINACND.COM         E-MAIL: FANZHANG@CHINACND.COM,E-MAIL: JANICE@CHINACND.COM; XUETING@CHINACND.COM          SHIPPER\'S LOAD STOW COUNT WEIGH & SEAL                      SHIPPED ON BOARD','NM','N','78',1,25410.000,'KGM',0.000,'MTQ','2026-01-22 20:17:56','2026-01-22 20:17:56'),(782,1618,1,'1097 CARTONS IN TOTAL         1X40RH CONTAINER(S) SAID TO CONTAIN:                        1097 CARTONS IN 20 PALLETSCHILLED BONELESS BEEF             MEATTOTAL NET WEIGHT: 21419.00 KGSTOTAL GROSS               WEIGHT WITHOUT PALLETS: 22,792 .99 KGSTOTAL WEIGHT           PALLETS: 707.01 KGSP.E: 25037EC01011363KNCM:                020130MARK: DEVESATEMPERATURE MAINTAINED AT -1,6            CFREIGHT PREPAID STOWED IN REFRIGERATED CONTAINER           SHIPPER\'S LOAD STOW COUNT WEIG H & SEAL                      SHIPPED ON BOARD','NM','N','76',1,22792.990,'KGM',50.000,'MTQ','2026-01-22 20:17:56','2026-01-22 20:17:56'),(783,1619,1,'5960 CASES IN TOTAL           2X40HC CONTAINER(S) SAID TO CONTAIN:                        02X40 HC CONTAINER 42 PALLET WITH 5.960 CASES               CAAU 828278-5                 1.320 CASES OF 06 BOTTLES OF PINOT NOIR SELECTION 2023. 13,5%V. 750 ML. WAVING GOLDFISH                       1.176 CASES OF 06 BOTTLES OF SEMI SWEET CABERNET            SAUVIGNON SELECTION 2025.13,5%V. 750 ML. WAVING             GOLDFISH                      480 CASES OF 06 BOTTLES OF SYR AH RESERVA                    2024.14,0%V. 750 ML. WAVING GOLDFISH                        (G. W: 23.739,12 KGS. / 45.76 M3 21 PALLETS WITH            2.976 CASES)                  CAAU796858-0                  1180 CASES OF 06 BOTTLES OF PI NOT NOIR SELECTION            2023. 13,5%V. 750 ML. WAVING GOLDFISH                       1324 CASES OF 06 BOTTLES OF SEMI SWEET CABERNET             SAUVIGNON SELECTION 2025.13,5%V. 750 ML. WAVING             GOLDFISH 480 CASES OF 06 BOTTLES OF SYRAH RESERVA                    2024.14,0%V. 750 ML. WAVING GOLDFISH                        (G. W: 23.705,48 KGS. / 45.92 M3 21 PALLETS WITH            2.984 CASES)                  REF: CH BH 0125 CONTRACT # 20250923           ALSO CONSIGNEE / NOTIFY       USCI:91440300MA5FEF197L       SHIPPER\'S LOAD STOW COUNT WEIGH & SEAL                      SHIPPED ON BOARD','NM','N','78',2,47444.600,'KGM',91.680,'MTQ','2026-01-22 20:17:56','2026-01-22 20:17:56'),(784,1620,1,'2000 CASES IN TOTAL           1X20GP CONTAINER(S) SAID TO CONTAIN:                        20000.00 KG SEEDLESS RAISINS  THOMPSON JUMBO IN CASES OF    10 KG NW CROP 2025            TOTAL CASES: 2000.00          TOTAL NET WEIGHT: 20000.00 TOTAL GROSS WEIGHT: 20920.00  HS CODE 080620                FREIGHT: PREPAID              * CONTINUE FROM CNEE/NTFY:    DISTRICT, WUHAN, CHINA        USCI: 9142010030357727XJ -    TEL 0086 13926523143          EMAIL:PENGYUNSHAN@HOLLY-FOODS. COM                           SHIPPER\'S LOAD STOW COUNT WEIGH & SEAL                      SHIPPED ON BOARD','PACIFIC NUT','N','73',1,20920.000,'KGM',17.000,'MTQ','2026-01-22 20:17:56','2026-01-22 20:17:56'),(785,1621,1,'3222 CASES IN TOTAL           1X40HC CONTAINER(S) SAID TO CONTAIN:                        1092 CASES RED WINE, CABERNET SAUVIGNON 2023                LOS VASCOS (6X750 ML.) 14.0   1716 CASES RED WINE, CROMAS CABERNET SAUVIGNON GRAN RESERVA                  2022 LOS VASCOS (6X750 ML.) 14.0                            156 CASES RED WINE, CABERNET SAUVIGNON 2023                 LAS HUERTAS (6X750 ML.) 14.0  90 CASES WHITE WINE, SAUVIGNON BLANC 2025 LAS HUERTAS (6X750 ML.) 12.0  TOTAL PALLETS: 20             TOTAL VOLUME: 44,20 M3        TOTAL CASES: 3054             PDA. ARANCELARIA: 2204.2161  2204.2141                      P. O.: 25000374               REF. V-0178/25 GW: 22970,10                  168 TOTAL CASES ON 1 PALLET STANDARD                        168 CASES OF WINE 6X750 ML    NCM: 2204.21                  REF. 10014393                 25000376                      GW: 1159,20 M3: 1,80                      ALSO CONSIGNEE / NOTIFY       TEL: (852) 2251 9318          E-MAIL: A.LEUNG@MANUPORT-LIQUIDS.HK                         BUSINESS REGISTRATION         NO.:75779903-000-10-24-4      SHIPPER\'S LOAD STOW COUNT WEIG H & SEAL                      SHIPPED ON BOARD','NM','N','78',1,24129.300,'KGM',46.000,'MTQ','2026-01-22 20:17:56','2026-01-22 20:17:56'),(786,1622,1,'1400 CASES IN TOTAL           1X20GP CONTAINER(S) SAID TO CONTAIN:                        1400 CASES OF WINE ON 10 PALLETS                            1400 CASES OF WINES IN BOTTLES 6X750ML                      REF: WENZHOU ZHILI NV 26265 PO: A11092025CL               P.A. 220421                   ALSO CONSIGNEE / NOTIFY       USCI: 91330212309039384J      SHIPPER\'S LOAD STOW COUNT WEIGH & SEAL                      SHIPPED ON BOARD','NM','N','73',1,11000.000,'KGM',22.000,'MTQ','2026-01-22 20:17:56','2026-01-22 20:17:56'),(787,1623,1,'960 BAGS IN TOTAL             1X40HC CONTAINER(S) SAID TO CONTAIN:                        24000.00 KG NATURAL CONDITION PRUNES 144/155 IN BAGS OF     25 KG NW CROP 2025            TOTAL BAGS: 960.00            TOTAL PALLETS: 20.00 TOTAL NET WEIGHT: 24000.00    TOTAL GROSS WEIGHT: 24485.60  HS CODE 081320                FREIGHT: PREPAID              * CONTINUE FROM CNEE/ NTFY:   STREETLONGGANG DISTRICT, SHENZHEN                           GUANGDONG TAX ID 914403007488616797     CONTACT PERSON: CUI WENWEI    EMAIL: 2894944586@QQ.COM      TELEPHONE:+8613802236499      CHINA                         SHIPPER\'S LOAD STOW COUNT WEIGH & SEAL                      SHIPPED ON BOARD','PACIFIC NUT','N','78',1,24485.600,'KGM',65.000,'MTQ','2026-01-22 20:17:56','2026-01-22 20:17:56'),(788,1624,1,'72 DRUMS IN TOTAL             1X40HC CONTAINER(S) SAID TO CONTAIN:                        16056 LITERS WHITE GRAPE JUICECONCENTRATE 68 BRIX           QUANTITY: 72 DRUMS 300KG NET WEIGHT / 313 KG                GROSS WEIGHT / 18 PALLETS 540 KG                            NET WEIGHT: 21.600 KG.        GROSS WEIGHT 23.076 KG.       TOTAL NET WEIGHT: 21.600 KG   TOTAL GROSS WEIGHT: 23.076 KG INVOICE: E TICKET N A-135     NCN O PA: 2009.69.00.910D     TOTAL: 21.6 TN NO. DE PERMISO DE EMBARQUE    25038EC03007510M              CONTINUED SHIPPER:            TEL: + +54 263 4461107        CONTACTO: CAROLINA BENEDETTI  C.U.I.T. 30-70788880-2        CONTINUED CONSIGNEE-NOTIFY:   NAME: VANESSA KO PHONE: +886 2 2657 9169 EXT. #108                           EMAIL: VANESSA.KO@LNTCORPORATION.COM.TW                     TAX ID: 82810160              SHIPPER\'S LOAD STOW COUNT WEIGH & SEAL                      SHIPPED ON BOARD','N/M','N','78',1,23076.000,'KGM',0.000,'MTQ','2026-01-22 20:17:56','2026-01-22 20:17:56'),(789,1625,1,'3166 CASES IN TOTAL           1X40HC CONTAINER(S) SAID TO CONTAIN:                        3166 CASES ON 21 PALLETS      1149 CASES OF WINE 6X750ML P1216 BLEND                      697CASES OF WINE 6X750ML STONE MANOR RESERVA CABERNET SAUVIGNON 2024       336 CASES OF WINE 6X750ML VIA MELFI ESTATE                  CABERNET SAUVIGNON 2023       264 CASES OF WINE 6X750ML VIA MELFI ESTATE                  CHARDONNAY 2024               720 CASES OF WINE 6X750ML FELI Z VINEYARD RESERVA            SYRAH 2023                    REF: TZZC246-G                H.S.CODE: 2204.21             ALSO CONSIGNEE / NOTIFY       USCI: 91330212309039384J      SHIPPER\'S LOAD STOW COUNT WEIGH & SEAL SHIPPED ON BOARD','NM','N','78',1,25207.060,'KGM',41.550,'MTQ','2026-01-22 20:17:56','2026-01-22 20:17:56'),(790,1626,1,'3492 CASES IN TOTAL           1X40RH CONTAINER(S) SAID TO CONTAIN:                        3492 CASES FRESH AVOCADOS     ON 20 PALLETS                 H.S 0804.40                   REF. PH133                    CONTROLLED ATMOSPHERE CO2 6% O2 4%                  TEMP: 5 C                     VENT: 0 CBM                   ***CONTINUE CONSIGNEE         USCI 91310112MA1GBTFP24       PH: +86-13684990259           ATTN:CAO SHIYING              E-MAIL:OP02-SZ@HUIZHANGUOMAO.C OM                            NOTIFY                        USCI: 913101120781953034      PH: 86-021-64979998           ATTN: RILEY WANG              IMPORT@SUPAFRESH.CN           3492 CASES CERTIFICATED GLOBALGAP FREIGHT PREPAID               SHIPPER\'S LOAD STOW COUNT WEIGH & SEAL                      SHIPPED ON BOARD','CABILFRUT','N','76',1,25074.000,'KGM',0.000,'MTQ','2026-01-22 20:17:56','2026-01-22 20:17:56'),(791,1627,1,'3492 CASES IN TOTAL           1X40RH CONTAINER(S) SAID TO CONTAIN:                        3492 CASES FRESH AVOCADOS     ON 20 PALLETS                 H.S 0804.40                   REF. PH137                    CONTROLLED ATMOSPHERE CO2 6% O2 4%                  TEMP: 5 C                     VENT: 0 CBM                   ***CONTINUE CONSIGNEE         USCI 91310112MA1GBTFP24       PH: +86-13684990259           ATTN:CAO SHIYING              E-MAIL:OP02-SZ@HUIZHANGUOMAO.C OM                            NOTIFY                        USCI: 913101120781953034      PH: 86-021-64979998           ATTN: RILEY WANG              IMPORT@SUPAFRESH.CN           3492 CASES CERTIFICATED GLOBALGAP FREIGHT PREPAID               SHIPPER\'S LOAD STOW COUNT WEIGH & SEAL                      SHIPPED ON BOARD','CABILFRUT','N','76',1,25074.000,'KGM',0.000,'MTQ','2026-01-22 20:17:56','2026-01-22 20:17:56'),(792,1628,1,'2400 CASES IN TOTAL           1X40RH CONTAINER(S) SAID TO CONTAIN:                        CASES FRESH AVOCADOS          ON 20 PALLETS                 CONTROLLED ATMOSPHERE         FREIGHT COLLECT               REFRIGERATED CARGO INST. 600-JE                  PALLET : 5490168631           THERMOGRAPH: PBQ6N00FKV       PALLET : 5490168388           THERMOGRAPH: PBQ6N00DCV       **ALSO CONSIGNEE**            SHANZHEN, CHINA. USCI 91440300MAD17M0R0C CONTACT: MR. CHEN / YBT_163_CHEN@VIP.163.COM                **ALSO NOTIFY**               USCI 9144300MAD3JER5L         CONTACT: MR. CHEN / YBT_163_CHEN@VIP.163.COM                SHIPPER\'S LOAD STOW COUNT WEIGH & SEAL SHIPPED ON BOARD','NM','N','76',1,26400.000,'KGM',0.000,'MTQ','2026-01-22 20:17:56','2026-01-22 20:17:56'),(793,1629,1,'1000 BAGS IN TOTAL            1X40HC CONTAINER(S) SAID TO CONTAIN:                        1000 BAGS                     25.000 KG. PRUNES / NATURAL   CONDITION                     SIZE 40-50                    25 KG. PER BAG REF.  EX321-1-B03CN           FREIGHT PREPAID               ALSO SHIPPER:                 RUT:76.695.412-K              ALSO CONSIGNEE AND NOTIFY:    POST CODE: 361008             USCI: 91350200556202740E      CONTACT PERSON: SOPHIE WEI TEL+86 21-61636702            CONTACT PERSON: FANG JIANG    TEL+86 592-2592372 /18850516303                             E-MAIL: WEIJING@CHINACND.COM, YANGFAN1@CHINACND.COM,        FANZHANG@CHINACND.COM,        JANICE@CHINACND.COM; XUETING@CHINACND.COM          SHIPPER\'S LOAD STOW COUNT WEIGH & SEAL                      SHIPPED ON BOARD','NM','N','78',1,25410.000,'KGM',0.000,'MTQ','2026-01-22 20:17:56','2026-01-22 20:17:56'),(794,1630,1,'800 BAGS IN TOTAL             1X40HC CONTAINER(S) SAID TO CONTAIN:                        20000 KGS NET WEIGHT UNPITTED NC PRUNES                     SIZE 40/50, IN 800 BAGS OF 25 KN EACH ONE                   CONTRACT NUMBER: 0810-25 CROP 2025, ORIGIN CHILE.      OP: SAE-M-041125              HS CODE: 081320               SHIPPER CONTINUATION:         ATTN.: FRANCISCO SEGUEL       PH.: +56 9 9825 1797          CONSIGNEE & NOTIFY CONTINUATION: ROAD, SHUIJING COMMUNITY, JIHUA                             STREERLONGGANG DISTRICT, SHENZHEN,                          GUANGDONG, CHINA.             TEL: +86-15-112059839         CONTACT: ZHAN JIXIAO          SHIPPER\'S LOAD STOW COUNT WEIG H & SEAL                      SHIPPED ON BOARD','NM','N','78',1,20160.000,'KGM',60.000,'MTQ','2026-01-22 20:17:56','2026-01-22 20:17:56'),(795,1631,1,'695 CASES IN TOTAL            1X20GP CONTAINER(S) SAID TO CONTAIN:                        691 CASES OF WINE ON 10 PALLETS                             AND 4 SAMPLES                 SHIPPER\'S LOAD STOW COUNT WEIGH & SEAL SHIPPED ON BOARD','NM','N','73',1,6998.085,'KGM',11.660,'MTQ','2026-01-22 20:17:56','2026-01-22 20:17:56'),(796,1632,1,'1400 CASES IN TOTAL           1X20GP CONTAINER(S) SAID TO CONTAIN:                        300 CASES OF RED WINE LIAY-LIAY CABERNET                    SAUVIGNON 2024 (6X750ML) 13.5% - CENTRAL VALLEY             300 CASES OF RED WINE LIAY-LIA Y MERLOT 2024                 (6X750ML) 13.5% - CENTRAL VALLEY                            200 CASES OF RED WINE LIAY-LIAY RESERVA CABERNET            SAUVIGNON 2023 (6X750ML) 14.5% - MAIPO VALLEY               200 CASES OF RED WINE LIAY-LIA Y RESERVA CARMENERE           2023 (6X750ML) 14.5% - MAIPO VALLEY                         200 CASES OF  WHITE WINE LIAY-LIAY RESERVA                  CHARDONNAY 2024 (6X750ML) 13.9% - CENTRAL VALLEY            200 CASES OF  RED WINE LIAY-LI AY GRAN RESERVA               CABERNET SAUVIGNON 2022 (6X750ML) 14.5% - MAIPO VALLEY      TOTAL 1400 CASES ON 10 PALLETSPO: SHTVS002-25 / REF: OV 1755HS CODE 2204.21               SHIPPER\'S LOAD STOW COUNT WEIGH & SEAL SHIPPED ON BOARD','NM','N','73',1,12020.000,'KGM',21.050,'MTQ','2026-01-22 20:17:56','2026-01-22 20:17:56'),(797,1633,1,'1152 CARTONS IN TOTAL         1X40RH CONTAINER(S) SAID TO CONTAIN:                        IN 21 PALLETS WITH            8.000,000 LBS / 3,632 MT ALA MEDIA DE POLLO CONGELADA IQF   (BOLSAS 5 LBS). CONTIENE HASTA UN 15% DE AGUA, POLIFOSFATOS DE SODIO Y SAL.  10.040,000 LBS / 4,554 MT FROZEN CHICKEN WINGS / FIRST AND  SECOND SEGMENT WING (5 LB./2.27 KG. BAG).                   ALITAS DE POLLO CONGELADA / PRIMER Y SEGUNDO                SEGMENTO DEL ALA (BOLSA 5LB./2 ,27 KG.).                     28.040,000 LBS / 12,719 MT CHICKEN WING DRUMMETTES (5LBS).  MUSLITOS DE ALA DE POLLO (2,27 KG).                         PO AGS251102                  REF.: 40550239                20.905,088 KGS.NET 22.852,168 KGS.GROSS          46.080,000 LBS.NET            50.379,604 LBS.GROSS          FREIGHT PREPAID               **ALSO SHIPPER**              BERNARDO O\'HIGGINS- CHILE.    TELEFONO: 722 333400 FAX: (56-72) 2201297 ON BEHALF OF AMPAC TRADING INTERNATIONAL,                   11936 ALTAMAR PL.CALIFORNIA, 90670, SANTA FE SPRINGS,       UNITED STATES, DIRECT 562-777-0022.                         **ALSO CONSIGNEE AND NOTIFY** CONTACT: MR. WON S. HAN , , SHIPPER\'S LOAD STOW COUNT WEIGH & SEAL                      SHIPPED ON BOARD','AGROSUPER           S/ 031637','N','76',1,22852.168,'KGM',67.000,'MTQ','2026-01-22 20:17:56','2026-01-22 20:17:56'),(798,1634,1,'1152 CARTONS IN TOTAL         1X40RH CONTAINER(S) SAID TO CONTAIN:                        IN 21 PALLETS WITH            12.040,000 LBS / 5,461 MT CHICKEN WING DRUMMETTES (5LBS).   MUSLITOS DE ALA DE POLLO (2,27 KG) 4.000,000 LBS / 1,814 MT CHICKEN BREAST TENDERLOINS (10 LBS).                             FILETES DE PECHUGA DE POLLO (4.54 KG).                      4.000,000 LBS / 1,814 MT FROZEN BONELESS SKINLESS CHICKEN   BREAST 6 OZ (10 LBS). PECHUGA DE POLLO DESHUESADA SIN PIEL  CONGELADA 6 OZ (4.54 KG).     12.000,000 LBS / 5,448 MT ALA MEDIA DE POLLO CONGELADA      IQF (BOLSAS 5 LBS). CONTIENE HASTA UN 15% DE AGUA, POLIFOSFATOS                           DE SODIO Y SAL. 14.040,000 LBS / 6,369 MT FROZEN CHICKEN WINGS / FIRST AND  SECOND SEGMENT WING (5 LB./2.27 KG. BAG).                   ALITAS DE POLLO CONGELADA / PRIMER Y SEGUNDO                SEGMENTO DEL ALA (BOLSA 5LB./2,27 KG.). PO AGS251201                  REF.: 40531871                20.906,688 KGS.NET            22.790,968 KGS.GROSS          46.080,000 LBS.NET            50.244,604 LBS.GROSS          FREIGHT PREPAID               **ALSO SHIPPER** BERNARDO O\'HIGGINS- CHILE.    TELEFONO: 722 333400 FAX: (56-72) 2201297                   ON BEHALF OF AMPAC TRADING INTERNATIONAL,                   11936 ALTAMAR PL.CALIFORNIA, 90670, SANTA FE SPRINGS,       UNITED STATES, DIRECT 562-777- 0022.                         **ALSO CONSIGNEE / NOTIFY**   CONTACT: MR. WON S. HAN , ,   SHIPPER\'S LOAD STOW COUNT WEIGH & SEAL                      SHIPPED ON BOARD','AGROSUPER           S/ 042070','N','76',1,22790.968,'KGM',67.000,'MTQ','2026-01-22 20:17:56','2026-01-22 20:17:56'),(884,1703,1,'80 BAGS IN TOTAL              5X20GP CONTAINER(S) SAID TO CONTAIN:                        COPPER CEMENT                 H.S 740100                    UN3077 - CLASS 9 - PG III     ALSO NOTIFY                   TEL :+82 2 6947 2198 - FAX : + 82 2 6947                     3615 ATTN : CJ KIM            SHIPPER\'S LOAD STOW COUNT WEIGH & SEAL                      SHIPPED ON BOARD','N/M','S','73',5,1221321.000,'KGM',1.000,'MTQ','2026-01-30 14:24:40','2026-01-30 17:57:10'),(886,1701,1,'WQWQWQEWQ','N/M','N','80',1,2.000,'KGM',23.000,'MTQ','2026-01-30 15:58:12','2026-01-30 15:58:12'),(888,1700,1,'SAAS','N/M','N','80',1,122.000,'123',0.000,'MTQ','2026-01-30 17:57:46','2026-01-30 17:57:46');
/*!40000 ALTER TABLE `bl_items` ENABLE KEYS */;
UNLOCK TABLES;

--
-- Table structure for table `bl_transbordos`
--

DROP TABLE IF EXISTS `bl_transbordos`;
/*!40101 SET @saved_cs_client     = @@character_set_client */;
/*!50503 SET character_set_client = utf8mb4 */;
CREATE TABLE `bl_transbordos` (
  `id` int NOT NULL AUTO_INCREMENT,
  `bl_id` int NOT NULL,
  `sec` int NOT NULL,
  `puerto_cod` varchar(5) NOT NULL,
  `puerto_id` int DEFAULT NULL,
  `created_at` timestamp NULL DEFAULT CURRENT_TIMESTAMP,
  PRIMARY KEY (`id`),
  UNIQUE KEY `uq_bl_sec` (`bl_id`,`sec`),
  KEY `idx_puerto` (`puerto_cod`),
  KEY `idx_puerto_id` (`puerto_id`),
  CONSTRAINT `fk_bl_transbordos_bl` FOREIGN KEY (`bl_id`) REFERENCES `bls` (`id`) ON DELETE CASCADE,
  CONSTRAINT `fk_bl_transbordos_puerto` FOREIGN KEY (`puerto_id`) REFERENCES `puertos` (`id`)
) ENGINE=InnoDB AUTO_INCREMENT=81 DEFAULT CHARSET=utf8mb4 COLLATE=utf8mb4_0900_ai_ci;
/*!40101 SET character_set_client = @saved_cs_client */;

--
-- Dumping data for table `bl_transbordos`
--

LOCK TABLES `bl_transbordos` WRITE;
/*!40000 ALTER TABLE `bl_transbordos` DISABLE KEYS */;
INSERT INTO `bl_transbordos` VALUES (71,1611,1,'HKHKG',3,'2026-01-22 20:17:56'),(72,1612,1,'HKHKG',3,'2026-01-22 20:17:56'),(73,1613,1,'HKHKG',3,'2026-01-22 20:17:56'),(74,1633,1,'HKHKG',3,'2026-01-22 20:17:56'),(75,1634,1,'HKHKG',3,'2026-01-22 20:17:56');
/*!40000 ALTER TABLE `bl_transbordos` ENABLE KEYS */;
UNLOCK TABLES;

--
-- Table structure for table `bl_validaciones`
--

DROP TABLE IF EXISTS `bl_validaciones`;
/*!40101 SET @saved_cs_client     = @@character_set_client */;
/*!50503 SET character_set_client = utf8mb4 */;
CREATE TABLE `bl_validaciones` (
  `id` bigint unsigned NOT NULL AUTO_INCREMENT,
  `bl_id` int NOT NULL,
  `nivel` enum('BL','ITEM','CONTENEDOR','TRANSBORDO') NOT NULL,
  `ref_id` bigint unsigned DEFAULT NULL,
  `sec` int DEFAULT NULL,
  `severidad` enum('ERROR','OBS') NOT NULL,
  `campo` varchar(50) NOT NULL,
  `mensaje` varchar(255) NOT NULL,
  `valor_crudo` varchar(255) DEFAULT NULL,
  `created_at` timestamp NULL DEFAULT CURRENT_TIMESTAMP,
  PRIMARY KEY (`id`),
  KEY `idx_bl` (`bl_id`),
  KEY `idx_bl_sev` (`bl_id`,`severidad`),
  KEY `idx_nivel` (`nivel`),
  CONSTRAINT `fk_bl_validaciones_bl` FOREIGN KEY (`bl_id`) REFERENCES `bls` (`id`) ON DELETE CASCADE
) ENGINE=InnoDB AUTO_INCREMENT=3692 DEFAULT CHARSET=utf8mb4 COLLATE=utf8mb4_0900_ai_ci;
/*!40101 SET character_set_client = @saved_cs_client */;

--
-- Dumping data for table `bl_validaciones`
--

LOCK TABLES `bl_validaciones` WRITE;
/*!40000 ALTER TABLE `bl_validaciones` DISABLE KEYS */;
INSERT INTO `bl_validaciones` VALUES (3690,1701,'ITEM',886,1,'ERROR','contenedores','Faltan contenedores para el item: se esperaban 1 (cantidad) y hay 0 en BD. Faltan 1.','{\"esperados\":1,\"reales\":0,\"faltan\":1}','2026-02-02 13:03:53'),(3691,1700,'ITEM',888,1,'ERROR','contenedores','Faltan contenedores para el item: se esperaban 1 (cantidad) y hay 0 en BD. Faltan 1.','{\"esperados\":1,\"reales\":0,\"faltan\":1}','2026-02-02 13:03:53');
/*!40000 ALTER TABLE `bl_validaciones` ENABLE KEYS */;
UNLOCK TABLES;

--
-- Table structure for table `bl_validaciones_pms`
--

DROP TABLE IF EXISTS `bl_validaciones_pms`;
/*!40101 SET @saved_cs_client     = @@character_set_client */;
/*!50503 SET character_set_client = utf8mb4 */;
CREATE TABLE `bl_validaciones_pms` (
  `id` bigint unsigned NOT NULL AUTO_INCREMENT,
  `bl_id` int NOT NULL,
  `nivel` enum('BL','ITEM','CONTENEDOR','TRANSBORDO') NOT NULL,
  `ref_id` bigint unsigned DEFAULT NULL,
  `sec` int DEFAULT NULL,
  `severidad` enum('ERROR','OBS') NOT NULL,
  `campo` varchar(50) NOT NULL,
  `mensaje` varchar(255) NOT NULL,
  `valor_crudo` varchar(255) DEFAULT NULL,
  `linea_pms` varchar(10) DEFAULT NULL,
  `codigo_pms` varchar(50) DEFAULT NULL,
  `raw_line` text,
  `created_at` timestamp NULL DEFAULT CURRENT_TIMESTAMP,
  PRIMARY KEY (`id`),
  KEY `idx_bl` (`bl_id`),
  KEY `idx_bl_sev` (`bl_id`,`severidad`),
  KEY `idx_nivel` (`nivel`),
  CONSTRAINT `fk_bl_validaciones_pms_bl` FOREIGN KEY (`bl_id`) REFERENCES `bls` (`id`) ON DELETE CASCADE
) ENGINE=InnoDB AUTO_INCREMENT=192 DEFAULT CHARSET=utf8mb4 COLLATE=utf8mb4_0900_ai_ci;
/*!40101 SET character_set_client = @saved_cs_client */;

--
-- Dumping data for table `bl_validaciones_pms`
--

LOCK TABLES `bl_validaciones_pms` WRITE;
/*!40000 ALTER TABLE `bl_validaciones_pms` DISABLE KEYS */;
INSERT INTO `bl_validaciones_pms` VALUES (184,1703,'BL',NULL,NULL,'ERROR','tipo_servicio_id','Tipo de servicio no existe en mantenedor',NULL,NULL,NULL,NULL,'2026-01-30 14:24:40'),(185,1703,'BL',NULL,NULL,'ERROR','unidad_peso','Falta unidad_peso (Linea 41)',NULL,NULL,NULL,NULL,'2026-01-30 14:24:40'),(186,1703,'BL',NULL,NULL,'ERROR','unidad_volumen','Falta unidad_volumen (Linea 41)',NULL,NULL,NULL,NULL,'2026-01-30 14:24:40'),(187,1703,'ITEM',884,1,'ERROR','cantidad','Cantidad de contenedores debe ser >= 1 para un item (Linea 51)',NULL,NULL,NULL,NULL,'2026-01-30 14:24:40'),(188,1703,'ITEM',884,1,'ERROR','peso_bruto','peso_bruto debe ser > 0 (Linea 41)',NULL,NULL,NULL,NULL,'2026-01-30 14:24:40'),(189,1703,'ITEM',884,1,'ERROR','unidad_peso','Falta unidad_peso (Linea 41)',NULL,NULL,NULL,NULL,'2026-01-30 14:24:40'),(190,1703,'ITEM',884,1,'ERROR','volumen','Falta Volumen debe ser >= 0 (Linea 41)',NULL,NULL,NULL,NULL,'2026-01-30 14:24:40'),(191,1703,'ITEM',884,1,'ERROR','unidad_volumen','Falta unidad_volumen (Linea 41)',NULL,NULL,NULL,NULL,'2026-01-30 14:24:40');
/*!40000 ALTER TABLE `bl_validaciones_pms` ENABLE KEYS */;
UNLOCK TABLES;

--
-- Table structure for table `bls`
--

DROP TABLE IF EXISTS `bls`;
/*!40101 SET @saved_cs_client     = @@character_set_client */;
/*!50503 SET character_set_client = utf8mb4 */;
CREATE TABLE `bls` (
  `id` int NOT NULL AUTO_INCREMENT,
  `manifiesto_id` int NOT NULL,
  `bl_number` varchar(50) NOT NULL,
  `tipo_servicio_id` int DEFAULT NULL,
  `shipper` varchar(255) DEFAULT NULL,
  `consignee` varchar(255) DEFAULT NULL,
  `notify_party` varchar(255) DEFAULT NULL,
  `fecha_emision` date DEFAULT NULL,
  `fecha_presentacion` datetime DEFAULT NULL,
  `fecha_embarque` datetime DEFAULT NULL,
  `fecha_zarpe` datetime DEFAULT NULL,
  `descripcion_carga` text,
  `peso_bruto` decimal(12,3) DEFAULT NULL,
  `unidad_peso` varchar(3) DEFAULT NULL,
  `volumen` decimal(12,3) DEFAULT NULL,
  `unidad_volumen` varchar(3) DEFAULT NULL,
  `bultos` int DEFAULT NULL,
  `total_items` int DEFAULT NULL,
  `status` enum('CREADO','VALIDADO','ENVIADO','ANULADO') DEFAULT 'CREADO',
  `valid_status` enum('OK','OBS','ERROR') NOT NULL DEFAULT 'OK',
  `valid_count_error` int NOT NULL DEFAULT '0',
  `valid_count_obs` int NOT NULL DEFAULT '0',
  `valid_last_run` timestamp NULL DEFAULT NULL,
  `created_at` timestamp NULL DEFAULT CURRENT_TIMESTAMP,
  `updated_at` timestamp NULL DEFAULT CURRENT_TIMESTAMP ON UPDATE CURRENT_TIMESTAMP,
  `lugar_emision_id` int DEFAULT NULL,
  `puerto_embarque_id` int DEFAULT NULL,
  `puerto_descarga_id` int DEFAULT NULL,
  `lugar_destino_id` int DEFAULT NULL,
  `lugar_entrega_id` int DEFAULT NULL,
  `lugar_recepcion_id` int DEFAULT NULL,
  `lugar_emision_cod` varchar(20) DEFAULT NULL,
  `puerto_embarque_cod` varchar(20) DEFAULT NULL,
  `puerto_descarga_cod` varchar(20) DEFAULT NULL,
  `lugar_destino_cod` varchar(20) DEFAULT NULL,
  `lugar_entrega_cod` varchar(20) DEFAULT NULL,
  `lugar_recepcion_cod` varchar(20) DEFAULT NULL,
  `forma_pago_flete` enum('PREPAID','COLLECT') DEFAULT NULL COMMENT 'Forma de pago del flete (PREPAID/COLLECT)',
  `cond_transporte` varchar(10) DEFAULT NULL COMMENT 'Condición de transporte (ej: HH, CY, etc.)',
  `observaciones` text COMMENT 'Observaciones generales del BL',
  PRIMARY KEY (`id`),
  UNIQUE KEY `uk_bl_manifiesto` (`manifiesto_id`,`bl_number`),
  KEY `fk_bls_tipo_servicio` (`tipo_servicio_id`),
  KEY `fk_bls_le` (`lugar_emision_id`),
  KEY `fk_bls_pe` (`puerto_embarque_id`),
  KEY `fk_bls_pd` (`puerto_descarga_id`),
  KEY `fk_bls_ld` (`lugar_destino_id`),
  KEY `fk_bls_lem` (`lugar_entrega_id`),
  KEY `fk_bls_lrm` (`lugar_recepcion_id`),
  CONSTRAINT `fk_bls_ld` FOREIGN KEY (`lugar_destino_id`) REFERENCES `puertos` (`id`),
  CONSTRAINT `fk_bls_le` FOREIGN KEY (`lugar_emision_id`) REFERENCES `puertos` (`id`),
  CONSTRAINT `fk_bls_lem` FOREIGN KEY (`lugar_entrega_id`) REFERENCES `puertos` (`id`),
  CONSTRAINT `fk_bls_lrm` FOREIGN KEY (`lugar_recepcion_id`) REFERENCES `puertos` (`id`),
  CONSTRAINT `fk_bls_manifiesto` FOREIGN KEY (`manifiesto_id`) REFERENCES `manifiestos` (`id`) ON DELETE CASCADE,
  CONSTRAINT `fk_bls_pd` FOREIGN KEY (`puerto_descarga_id`) REFERENCES `puertos` (`id`),
  CONSTRAINT `fk_bls_pe` FOREIGN KEY (`puerto_embarque_id`) REFERENCES `puertos` (`id`),
  CONSTRAINT `fk_bls_tipo_servicio` FOREIGN KEY (`tipo_servicio_id`) REFERENCES `tipos_servicio` (`id`)
) ENGINE=InnoDB AUTO_INCREMENT=1704 DEFAULT CHARSET=utf8mb4 COLLATE=utf8mb4_0900_ai_ci;
/*!40101 SET character_set_client = @saved_cs_client */;

--
-- Dumping data for table `bls`
--

LOCK TABLES `bls` WRITE;
/*!40000 ALTER TABLE `bls` DISABLE KEYS */;
INSERT INTO `bls` VALUES (1605,1,'SCL500494400',1,'ONBOARD LOGISTICS PARAGUAY SA','testing','ROHLIG TAIWAN CO., LTD','2025-11-26','2025-11-26 01:52:00','2025-11-26 08:00:00','2025-11-26 08:00:00','001 Y000001000200022722550 00000500000000050000BONELESS 020140RHKGMMTQY',22722.550,'KGM',50.000,'MTQ',1,1,'CREADO','OK',0,0,'2026-01-30 12:20:27','2026-01-22 20:17:55','2026-01-30 12:20:27',10,1,5,5,5,1,'CLSCL','CLVAP','TWKHH','TWKHH','TWKHH','CLVAP',NULL,NULL,NULL),(1606,1,'SCL500496000',1,'ONBOARD LOGISTICS PARAGUAY SA','testing','ROHLIG TAIWAN CO., LTD','2025-11-26','2025-11-26 01:52:00','2025-11-26 08:00:00','2025-11-26 08:00:00','001 Y000001000200022773470 00000500000000050000BONELESS 020140RHKGMMTQY',22773.470,'KGM',50.000,'MTQ',1,1,'CREADO','OK',0,0,'2026-01-30 12:20:27','2026-01-22 20:17:56','2026-01-30 12:20:27',10,1,5,5,5,1,'CLSCL','CLVAP','TWKHH','TWKHH','TWKHH','CLVAP',NULL,NULL,NULL),(1607,1,'SCL500508900',1,'INTER-TANK SPA','testing','LYSEO CHINA COMPANY LIMITED.','2025-11-26','2025-11-26 01:52:00','2025-11-26 08:00:00','2025-11-26 08:00:00','001 Y000001000100010819800 00000191500000019150IN CONTAINERS HOLDING 2 L OR LESS 220420GPKGMMTQY',10819.800,'KGM',19.150,'MTQ',1,1,'CREADO','OK',0,0,'2026-01-30 12:20:27','2026-01-22 20:17:56','2026-01-30 12:20:27',10,1,7,7,7,1,'CLSCL','CLVAP','CNNGB','CNNGB','CNNGB','CLVAP',NULL,NULL,NULL),(1608,1,'SCL500513400',1,'INTER-TANK SPA','testing','LYSEO CHINA COMPANY LIMITED.','2025-11-26','2025-11-26 01:52:00','2025-11-26 08:00:00','2025-11-26 08:00:00','001 Y000001000100010805000 00000297000000029700IN CONTAINERS HOLDING 2 L OR LESS 220420GPKGMMTQY',10805.000,'KGM',29.700,'MTQ',1,1,'CREADO','OK',0,0,'2026-01-30 12:20:27','2026-01-22 20:17:56','2026-01-30 12:20:27',10,1,7,7,7,1,'CLSCL','CLVAP','CNNGB','CNNGB','CNNGB','CLVAP',NULL,NULL,NULL),(1609,1,'SCL500513500',1,'INTER-TANK SPA','testing','LYSEO CHINA COMPANY LIMITED.','2025-11-26','2025-11-26 01:52:00','2025-11-26 08:00:00','2025-11-26 08:00:00','001 Y000001000100013800000 00000230000000023000IN CONTAINERS HOLDING 2 L OR LESS 220420GPKGMMTQY',13800.000,'KGM',23.000,'MTQ',1,1,'CREADO','OK',0,0,'2026-01-30 12:20:27','2026-01-22 20:17:56','2026-01-30 12:20:27',10,1,7,7,7,1,'CLSCL','CLVAP','CNNGB','CNNGB','CNNGB','CLVAP',NULL,NULL,NULL),(1610,1,'SCL500518700',1,'ONBOARD LOGISTICS PARAGUAY SA','testing','ROHLIG TAIWAN CO., LTD','2025-11-26','2025-11-26 01:52:00','2025-11-26 08:00:00','2025-11-26 08:00:00','001 Y000001000200022182770 00000500000000050000BONELESS 020140RHKGMMTQY',22182.770,'KGM',50.000,'MTQ',1,1,'CREADO','OK',0,0,'2026-01-30 12:20:27','2026-01-22 20:17:56','2026-01-30 12:20:27',10,1,5,5,5,1,'CLSCL','CLVAP','TWKHH','TWKHH','TWKHH','CLVAP',NULL,NULL,NULL),(1611,1,'SCL500524800',1,'ORAFTI CHILE S.A. ON BEHALF OF','testing','DPO BEIJING COMPANY LIMITED.','2025-11-26','2025-11-26 01:52:00','2025-11-26 08:00:00','2025-11-26 08:00:00','001 Y000001000200021630000 00000428400000042840INULIN 110840HCKGMMTQY',21630.000,'KGM',42.840,'MTQ',1,1,'CREADO','OK',0,0,'2026-01-30 12:20:27','2026-01-22 20:17:56','2026-01-30 12:20:27',10,1,12,12,12,1,'CLSCL','CLVAP','CNJXN','CNJXN','CNJXN','CLVAP',NULL,NULL,NULL),(1612,1,'SCL500524900',1,'ORAFTI CHILE S.A. ON BEHALF OF','testing','DPO BEIJING COMPANY LIMITED.','2025-11-26','2025-11-26 01:52:00','2025-11-26 08:00:00','2025-11-26 08:00:00','001 Y000001000200021630000 00000000000000000000INULIN 110840HCKGMMTQY',21630.000,'KGM',0.000,'MTQ',1,1,'CREADO','OK',0,0,'2026-01-30 12:20:27','2026-01-22 20:17:56','2026-01-30 12:20:27',10,1,12,12,12,1,'CLSCL','CLVAP','CNJXN','CNJXN','CNJXN','CLVAP',NULL,NULL,NULL),(1613,1,'SCL500529300',1,'PROCESADORA Y DESHIDRATADORA','testing','GUANGDONG YUAN HENG FOOD CO., LTD','2025-11-26','2025-11-26 01:52:00','2025-11-26 08:00:00','2025-11-26 08:00:00','001 Y000001000200025150000 00000000000000000000PRUNES 081340HCKGMMTQY',25150.000,'KGM',0.000,'MTQ',1,1,'CREADO','OK',0,0,'2026-01-30 12:20:27','2026-01-22 20:17:56','2026-01-30 12:20:27',10,1,13,13,13,1,'CLSCL','CLVAP','CNSWA','CNSWA','CNSWA','CLVAP',NULL,NULL,NULL),(1614,1,'SCL500531000',1,'MENDOZA EXPORTS S.A.','testing','PER-UNION ENTERPRISE CO., LTD','2025-11-26','2025-11-26 01:52:00','2025-11-26 08:00:00','2025-11-26 08:00:00','001 Y000001000200025200000 00000000000000000000GARLIC 070340RHKGMMTQY',25200.000,'KGM',0.000,'MTQ',1,1,'CREADO','OK',0,0,'2026-01-30 12:20:27','2026-01-22 20:17:56','2026-01-30 12:20:27',10,1,5,5,5,1,'CLSCL','CLVAP','TWKHH','TWKHH','TWKHH','CLVAP',NULL,NULL,NULL),(1615,1,'SCL500531001',1,'MENDOZA EXPORTS S.A.','testing','PER-UNION ENTERPRISE CO., LTD','2025-11-26','2025-11-26 01:52:00','2025-11-26 08:00:00','2025-11-26 08:00:00','001 Y000001000200025200000 00000000000000000000GARLIC 070340RHKGMMTQY',25200.000,'KGM',0.000,'MTQ',1,1,'CREADO','OK',0,0,'2026-01-30 12:20:27','2026-01-22 20:17:56','2026-01-30 12:20:27',10,1,5,5,5,1,'CLSCL','CLVAP','TWKHH','TWKHH','TWKHH','CLVAP',NULL,NULL,NULL),(1616,1,'SCL500531002',1,'MENDOZA EXPORTS S.A.','testing','PER-UNION ENTERPRISE CO., LTD','2025-11-26','2025-11-26 01:52:00','2025-11-26 08:00:00','2025-11-26 08:00:00','001 Y000001000200025200000 00000000000000000000GARLIC 070340RHKGMMTQY',25200.000,'KGM',0.000,'MTQ',1,1,'CREADO','OK',0,0,'2026-01-30 12:20:27','2026-01-22 20:17:56','2026-01-30 12:20:27',10,1,5,5,5,1,'CLSCL','CLVAP','TWKHH','TWKHH','TWKHH','CLVAP',NULL,NULL,NULL),(1617,1,'SCL500532500',1,'FRUTEEC CHILE SPA','testing','XIAMEN C&D ESSENTIAL RESOURCES','2025-11-26','2025-11-26 01:52:00','2025-11-26 08:00:00','2025-11-26 08:00:00','001 Y000001000200025410000 00000000000000000000PRUNES 081340HCKGMMTQY',25410.000,'KGM',0.000,'MTQ',1,1,'CREADO','OK',0,0,'2026-01-30 12:20:27','2026-01-22 20:17:56','2026-01-30 12:20:27',10,1,6,6,6,1,'CLSCL','CLVAP','CNSHA','CNSHA','CNSHA','CLVAP',NULL,NULL,NULL),(1618,1,'SCL500533100',1,'AZUL NATURAL BEEF S.A.','testing','SHANGHAI ALL FOOD WIN CO., LTD','2025-11-26','2025-11-26 01:52:00','2025-11-26 08:00:00','2025-11-26 08:00:00','001 Y000001000200022792990 00000500000000050000BONELESS 020140RHKGMMTQY',22792.990,'KGM',50.000,'MTQ',1,1,'CREADO','OK',0,0,'2026-01-30 12:20:27','2026-01-22 20:17:56','2026-01-30 12:20:27',10,1,6,6,6,1,'CLSCL','CLVAP','CNSHA','CNSHA','CNSHA','CLVAP',NULL,NULL,NULL),(1619,1,'SCL500534700',1,'INTER-TANK SPA','testing','CARGO MOVING SUPPLY CHAIN','2025-11-26','2025-11-26 01:52:00','2025-11-26 08:00:00','2025-11-26 08:00:00','001 Y000002000400047444600 00000916800000091680IN CONTAINERS HOLDING 2 L OR LESS 220440HCKGMMTQY',47444.600,'KGM',91.680,'MTQ',2,1,'CREADO','OK',0,0,'2026-01-30 12:20:27','2026-01-22 20:17:56','2026-01-30 12:20:27',10,1,4,4,4,1,'CLSCL','CLVAP','CNYTN','CNYTN','CNYTN','CLVAP',NULL,NULL,NULL),(1620,1,'SCL500538000',1,'PACIFIC NUT COMPANY CHILE S.A.','testing','WUHAN HOLLY FOODS COMPANY LIMITED','2025-11-26','2025-11-26 01:52:00','2025-11-26 08:00:00','2025-11-26 08:00:00','001 Y000001000100020920000 00000170000000017000FRUIT, EDIBLE; GRAPES, DRIED 150 20GPKGMMTQY',20920.000,'KGM',17.000,'MTQ',1,1,'CREADO','OK',0,0,'2026-01-30 12:20:27','2026-01-22 20:17:56','2026-01-30 12:20:27',10,1,7,7,7,1,'CLSCL','CLVAP','CNNGB','CNNGB','CNNGB','CLVAP',NULL,NULL,NULL),(1621,1,'SCL500538400',1,'INTER-TANK SPA','testing','MANUPORT LIQUIDS HONG KONG LIMITED','2025-11-26','2025-11-26 01:52:00','2025-11-26 08:00:00','2025-11-26 08:00:00','001 Y000001000200024129300 00000460000000046000IN CONTAINERS HOLDING 2 L OR LESS 220440HCKGMMTQY',24129.300,'KGM',46.000,'MTQ',1,1,'CREADO','OK',0,0,'2026-01-30 12:20:27','2026-01-22 20:17:56','2026-01-30 12:20:27',10,1,3,3,3,1,'CLSCL','CLVAP','HKHKG','HKHKG','HKHKG','CLVAP',NULL,NULL,NULL),(1622,1,'SCL500538500',1,'INTER-TANK SPA','testing','LYSEO CHINA COMPANY LIMITED.','2025-11-26','2025-11-26 01:52:00','2025-11-26 08:00:00','2025-11-26 08:00:00','001 Y000001000100011000000 00000220000000022000IN CONTAINERS HOLDING 2 L OR LESS 220420GPKGMMTQY',11000.000,'KGM',22.000,'MTQ',1,1,'CREADO','OK',0,0,'2026-01-30 12:20:27','2026-01-22 20:17:56','2026-01-30 12:20:27',10,1,7,7,7,1,'CLSCL','CLVAP','CNNGB','CNNGB','CNNGB','CLVAP',NULL,NULL,NULL),(1623,1,'SCL500538900',1,'PACIFIC NUT COMPANY CHILE S.A.','testing','SHENZHEN CITY GOLD MARK THE FOOD','2025-11-26','2025-11-26 01:52:00','2025-11-26 08:00:00','2025-11-26 08:00:00','001 Y000001000200024485600 00000650000000065000PRUNES 081340HCKGMMTQY',24485.600,'KGM',65.000,'MTQ',1,1,'CREADO','OK',0,0,'2026-01-30 12:20:27','2026-01-22 20:17:56','2026-01-30 12:20:27',10,1,4,4,4,1,'CLSCL','CLVAP','CNYTN','CNYTN','CNYTN','CLVAP',NULL,NULL,NULL),(1624,1,'SCL500539400',1,'BODEGAS Y VINEDOS BENEDETTI SRL','testing','JL BIO INTERNATIONAL CO.','2025-11-26','2025-11-26 01:52:00','2025-11-26 08:00:00','2025-11-26 08:00:00','001 Y000001000200023076000 00000000000000000000JUICE; GRAPE, OF A BRIX VALUE EXCEEDING 30, UNFE200940HCKGMMTQY',23076.000,'KGM',0.000,'MTQ',1,1,'CREADO','OK',0,0,'2026-01-30 12:20:27','2026-01-22 20:17:56','2026-01-30 12:20:27',10,1,5,5,5,1,'CLSCL','CLVAP','TWKHH','TWKHH','TWKHH','CLVAP',NULL,NULL,NULL),(1625,1,'SCL500539800',1,'INTER-TANK SPA','testing','LYSEO CHINA COMPANY LIMITED.','2025-11-26','2025-11-26 01:52:00','2025-11-26 08:00:00','2025-11-26 08:00:00','001 Y000001000200025207060 00000415500000041550IN CONTAINERS HOLDING 2 L OR LESS 220440HCKGMMTQY',25207.060,'KGM',41.550,'MTQ',1,1,'CREADO','OK',0,0,'2026-01-30 12:20:27','2026-01-22 20:17:56','2026-01-30 12:20:27',10,1,4,4,4,1,'CLSCL','CLVAP','CNYTN','CNYTN','CNYTN','CLVAP',NULL,NULL,NULL),(1626,1,'SCL500540500',1,'AGRICOLA Y COMERCIAL CABILFRUT S.A.','testing','SHANGHAI SUPAFRESH TRADING CO., LTD','2025-11-26','2025-11-26 01:52:00','2025-11-26 08:00:00','2025-11-26 08:00:00','001 Y000001000200025074000 00000000000000000000AVOCADOS 080440RHKGMMTQY',25074.000,'KGM',0.000,'MTQ',1,1,'CREADO','OK',0,0,'2026-01-30 12:20:27','2026-01-22 20:17:56','2026-01-30 12:20:27',10,1,6,6,6,1,'CLSCL','CLVAP','CNSHA','CNSHA','CNSHA','CLVAP',NULL,NULL,NULL),(1627,1,'SCL500540600',1,'AGRICOLA Y COMERCIAL CABILFRUT S.A.','testing','SHANGHAI SUPAFRESH TRADING CO., LTD','2025-11-26','2025-11-26 01:52:00','2025-11-26 08:00:00','2025-11-26 08:00:00','001 Y000001000200025074000 00000000000000000000AVOCADOS 080440RHKGMMTQY',25074.000,'KGM',0.000,'MTQ',1,1,'CREADO','OK',0,0,'2026-01-30 12:20:27','2026-01-22 20:17:56','2026-01-30 12:20:27',10,1,6,6,6,1,'CLSCL','CLVAP','CNSHA','CNSHA','CNSHA','CLVAP',NULL,NULL,NULL),(1628,1,'SCL500541200',1,'JORGE SCHMIDT EXPORTS SPA','testing','YIBITONG (SHENZHEN) CUSTOMS','2025-11-26','2025-11-26 01:52:00','2025-11-26 08:00:00','2025-11-26 08:00:00','001 Y000001000200026400000 00000000000000000000AVOCADOS 080440RHKGMMTQY',26400.000,'KGM',0.000,'MTQ',1,1,'CREADO','OK',0,0,'2026-01-30 12:20:27','2026-01-22 20:17:56','2026-01-30 12:20:27',10,1,3,3,3,1,'CLSCL','CLVAP','HKHKG','HKHKG','HKHKG','CLVAP',NULL,NULL,NULL),(1629,1,'SCL500542700',1,'FRUTEEC CHILE SPA','testing','XIAMEN C&D ESSENTIAL RESOURCES','2025-11-26','2025-11-26 01:52:00','2025-11-26 08:00:00','2025-11-26 08:00:00','001 Y000001000200025410000 00000000000000000000PRUNES 081340HCKGMMTQY',25410.000,'KGM',0.000,'MTQ',1,1,'CREADO','OK',0,0,'2026-01-30 12:20:27','2026-01-22 20:17:56','2026-01-30 12:20:27',10,1,6,6,6,1,'CLSCL','CLVAP','CNSHA','CNSHA','CNSHA','CLVAP',NULL,NULL,NULL),(1630,1,'SCL500543200',1,'EXPORTADORA Y COMERCIALIZADORA','testing','SHENZHEN CITY GOLD MARK THE FOOD','2025-11-26','2025-11-26 01:52:00','2025-11-26 08:00:00','2025-11-26 08:00:00','001 Y000001000200020160000 00000600000000060000PRUNES 081340HCKGMMTQY',20160.000,'KGM',60.000,'MTQ',1,1,'CREADO','OK',0,0,'2026-01-30 12:20:27','2026-01-22 20:17:56','2026-01-30 12:20:27',10,1,4,4,4,1,'CLSCL','CLVAP','CNYTN','CNYTN','CNYTN','CLVAP',NULL,NULL,NULL),(1631,1,'SCL500562000',1,'MANUPORT LOGISTICS CHILE SPA','testing','MANUPORT LIQUIDS HONG KONG LIMITED','2025-11-26','2025-11-26 01:52:00','2025-11-26 08:00:00','2025-11-26 08:00:00','001 Y000001000100006998085 00000116600000011660IN CONTAINERS HOLDING 2 L OR LESS 220420GPKGMMTQY',6998.085,'KGM',11.660,'MTQ',1,1,'CREADO','OK',0,0,'2026-01-30 12:20:27','2026-01-22 20:17:56','2026-01-30 12:20:27',10,1,3,3,3,1,'CLSCL','CLVAP','HKHKG','HKHKG','HKHKG','CLVAP',NULL,NULL,NULL),(1632,1,'SCL500563700',1,'INTER-TANK SPA','testing','GUANGZHOU HAYONEX LOGISTICS CO.,LTD','2025-11-26','2025-11-26 01:52:00','2025-11-26 08:00:00','2025-11-26 08:00:00','001 Y000001000100012020000 00000210500000021050IN CONTAINERS HOLDING 2 L OR LESS 220420GPKGMMTQY',12020.000,'KGM',21.050,'MTQ',1,1,'CREADO','OK',0,0,'2026-01-30 12:20:27','2026-01-22 20:17:56','2026-01-30 12:20:27',10,1,6,6,6,1,'CLSCL','CLVAP','CNSHA','CNSHA','CNSHA','CLVAP',NULL,NULL,NULL),(1633,1,'SCL5M0006400',1,'AGROSUPER S.A.','testing','PACIFIC GROCERS GUAM','2025-11-26','2025-11-26 01:52:00','2025-11-26 08:00:00','2025-11-26 08:00:00','001 Y000001000200022852168 00000670000000067000MEAT AND EDIBLE MEAT OFFAL 020240RHKGMMTQY',22852.168,'KGM',67.000,'MTQ',1,1,'CREADO','OK',0,0,'2026-01-30 12:20:27','2026-01-22 20:17:56','2026-01-30 12:20:27',10,1,8,8,8,1,'CLSCL','CLVAP','GUGUM','GUGUM','GUGUM','CLVAP',NULL,NULL,NULL),(1634,1,'SCL5M0006500',1,'AGROSUPER S.A.','testing','PACIFIC GROCERS GUAM','2025-11-26','2025-11-26 01:52:00','2025-11-26 08:00:00','2025-11-26 08:00:00','001 Y000001000200022790968 00000670000000067000MEAT AND EDIBLE MEAT OFFAL 020240RHKGMMTQY',22790.968,'KGM',67.000,'MTQ',1,1,'CREADO','OK',0,0,'2026-01-30 12:20:27','2026-01-22 20:17:56','2026-01-30 12:20:27',10,1,8,8,8,1,'CLSCL','CLVAP','GUGUM','GUGUM','GUGUM','CLVAP',NULL,NULL,NULL),(1700,5,'B4242',3,'ASAS','ASSA','SAS','2026-01-30','2026-01-31 00:00:00','2026-01-31 00:00:00','2026-02-01 00:00:00',NULL,122.000,'123',0.000,'MTQ',1,1,'CREADO','ERROR',1,0,'2026-02-02 13:03:53','2026-01-29 15:26:00','2026-02-02 13:03:53',10,10,2,6,5,2,'CLSCL','CLSCL','CLSAI','CNSHA','TWKHH','CLSAI','PREPAID','HH',NULL),(1701,5,'B042132',3,'RFWREWWEQ','REQREQREWQ','R3WQRWQRWR','2026-01-30','2026-01-30 00:00:00','2026-01-30 00:00:00','2026-01-30 00:00:00',NULL,2.000,'KGM',23.000,'MTQ',1,1,'CREADO','ERROR',1,0,'2026-02-02 13:03:53','2026-01-29 15:29:55','2026-02-02 13:03:53',6,13,6,13,6,11,'CNSHA','CNSWA','CNSHA','CNSWA','CNSHA','IDSRG','PREPAID','HH','W'),(1703,5,'SCL500566800',1,'OCEAN PARTNERS CHILE SPA','TO ORDER','KOREA ZINC CO., LTD.','2025-12-06','2025-12-27 19:37:00','2025-12-07 12:00:00','2025-12-07 12:00:00',NULL,96000.000,'KGM',32.000,'MTQ',5,1,'CREADO','OK',0,0,'2026-02-02 13:03:53','2026-01-30 14:24:40','2026-02-02 13:03:53',10,2,20,20,20,2,'CLSCL','CLSAI','BAARG','BAARG','BAARG','CLSAI',NULL,NULL,NULL);
/*!40000 ALTER TABLE `bls` ENABLE KEYS */;
UNLOCK TABLES;

--
-- Table structure for table `itinerarios`
--

DROP TABLE IF EXISTS `itinerarios`;
/*!40101 SET @saved_cs_client     = @@character_set_client */;
/*!50503 SET character_set_client = utf8mb4 */;
CREATE TABLE `itinerarios` (
  `id` int NOT NULL AUTO_INCREMENT,
  `manifiesto_id` int NOT NULL,
  `puerto_id` int NOT NULL,
  `port_type` enum('LOAD','DISCHARGE') NOT NULL,
  `eta` datetime DEFAULT NULL,
  `ets` datetime DEFAULT NULL,
  `orden` int DEFAULT '1',
  `created_at` timestamp NULL DEFAULT CURRENT_TIMESTAMP,
  PRIMARY KEY (`id`),
  KEY `manifiesto_id` (`manifiesto_id`),
  KEY `puerto_id` (`puerto_id`),
  CONSTRAINT `itinerarios_ibfk_1` FOREIGN KEY (`manifiesto_id`) REFERENCES `manifiestos` (`id`) ON DELETE CASCADE,
  CONSTRAINT `itinerarios_ibfk_2` FOREIGN KEY (`puerto_id`) REFERENCES `puertos` (`id`)
) ENGINE=InnoDB AUTO_INCREMENT=18 DEFAULT CHARSET=utf8mb4 COLLATE=utf8mb4_0900_ai_ci;
/*!40101 SET character_set_client = @saved_cs_client */;

--
-- Dumping data for table `itinerarios`
--

LOCK TABLES `itinerarios` WRITE;
/*!40000 ALTER TABLE `itinerarios` DISABLE KEYS */;
INSERT INTO `itinerarios` VALUES (1,1,1,'LOAD',NULL,NULL,1,'2026-01-05 15:54:30'),(2,1,3,'DISCHARGE',NULL,NULL,2,'2026-01-05 15:54:30'),(3,1,8,'DISCHARGE',NULL,NULL,3,'2026-01-05 15:54:30'),(4,3,1,'LOAD','2026-01-19 00:00:00','2026-01-19 00:00:00',1,'2026-01-19 18:13:04'),(5,3,5,'DISCHARGE','2026-01-26 00:00:00','2026-01-26 00:00:00',2,'2026-01-19 18:13:04'),(6,4,1,'LOAD','2026-01-19 00:00:00','2026-01-19 00:00:00',1,'2026-01-19 19:38:40'),(7,4,11,'DISCHARGE','2026-01-19 00:00:00','2026-01-19 00:00:00',2,'2026-01-19 19:38:40'),(8,5,1,'LOAD','2026-01-21 00:00:00','2026-01-21 00:00:00',1,'2026-01-21 18:03:08'),(17,10,3,'LOAD','2026-02-02 00:00:00','2026-02-02 00:00:00',1,'2026-02-02 12:56:09');
/*!40000 ALTER TABLE `itinerarios` ENABLE KEYS */;
UNLOCK TABLES;

--
-- Table structure for table `manifiestos`
--

DROP TABLE IF EXISTS `manifiestos`;
/*!40101 SET @saved_cs_client     = @@character_set_client */;
/*!50503 SET character_set_client = utf8mb4 */;
CREATE TABLE `manifiestos` (
  `id` int NOT NULL AUTO_INCREMENT,
  `viaje` varchar(30) NOT NULL,
  `tipo_operacion` varchar(10) DEFAULT NULL,
  `operador_nave` varchar(50) NOT NULL,
  `status` varchar(30) DEFAULT 'En edición',
  `remark` text,
  `emisor_documento` varchar(50) DEFAULT NULL,
  `representante` varchar(80) DEFAULT NULL,
  `fecha_manifiesto_aduana` date DEFAULT NULL,
  `numero_manifiesto_aduana` varchar(40) DEFAULT NULL,
  `servicio_id` int DEFAULT NULL,
  `nave_id` int DEFAULT NULL,
  `puerto_central_id` int DEFAULT NULL,
  `created_at` timestamp NULL DEFAULT CURRENT_TIMESTAMP,
  `updated_at` timestamp NULL DEFAULT CURRENT_TIMESTAMP ON UPDATE CURRENT_TIMESTAMP,
  PRIMARY KEY (`id`),
  KEY `servicio_id` (`servicio_id`),
  KEY `nave_id` (`nave_id`),
  KEY `puerto_central_id` (`puerto_central_id`),
  CONSTRAINT `manifiestos_ibfk_1` FOREIGN KEY (`servicio_id`) REFERENCES `servicios` (`id`),
  CONSTRAINT `manifiestos_ibfk_2` FOREIGN KEY (`nave_id`) REFERENCES `naves` (`id`),
  CONSTRAINT `manifiestos_ibfk_3` FOREIGN KEY (`puerto_central_id`) REFERENCES `puertos` (`id`)
) ENGINE=InnoDB AUTO_INCREMENT=11 DEFAULT CHARSET=utf8mb4 COLLATE=utf8mb4_0900_ai_ci;
/*!40101 SET character_set_client = @saved_cs_client */;

--
-- Dumping data for table `manifiestos`
--

LOCK TABLES `manifiestos` WRITE;
/*!40000 ALTER TABLE `manifiestos` DISABLE KEYS */;
INSERT INTO `manifiestos` VALUES (1,'028W','EX','1234','En edición','HOLA','1234','AJBROOM','2025-12-30','BL VARIOS',1,1,1,'2026-01-05 15:54:30','2026-01-19 18:00:22'),(2,'029W','EX','OP123','En edición',NULL,'EMI456','AJBROOM','2025-12-29','TRANSBORDO',1,4,1,'2026-01-05 15:54:30','2026-01-19 18:00:43'),(3,'097E','EX','00001','En revisión',NULL,'00001','AJBROOM','2000-01-19','CARGA IMO',2,2,1,'2026-01-19 18:13:04','2026-01-19 18:13:04'),(4,'099E','EX','000001','En revisión',NULL,'00001','AJBROOM','2026-01-19','ITEMS',1,3,1,'2026-01-19 19:38:40','2026-01-19 19:38:40'),(5,'024W','EX','00111','Activo','linea 56 corrompida','0111','AJBROOM','2026-01-21','CASO IMO 1',2,1,1,'2026-01-21 18:03:08','2026-01-22 13:51:24'),(10,'029','S','1221','Activo',NULL,'13312','AJBROOM','2026-02-03','12321321',3,1,1,'2026-02-02 12:56:09','2026-02-02 12:56:09');
/*!40000 ALTER TABLE `manifiestos` ENABLE KEYS */;
UNLOCK TABLES;

--
-- Table structure for table `naves`
--

DROP TABLE IF EXISTS `naves`;
/*!40101 SET @saved_cs_client     = @@character_set_client */;
/*!50503 SET character_set_client = utf8mb4 */;
CREATE TABLE `naves` (
  `id` int NOT NULL AUTO_INCREMENT,
  `codigo` varchar(20) DEFAULT NULL,
  `nombre` varchar(100) NOT NULL,
  `imo` varchar(20) DEFAULT NULL,
  `bandera` varchar(50) DEFAULT NULL,
  `capacidad_teus` int DEFAULT NULL,
  `created_at` timestamp NULL DEFAULT CURRENT_TIMESTAMP,
  `updated_at` timestamp NULL DEFAULT CURRENT_TIMESTAMP ON UPDATE CURRENT_TIMESTAMP,
  PRIMARY KEY (`id`),
  UNIQUE KEY `codigo` (`codigo`)
) ENGINE=InnoDB AUTO_INCREMENT=6 DEFAULT CHARSET=utf8mb4 COLLATE=utf8mb4_0900_ai_ci;
/*!40101 SET character_set_client = @saved_cs_client */;

--
-- Dumping data for table `naves`
--

LOCK TABLES `naves` WRITE;
/*!40000 ALTER TABLE `naves` DISABLE KEYS */;
INSERT INTO `naves` VALUES (1,'EVLOY','EVER LOYAL',NULL,NULL,NULL,'2026-01-05 15:54:30','2026-01-05 15:54:30'),(2,'WH721','WAN HAI 721',NULL,NULL,NULL,'2026-01-05 15:54:30','2026-01-05 15:54:30'),(3,'KOODY','KOTA ODYSSEY',NULL,NULL,NULL,'2026-01-05 15:54:30','2026-01-05 15:54:30'),(4,'EVFEA','EVER FEAT','IMO9876543','Panamá',14000,'2026-01-05 15:54:30','2026-01-12 20:33:10');
/*!40000 ALTER TABLE `naves` ENABLE KEYS */;
UNLOCK TABLES;

--
-- Table structure for table `pms51_tokens`
--

DROP TABLE IF EXISTS `pms51_tokens`;
/*!40101 SET @saved_cs_client     = @@character_set_client */;
/*!50503 SET character_set_client = utf8mb4 */;
CREATE TABLE `pms51_tokens` (
  `id` bigint unsigned NOT NULL AUTO_INCREMENT,
  `token` varchar(50) NOT NULL,
  `activo` tinyint(1) NOT NULL DEFAULT '1',
  `created_at` timestamp NULL DEFAULT CURRENT_TIMESTAMP,
  `updated_at` timestamp NULL DEFAULT CURRENT_TIMESTAMP ON UPDATE CURRENT_TIMESTAMP,
  PRIMARY KEY (`id`),
  UNIQUE KEY `uq_token` (`token`)
) ENGINE=InnoDB AUTO_INCREMENT=7 DEFAULT CHARSET=utf8mb4 COLLATE=utf8mb4_0900_ai_ci;
/*!40101 SET character_set_client = @saved_cs_client */;

--
-- Dumping data for table `pms51_tokens`
--

LOCK TABLES `pms51_tokens` WRITE;
/*!40000 ALTER TABLE `pms51_tokens` DISABLE KEYS */;
INSERT INTO `pms51_tokens` VALUES (1,'CASE',1,'2026-01-16 15:30:24','2026-01-16 15:30:24'),(2,'CARTON',1,'2026-01-16 15:30:24','2026-01-16 15:30:24'),(3,'PALLET',1,'2026-01-16 15:30:24','2026-01-16 15:30:24'),(4,'BAG',1,'2026-01-16 15:30:24','2026-01-16 15:30:24'),(5,'DRUM',1,'2026-01-16 15:30:24','2026-01-16 15:30:24');
/*!40000 ALTER TABLE `pms51_tokens` ENABLE KEYS */;
UNLOCK TABLES;

--
-- Table structure for table `pms_archivos`
--

DROP TABLE IF EXISTS `pms_archivos`;
/*!40101 SET @saved_cs_client     = @@character_set_client */;
/*!50503 SET character_set_client = utf8mb4 */;
CREATE TABLE `pms_archivos` (
  `id` int NOT NULL AUTO_INCREMENT,
  `manifiesto_id` int NOT NULL,
  `nombre_original` varchar(255) NOT NULL,
  `path_archivo` varchar(255) NOT NULL,
  `created_at` timestamp NULL DEFAULT CURRENT_TIMESTAMP,
  PRIMARY KEY (`id`),
  KEY `fk_pms_archivos_manifiesto` (`manifiesto_id`),
  CONSTRAINT `fk_pms_archivos_manifiesto` FOREIGN KEY (`manifiesto_id`) REFERENCES `manifiestos` (`id`) ON DELETE CASCADE
) ENGINE=InnoDB AUTO_INCREMENT=35 DEFAULT CHARSET=utf8mb4 COLLATE=utf8mb4_0900_ai_ci;
/*!40101 SET character_set_client = @saved_cs_client */;

--
-- Dumping data for table `pms_archivos`
--

LOCK TABLES `pms_archivos` WRITE;
/*!40000 ALTER TABLE `pms_archivos` DISABLE KEYS */;
INSERT INTO `pms_archivos` VALUES (1,1,'VEFT0028W_PIL_CL00_Manifest_202511260152_v403 (3) (1).pms','C:\\Users\\Ignacio Riffo\\Documents\\GitHub\\Formulario_Navieras\\expo-bl-api\\uploads\\pms\\manifiesto_1_1767638998261.pms','2026-01-05 18:49:58'),(2,1,'VEFT0028W_PIL_CL00_Manifest_202511260152_v403 (3) (1).pms','C:\\Users\\Ignacio Riffo\\Documents\\GitHub\\Formulario_Navieras\\expo-bl-api\\uploads\\pms\\manifiesto_1_1767639329565.pms','2026-01-05 18:55:29'),(3,1,'VEFT0028W_PIL_CL00_Manifest_202511260152_v403 (3) (1).pms','C:\\Users\\Ignacio Riffo\\Documents\\GitHub\\Formulario_Navieras\\expo-bl-api\\uploads\\pms\\manifiesto_1_1767641382265.pms','2026-01-05 19:29:42'),(4,2,'4) MULTIPLES-VYEL0090W_PIL_CL00_Manifest_202512262304_v403 (1).pms','C:\\Users\\Ignacio Riffo\\Documents\\GitHub\\Formulario_Navieras\\expo-bl-api\\uploads\\pms\\manifiesto_2_1767715728978.pms','2026-01-06 16:08:48'),(5,1,'6) TBDOS-VYEL0090W_PIL_CL00_Manifest_202512262311_v403 (1).pms','C:\\Users\\Ignacio Riffo\\Documents\\GitHub\\Formulario_Navieras\\expo-bl-api\\uploads\\pms\\manifiesto_1_1768243164682.pms','2026-01-12 18:39:24'),(6,1,'4) MULTIPLES-VYEL0090W_PIL_CL00_Manifest_202512262304_v403 (1).pms','C:\\Users\\Ignacio Riffo\\Documents\\GitHub\\Formulario_Navieras\\expo-bl-api\\uploads\\pms\\manifiesto_1_1768243399639.pms','2026-01-12 18:43:19'),(7,1,'VEFT0028W_PIL_CL00_Manifest_202511260152_v403 (3) (1).pms','C:\\Users\\Ignacio Riffo\\Documents\\GitHub\\Formulario_Navieras\\expo-bl-api\\uploads\\pms\\manifiesto_1_1768243412266.pms','2026-01-12 18:43:32'),(8,1,'VEFT0028W_PIL_CL00_Manifest_202511260152_v403 (3) (1).pms','C:\\Users\\Ignacio Riffo\\Documents\\GitHub\\Formulario_Navieras\\expo-bl-api\\uploads\\pms\\manifiesto_1_1768491103438.pms','2026-01-15 15:31:43'),(9,2,'4) MULTIPLES-VYEL0090W_PIL_CL00_Manifest_202512262304_v403 (1).pms','C:\\Users\\Ignacio Riffo\\Documents\\GitHub\\Formulario_Navieras\\expo-bl-api\\uploads\\pms\\manifiesto_2_1768491245931.pms','2026-01-15 15:34:05'),(10,2,'6) TBDOS-VYEL0090W_PIL_CL00_Manifest_202512262311_v403 (2).pms','C:\\Users\\Ignacio Riffo\\Documents\\GitHub\\Formulario_Navieras\\expo-bl-api\\uploads\\pms\\manifiesto_2_1768589318425.pms','2026-01-16 18:48:38'),(11,3,'7) IMO-VYEL0090W_PIL_CL00_Manifest_202512262237_v403 (1).pms','C:\\Users\\Ignacio Riffo\\Documents\\GitHub\\Formulario_Navieras\\expo-bl-api\\uploads\\pms\\manifiesto_3_1768846459096.pms','2026-01-19 18:14:19'),(12,4,'4) MULTIPLES-VYEL0090W_PIL_CL00_Manifest_202512262304_v403 (1).pms','C:\\Users\\Ignacio Riffo\\Documents\\GitHub\\Formulario_Navieras\\expo-bl-api\\uploads\\pms\\manifiesto_4_1768851896388.pms','2026-01-19 19:44:56'),(13,5,'Item peligroso SIN IMO en un contenedor','C:\\Users\\Ignacio Riffo\\Documents\\GitHub\\Formulario_Navieras\\expo-bl-api\\uploads\\pms\\manifiesto_5_1769018687263','2026-01-21 18:04:47');
/*!40000 ALTER TABLE `pms_archivos` ENABLE KEYS */;
UNLOCK TABLES;

--
-- Table structure for table `puertos`
--

DROP TABLE IF EXISTS `puertos`;
/*!40101 SET @saved_cs_client     = @@character_set_client */;
/*!50503 SET character_set_client = utf8mb4 */;
CREATE TABLE `puertos` (
  `id` int NOT NULL AUTO_INCREMENT,
  `codigo` varchar(20) NOT NULL,
  `nombre` varchar(100) NOT NULL,
  `pais` varchar(50) DEFAULT NULL,
  `created_at` timestamp NULL DEFAULT CURRENT_TIMESTAMP,
  `updated_at` timestamp NULL DEFAULT CURRENT_TIMESTAMP ON UPDATE CURRENT_TIMESTAMP,
  PRIMARY KEY (`id`),
  UNIQUE KEY `codigo` (`codigo`)
) ENGINE=InnoDB AUTO_INCREMENT=21 DEFAULT CHARSET=utf8mb4 COLLATE=utf8mb4_0900_ai_ci;
/*!40101 SET character_set_client = @saved_cs_client */;

--
-- Dumping data for table `puertos`
--

LOCK TABLES `puertos` WRITE;
/*!40000 ALTER TABLE `puertos` DISABLE KEYS */;
INSERT INTO `puertos` VALUES (1,'CLVAP','VALPARAISO','Chile','2026-01-05 15:54:30','2026-01-05 15:54:30'),(2,'CLSAI','SAN ANTONIO','Chile','2026-01-05 15:54:30','2026-01-05 15:54:30'),(3,'HKHKG','HONG KONG','China','2026-01-05 15:54:30','2026-01-12 18:47:49'),(4,'CNYTN','YANTIAN','China','2026-01-05 15:54:30','2026-01-05 15:54:30'),(5,'TWKHH','KAOHSIUNG','Taiwan','2026-01-05 15:54:30','2026-01-05 15:54:30'),(6,'CNSHA','SHANGHAI','China','2026-01-05 15:54:30','2026-01-05 15:54:30'),(7,'CNNGB','NINGBO','China','2026-01-05 15:54:30','2026-01-05 15:54:30'),(8,'GUGUM','GUAM','Guam','2026-01-05 15:54:30','2026-01-05 15:54:30'),(9,'PECLL','CALLAO','Perú','2026-01-05 15:54:30','2026-01-05 15:54:30'),(10,'CLSCL','SANTIAGO','Chile','2026-01-12 16:22:17','2026-01-12 16:22:55'),(11,'IDSRG','SEMARANG',NULL,'2026-01-12 18:49:36','2026-01-12 18:49:36'),(12,'CNJXN','JIAOXIN',NULL,'2026-01-12 18:49:36','2026-01-12 18:49:36'),(13,'CNSWA','SHANTOU',NULL,'2026-01-12 18:49:36','2026-01-12 18:49:36'),(14,'CLAF','ANTOFAGASTA',NULL,'2026-01-14 12:59:28','2026-01-14 12:59:46'),(15,'CLLA','LOS ÁNGELES',NULL,'2026-01-15 12:03:08','2026-01-15 12:03:08'),(17,'KRPUS','BUSAN',NULL,'2026-01-23 17:45:25','2026-01-23 17:45:25'),(20,'BAARG','BUENOS AIRES, ARGENTINA',NULL,'2026-01-27 19:41:01','2026-01-27 19:41:01');
/*!40000 ALTER TABLE `puertos` ENABLE KEYS */;
UNLOCK TABLES;

--
-- Table structure for table `servicios`
--

DROP TABLE IF EXISTS `servicios`;
/*!40101 SET @saved_cs_client     = @@character_set_client */;
/*!50503 SET character_set_client = utf8mb4 */;
CREATE TABLE `servicios` (
  `id` int NOT NULL AUTO_INCREMENT,
  `codigo` varchar(20) NOT NULL,
  `nombre` varchar(100) NOT NULL,
  `descripcion` text,
  `frecuencia` varchar(50) DEFAULT NULL,
  `created_at` timestamp NULL DEFAULT CURRENT_TIMESTAMP,
  `updated_at` timestamp NULL DEFAULT CURRENT_TIMESTAMP ON UPDATE CURRENT_TIMESTAMP,
  PRIMARY KEY (`id`),
  UNIQUE KEY `codigo` (`codigo`)
) ENGINE=InnoDB AUTO_INCREMENT=6 DEFAULT CHARSET=utf8mb4 COLLATE=utf8mb4_0900_ai_ci;
/*!40101 SET character_set_client = @saved_cs_client */;

--
-- Dumping data for table `servicios`
--

LOCK TABLES `servicios` WRITE;
/*!40000 ALTER TABLE `servicios` DISABLE KEYS */;
INSERT INTO `servicios` VALUES (1,'WSA','West South America Service','Servicio Asia → Costa Oeste Sudamérica','Weekly','2026-01-05 15:54:30','2026-01-05 15:54:30'),(2,'WS6','West South America Service 6','Servicio Asia → Costa Oeste Sudamérica','Weekly','2026-01-05 15:54:30','2026-01-05 15:54:30'),(3,'PAX','Pacific Express','Servicio Pacífico','Bi-weekly','2026-01-05 15:54:30','2026-01-05 15:54:30'),(4,'EUX','Europe Express','Servicio Europa - Sudamérica',NULL,'2026-01-05 15:54:30','2026-01-05 15:54:30'),(5,'CSA','Caribbean South America','Servicio Caribe',NULL,'2026-01-05 15:54:30','2026-01-05 15:54:30');
/*!40000 ALTER TABLE `servicios` ENABLE KEYS */;
UNLOCK TABLES;

--
-- Table structure for table `tipo_cnt_tipo_bulto`
--

DROP TABLE IF EXISTS `tipo_cnt_tipo_bulto`;
/*!40101 SET @saved_cs_client     = @@character_set_client */;
/*!50503 SET character_set_client = utf8mb4 */;
CREATE TABLE `tipo_cnt_tipo_bulto` (
  `id` int NOT NULL AUTO_INCREMENT,
  `tipo_cnt` varchar(10) NOT NULL,
  `tipo_bulto` varchar(10) NOT NULL,
  `activo` tinyint(1) NOT NULL DEFAULT '1',
  `created_at` timestamp NULL DEFAULT CURRENT_TIMESTAMP,
  `updated_at` timestamp NULL DEFAULT CURRENT_TIMESTAMP ON UPDATE CURRENT_TIMESTAMP,
  `descripcion` varchar(255) DEFAULT NULL,
  PRIMARY KEY (`id`),
  UNIQUE KEY `uq_tipo_cnt` (`tipo_cnt`)
) ENGINE=InnoDB AUTO_INCREMENT=4 DEFAULT CHARSET=utf8mb4 COLLATE=utf8mb4_0900_ai_ci;
/*!40101 SET character_set_client = @saved_cs_client */;

--
-- Dumping data for table `tipo_cnt_tipo_bulto`
--

LOCK TABLES `tipo_cnt_tipo_bulto` WRITE;
/*!40000 ALTER TABLE `tipo_cnt_tipo_bulto` DISABLE KEYS */;
INSERT INTO `tipo_cnt_tipo_bulto` VALUES (1,'45R1','76',1,'2026-01-15 15:12:46','2026-02-02 13:20:20','	CONTENEDOR REFRIGERADO 40 PIES'),(2,'22G1','73',1,'2026-01-15 15:12:46','2026-02-02 13:20:20','CONTENEDOR DE 20 PIES DRY'),(3,'45G1','78',1,'2026-01-16 16:15:13','2026-02-02 13:20:20','	CONTENEDOR NO ESPECIFICADO (Open Top, Tank, Flat Rack, otros)');
/*!40000 ALTER TABLE `tipo_cnt_tipo_bulto` ENABLE KEYS */;
UNLOCK TABLES;

--
-- Table structure for table `tipos_servicio`
--

DROP TABLE IF EXISTS `tipos_servicio`;
/*!40101 SET @saved_cs_client     = @@character_set_client */;
/*!50503 SET character_set_client = utf8mb4 */;
CREATE TABLE `tipos_servicio` (
  `id` int NOT NULL AUTO_INCREMENT,
  `codigo` varchar(2) NOT NULL,
  `nombre` varchar(20) NOT NULL,
  `descripcion` varchar(100) DEFAULT NULL,
  PRIMARY KEY (`id`),
  UNIQUE KEY `uk_tipos_servicio_codigo` (`codigo`)
) ENGINE=InnoDB AUTO_INCREMENT=4 DEFAULT CHARSET=utf8mb4 COLLATE=utf8mb4_0900_ai_ci;
/*!40101 SET character_set_client = @saved_cs_client */;

--
-- Dumping data for table `tipos_servicio`
--

LOCK TABLES `tipos_servicio` WRITE;
/*!40000 ALTER TABLE `tipos_servicio` DISABLE KEYS */;
INSERT INTO `tipos_servicio` VALUES (1,'FF','FCL/FCL',NULL),(2,'MM','EMPTY',NULL),(3,'BB','BB','Carga Suelta / General Cargo');
/*!40000 ALTER TABLE `tipos_servicio` ENABLE KEYS */;
UNLOCK TABLES;

--
-- Table structure for table `usuarios`
--

DROP TABLE IF EXISTS `usuarios`;
/*!40101 SET @saved_cs_client     = @@character_set_client */;
/*!50503 SET character_set_client = utf8mb4 */;
CREATE TABLE `usuarios` (
  `id` int NOT NULL AUTO_INCREMENT,
  `nombre` varchar(100) DEFAULT NULL,
  `email` varchar(100) DEFAULT NULL,
  `password` varchar(255) DEFAULT NULL,
  `reset_code` varchar(6) DEFAULT NULL,
  `reset_code_expires` datetime DEFAULT NULL,
  `google_id` varchar(100) DEFAULT NULL,
  `foto_perfil` varchar(500) DEFAULT NULL,
  `rol` enum('admin','usuario','operador') DEFAULT 'usuario',
  `activo` tinyint(1) DEFAULT '1',
  `ultimo_acceso` timestamp NULL DEFAULT NULL,
  `created_at` timestamp NULL DEFAULT CURRENT_TIMESTAMP,
  PRIMARY KEY (`id`),
  UNIQUE KEY `email` (`email`),
  UNIQUE KEY `google_id` (`google_id`)
) ENGINE=InnoDB AUTO_INCREMENT=15 DEFAULT CHARSET=utf8mb4 COLLATE=utf8mb4_0900_ai_ci;
/*!40101 SET character_set_client = @saved_cs_client */;

--
-- Dumping data for table `usuarios`
--

LOCK TABLES `usuarios` WRITE;
/*!40000 ALTER TABLE `usuarios` DISABLE KEYS */;
INSERT INTO `usuarios` VALUES (1,'Admin','admin@test.com','HASH',NULL,NULL,NULL,NULL,'admin',1,NULL,'2026-01-05 15:54:30'),(2,'Administrador','admin@broomgroup.cl','$2b$10$3h//Z3ZqLptkeWgCjG2OZumqHGzmnBHf59baX.tOSc5z4slGPVZ6y',NULL,NULL,NULL,NULL,'admin',1,'2026-01-15 13:42:18','2026-01-05 15:57:25'),(3,'Usuario Demo','usuario@broomgroup.cl','$2b$10$vZYqrc/ybflxZ9jwkWQzH.BSPrfxb4C7md2F6FxhUu0ML3fHSwSDK',NULL,NULL,NULL,NULL,'usuario',1,NULL,'2026-01-05 15:57:25'),(4,'Operador PIL','operador@broomgroup.cl','$2b$10$JOWZGjoiQDS.UbpVysRqW.aaaKPtsvtNGqFKDvm.e4v2aNm4UsaC6',NULL,NULL,NULL,NULL,'usuario',1,NULL,'2026-01-05 15:57:25'),(11,'ALMENDRA . PAVEZ BRIONES','alm.pavez@duocuc.cl','$2b$10$7JuZvKSpr83D6nsED85q7eEKNOPQnWwPAWzbHQmPTqL/wau7nnEhu',NULL,NULL,'109974620391524188812','https://lh3.googleusercontent.com/a/ACg8ocJX9NpuUVtjCQ8MJblKShTEFYv3PNf39oilwZyoqb5rs-SJRheK=s96-c','usuario',1,'2026-01-15 12:05:32','2026-01-14 19:35:31'),(12,'Almendra Pavez','sujuu.aesthetic@gmail.com',NULL,NULL,NULL,'105074930850393443271','https://lh3.googleusercontent.com/a/ACg8ocJbjauv5cDjV7sUX2U04YnnbmPpzFtk6_maM6XovfyHtMp20VCt=s96-c','usuario',1,'2026-01-14 19:45:04','2026-01-14 19:45:04'),(13,'Almendra Pavez','apavez@broomgroup.com','$2b$10$yWQiaIlxrCxsshN.ufEryuc6RSY2PqiWi1Hg6Oayjtxlc.jpm9T86',NULL,NULL,'110618013735854447228','https://lh3.googleusercontent.com/a/ACg8ocKm6aiKTAYIgpklib37xzzBnUw8OyEF2869SC2TS-s5U1q_=s96-c','admin',1,'2026-01-30 14:20:34','2026-01-14 19:52:52'),(14,'Ignacio Riffo','iriffo@broomgroup.com','$2b$10$Z5juSy16cRyuLzfcEVovseYwWctwNAXk3VZ/fJVNvFZhTGrAk6Hda',NULL,NULL,'116800619475280199632','https://lh3.googleusercontent.com/a/ACg8ocK5_I2T_oyvtMK04lQaFHbYhaCquTYab5LCZRdxcJkqVDJJMg=s96-c','admin',1,'2026-01-26 12:12:15','2026-01-15 14:23:48');
/*!40000 ALTER TABLE `usuarios` ENABLE KEYS */;
UNLOCK TABLES;
/*!40103 SET TIME_ZONE=@OLD_TIME_ZONE */;

/*!40101 SET SQL_MODE=@OLD_SQL_MODE */;
/*!40014 SET FOREIGN_KEY_CHECKS=@OLD_FOREIGN_KEY_CHECKS */;
/*!40014 SET UNIQUE_CHECKS=@OLD_UNIQUE_CHECKS */;
/*!40101 SET CHARACTER_SET_CLIENT=@OLD_CHARACTER_SET_CLIENT */;
/*!40101 SET CHARACTER_SET_RESULTS=@OLD_CHARACTER_SET_RESULTS */;
/*!40101 SET COLLATION_CONNECTION=@OLD_COLLATION_CONNECTION */;
/*!40111 SET SQL_NOTES=@OLD_SQL_NOTES */;

-- Dump completed on 2026-02-02 10:20:47
