-- MySQL dump 10.13  Distrib 8.0.44, for Win64 (x86_64)
--
-- Host: 127.0.0.1    Database: sga
-- ------------------------------------------------------
-- Server version	8.0.44

/*!40101 SET @OLD_CHARACTER_SET_CLIENT=@@CHARACTER_SET_CLIENT */;
/*!40101 SET @OLD_CHARACTER_SET_RESULTS=@@CHARACTER_SET_RESULTS */;
/*!40101 SET @OLD_COLLATION_CONNECTION=@@COLLATION_CONNECTION */;
/*!50503 SET NAMES utf8 */;
/*!40103 SET @OLD_TIME_ZONE=@@TIME_ZONE */;
/*!40103 SET TIME_ZONE='+00:00' */;
/*!40014 SET @OLD_UNIQUE_CHECKS=@@UNIQUE_CHECKS, UNIQUE_CHECKS=0 */;
/*!40014 SET @OLD_FOREIGN_KEY_CHECKS=@@FOREIGN_KEY_CHECKS, FOREIGN_KEY_CHECKS=0 */;
/*!40101 SET @OLD_SQL_MODE=@@SQL_MODE, SQL_MODE='NO_AUTO_VALUE_ON_ZERO' */;
/*!40111 SET @OLD_SQL_NOTES=@@SQL_NOTES, SQL_NOTES=0 */;

--
-- Table structure for table `bls`
--

DROP TABLE IF EXISTS `bls`;
/*!40101 SET @saved_cs_client     = @@character_set_client */;
/*!50503 SET character_set_client = utf8mb4 */;
CREATE TABLE `bls` (
  `id` int NOT NULL AUTO_INCREMENT,
  `manifiesto_id` int NOT NULL,
  `bl_number` varchar(50) NOT NULL,
  `tipo_servicio_id` int DEFAULT NULL,
  `shipper` varchar(255) DEFAULT NULL,
  `consignee` varchar(255) DEFAULT NULL,
  `notify_party` varchar(255) DEFAULT NULL,
  `fecha_emision` date DEFAULT NULL,
  `fecha_presentacion` datetime DEFAULT NULL,
  `fecha_embarque` datetime DEFAULT NULL,
  `fecha_zarpe` datetime DEFAULT NULL,
  `descripcion_carga` text,
  `peso_bruto` decimal(12,3) DEFAULT NULL,
  `unidad_peso` varchar(3) DEFAULT NULL,
  `volumen` decimal(12,3) DEFAULT NULL,
  `unidad_volumen` varchar(3) DEFAULT NULL,
  `bultos` int DEFAULT NULL,
  `total_items` int DEFAULT NULL,
  `status` enum('CREADO','VALIDADO','ENVIADO','ANULADO') DEFAULT 'CREADO',
  `created_at` timestamp NULL DEFAULT CURRENT_TIMESTAMP,
  `updated_at` timestamp NULL DEFAULT CURRENT_TIMESTAMP ON UPDATE CURRENT_TIMESTAMP,
  `lugar_emision_id` int DEFAULT NULL,
  `puerto_embarque_id` int DEFAULT NULL,
  `puerto_descarga_id` int DEFAULT NULL,
  `lugar_destino_id` int DEFAULT NULL,
  `lugar_entrega_id` int DEFAULT NULL,
  `lugar_recepcion_id` int DEFAULT NULL,
  PRIMARY KEY (`id`),
  UNIQUE KEY `uk_bl_manifiesto` (`manifiesto_id`,`bl_number`),
  KEY `fk_bls_tipo_servicio` (`tipo_servicio_id`),
  KEY `fk_bls_le` (`lugar_emision_id`),
  KEY `fk_bls_pe` (`puerto_embarque_id`),
  KEY `fk_bls_pd` (`puerto_descarga_id`),
  KEY `fk_bls_ld` (`lugar_destino_id`),
  KEY `fk_bls_lem` (`lugar_entrega_id`),
  KEY `fk_bls_lrm` (`lugar_recepcion_id`),
  CONSTRAINT `fk_bls_ld` FOREIGN KEY (`lugar_destino_id`) REFERENCES `puertos` (`id`),
  CONSTRAINT `fk_bls_le` FOREIGN KEY (`lugar_emision_id`) REFERENCES `puertos` (`id`),
  CONSTRAINT `fk_bls_lem` FOREIGN KEY (`lugar_entrega_id`) REFERENCES `puertos` (`id`),
  CONSTRAINT `fk_bls_lrm` FOREIGN KEY (`lugar_recepcion_id`) REFERENCES `puertos` (`id`),
  CONSTRAINT `fk_bls_manifiesto` FOREIGN KEY (`manifiesto_id`) REFERENCES `manifiestos` (`id`) ON DELETE CASCADE,
  CONSTRAINT `fk_bls_pd` FOREIGN KEY (`puerto_descarga_id`) REFERENCES `puertos` (`id`),
  CONSTRAINT `fk_bls_pe` FOREIGN KEY (`puerto_embarque_id`) REFERENCES `puertos` (`id`),
  CONSTRAINT `fk_bls_tipo_servicio` FOREIGN KEY (`tipo_servicio_id`) REFERENCES `tipos_servicio` (`id`)
) ENGINE=InnoDB AUTO_INCREMENT=771 DEFAULT CHARSET=utf8mb4 COLLATE=utf8mb4_0900_ai_ci;
/*!40101 SET character_set_client = @saved_cs_client */;

--
-- Dumping data for table `bls`
--

LOCK TABLES `bls` WRITE;
/*!40000 ALTER TABLE `bls` DISABLE KEYS */;
INSERT INTO `bls` VALUES (529,2,'SCL500567400',1,'INTER-TANK SPA RUT 77.250.332-6 AV. OSSA 235 OF.1065 SANTIAGO, CHILE CLSCL','WEN RAN SHIPPING CO.,LTD. ADD','WEN RAN SHIPPING CO.,LTD. ADD','2025-12-06','2025-12-26 23:04:00','2025-12-06 15:00:00','2025-12-06 15:00:00','001 Y000001000100011646000 00000179200000017920IN CONTAINERS HOLDING 2 L OR LESS 220420GPKGMMTQY | 002 Y000003000600066076000 00001087000000108700IN CONTAINERS HOLDING 2 L OR LESS 220440HCKGMMTQY',77722.000,'KGM',126.620,'MTQ',4,2,'CREADO','2026-01-12 16:23:05','2026-01-12 16:23:05',10,2,6,NULL,NULL,NULL),(741,1,'SCL500494400',1,'ONBOARD LOGISTICS PARAGUAY SA AVIADORES DEL CHACO 1669 C/ SAN MARTIN, EDIF. AYMAC I, PISO 4, LADO A 0 CLSCL','ROHLIG TAIWAN CO., LTD 13F.-7, NO.8, SEC. 7, CIVIC BOULEVARD, NANGANG DISTRICT','ROHLIG TAIWAN CO., LTD 13F.-7, NO.8, SEC. 7, CIVIC BOULEVARD, NANGANG DISTRICT','2025-11-26','2025-11-26 01:52:00','2025-11-26 17:00:00','2025-11-26 17:00:00','001 Y000001000200022722550 00000500000000050000BONELESS 020140RHKGMMTQY',22722.550,'KGM',50.000,'MTQ',1,1,'CREADO','2026-01-12 18:49:41','2026-01-14 12:59:06',10,2,6,NULL,NULL,NULL),(742,1,'SCL500496000',1,'ONBOARD LOGISTICS PARAGUAY SA AVIADORES DEL CHACO 1669 C/ SAN MARTIN, EDIF. AYMAC I, PISO 4, LADO A 0 CLSCL','ROHLIG TAIWAN CO., LTD 13F.-7, NO.8, SEC. 7, CIVIC BOULEVARD, NANGANG DISTRICT','ROHLIG TAIWAN CO., LTD 13F.-7, NO.8, SEC. 7, CIVIC BOULEVARD, NANGANG DISTRICT','2025-11-26','2025-11-26 01:52:00','2025-11-26 08:00:00','2025-11-26 08:00:00','001 Y000001000200022773470 00000500000000050000BONELESS 020140RHKGMMTQY',22773.470,'KGM',50.000,'MTQ',1,1,'CREADO','2026-01-12 18:49:41','2026-01-12 18:49:41',10,1,5,NULL,NULL,NULL),(743,1,'SCL500508900',1,'INTER-TANK SPA RUT 77.250.332-6 AV. OSSA 235 OF. 1065 SANTIAGO, CHILE CLSCL','LYSEO CHINA COMPANY LIMITED. NINGBO BRANCH RM.502,','LYSEO CHINA COMPANY LIMITED. NINGBO BRANCH RM.502,','2025-11-26','2025-11-26 01:52:00','2025-11-26 11:00:00','2025-11-26 11:00:00','001 Y000001000100010819800 00000191500000019150IN CONTAINERS HOLDING 2 L OR LESS 220420GPKGMMTQY',10819.800,'KGM',19.150,'MTQ',1,1,'CREADO','2026-01-12 18:49:41','2026-01-15 12:03:25',10,1,6,NULL,NULL,NULL),(744,1,'SCL500513400',1,'INTER-TANK SPA RUT 77.250.332-6 AV. OSSA 235 OF. 1065 SANTIAGO, CHILE CLSCL','LYSEO CHINA COMPANY LIMITED. NINGBO BRANCH RM.502,','LYSEO CHINA COMPANY LIMITED. NINGBO BRANCH RM.502,','2025-11-26','2025-11-26 01:52:00','2025-11-26 08:00:00','2025-11-26 08:00:00','001 Y000001000100010805000 00000297000000029700IN CONTAINERS HOLDING 2 L OR LESS 220420GPKGMMTQY',10805.000,'KGM',29.700,'MTQ',1,1,'CREADO','2026-01-12 18:49:41','2026-01-12 18:49:41',10,1,7,NULL,NULL,NULL),(745,1,'SCL500513500',1,'INTER-TANK SPA RUT 77.250.332-6 AV. OSSA 235 OF. 1065 SANTIAGO, CHILE CLSCL','LYSEO CHINA COMPANY LIMITED. NINGBO BRANCH RM.502,','LYSEO CHINA COMPANY LIMITED. NINGBO BRANCH RM.502,','2025-11-26','2025-11-26 01:52:00','2025-11-26 08:00:00','2025-11-26 08:00:00','001 Y000001000100013800000 00000230000000023000IN CONTAINERS HOLDING 2 L OR LESS 220420GPKGMMTQY',13800.000,'KGM',23.000,'MTQ',1,1,'CREADO','2026-01-12 18:49:41','2026-01-12 18:49:41',10,1,7,NULL,NULL,NULL),(746,1,'SCL500518700',1,'ONBOARD LOGISTICS PARAGUAY SA AVIADORES DEL CHACO 1669 C/ SAN MARTIN, EDIF. AYMAC I, PISO 4, LADO A 0 CLSCL','ROHLIG TAIWAN CO., LTD 13F.-7, NO.8, SEC. 7, CIVIC BOULEVARD, NANGANG DISTRICT','ROHLIG TAIWAN CO., LTD 13F.-7, NO.8, SEC. 7, CIVIC BOULEVARD, NANGANG DISTRICT','2025-11-26','2025-11-26 01:52:00','2025-11-26 08:00:00','2025-11-26 08:00:00','001 Y000001000200022182770 00000500000000050000BONELESS 020140RHKGMMTQY',22182.770,'KGM',50.000,'MTQ',1,1,'CREADO','2026-01-12 18:49:41','2026-01-12 18:49:41',10,1,5,NULL,NULL,NULL),(747,1,'SCL500524800',1,'ORAFTI CHILE S.A. ON BEHALF OF DPO INTERNATIONAL KM. 445 RUTA 5 SUR PEMUCO-CHILE CLSCL','DPO BEIJING COMPANY LIMITED. NO.2111 TOWER A, FREETOWN,58 SOUTH ROAD, DONGSANHUAN, CHAOYANG DISTRICT 100022 BEIJING, CHINA CNCAN','DPO BEIJING COMPANY LIMITED. NO.2111 TOWER A, FREETOWN,58 SOUTH ROAD, DONGSANHUAN, CHAOYANG DISTRICT 100022 BEIJING, CHINA CNCAN','2025-11-26','2025-11-26 01:52:00','2025-11-26 08:00:00','2025-11-26 08:00:00','001 Y000001000200021630000 00000428400000042840INULIN 110840HCKGMMTQY',21630.000,'KGM',42.840,'MTQ',1,1,'CREADO','2026-01-12 18:49:41','2026-01-12 18:49:41',10,1,12,NULL,NULL,NULL),(748,1,'SCL500524900',1,'ORAFTI CHILE S.A. ON BEHALF OF DPO INTERNATIONAL KM. 445 RUTA 5 SUR PEMUCO-CHILE CLSCL','DPO BEIJING COMPANY LIMITED. NO.2111 TOWER A, FREETOWN,58 SOUTH ROAD, DONGSANHUAN, CHAOYANG DISTRICT 100022 BEIJING, CHINA CNCAN','DPO BEIJING COMPANY LIMITED. NO.2111 TOWER A, FREETOWN,58 SOUTH ROAD, DONGSANHUAN, CHAOYANG DISTRICT 100022 BEIJING, CHINA CNCAN','2025-11-26','2025-11-26 01:52:00','2025-11-26 08:00:00','2025-11-26 08:00:00','001 Y000001000200021630000 00000000000000000000INULIN 110840HCKGMMTQY',21630.000,'KGM',0.000,'MTQ',1,1,'CREADO','2026-01-12 18:49:41','2026-01-12 18:49:41',10,1,12,NULL,NULL,NULL),(749,1,'SCL500529300',1,'PROCESADORA Y DESHIDRATADORA COLCHAGUA S.A. CAMINO PICHILEMU S/N, PALMILLA, SANTA CRUZ, CHILE - MACARENA POBLETE LIRA CLSAI','GUANGDONG YUAN HENG FOOD CO., LTD TAX ID','GUANGDONG YUAN HENG FOOD CO., LTD TAX ID','2025-11-26','2025-11-26 01:52:00','2025-11-26 08:00:00','2025-11-26 08:00:00','001 Y000001000200025150000 00000000000000000000PRUNES 081340HCKGMMTQY',25150.000,'KGM',0.000,'MTQ',1,1,'CREADO','2026-01-12 18:49:41','2026-01-12 18:49:41',10,1,13,NULL,NULL,NULL),(750,1,'SCL500531000',1,'MENDOZA EXPORTS S.A. FLORIDA 890 PISO 12 DPTO S-T-M C.A.B.A. - ARGENTINA CUIT','PER-UNION ENTERPRISE CO., LTD 1F., NO.11, LANE 23, CINGHUA ST., BEIGANG TOWNSHIP YUNLIN COUNTY - 651, TAIWAN','PER-UNION ENTERPRISE CO., LTD 1F., NO.11, LANE 23, CINGHUA ST., BEIGANG TOWNSHIP YUNLIN COUNTY - 651, TAIWAN','2025-11-26','2025-11-26 01:52:00','2025-11-26 08:00:00','2025-11-26 08:00:00','001 Y000001000200025200000 00000000000000000000GARLIC 070340RHKGMMTQY',25200.000,'KGM',0.000,'MTQ',1,1,'CREADO','2026-01-12 18:49:41','2026-01-12 18:49:41',10,1,5,NULL,NULL,NULL),(751,1,'SCL500531001',1,'MENDOZA EXPORTS S.A. FLORIDA 890 PISO 12 DPTO S-T-M C.A.B.A. - ARGENTINA CUIT','PER-UNION ENTERPRISE CO., LTD 1F., NO.11, LANE 23, CINGHUA ST., BEIGANG TOWNSHIP YUNLIN COUNTY - 651, TAIWAN','PER-UNION ENTERPRISE CO., LTD 1F., NO.11, LANE 23, CINGHUA ST., BEIGANG TOWNSHIP YUNLIN COUNTY - 651, TAIWAN','2025-11-26','2025-11-26 01:52:00','2025-11-26 08:00:00','2025-11-26 08:00:00','001 Y000001000200025200000 00000000000000000000GARLIC 070340RHKGMMTQY',25200.000,'KGM',0.000,'MTQ',1,1,'CREADO','2026-01-12 18:49:41','2026-01-12 18:49:41',10,1,5,NULL,NULL,NULL),(752,1,'SCL500531002',1,'MENDOZA EXPORTS S.A. FLORIDA 890 PISO 12 DPTO S-T-M C.A.B.A. - ARGENTINA CUIT','PER-UNION ENTERPRISE CO., LTD 1F., NO.11, LANE 23, CINGHUA ST., BEIGANG TOWNSHIP YUNLIN COUNTY - 651, TAIWAN','PER-UNION ENTERPRISE CO., LTD 1F., NO.11, LANE 23, CINGHUA ST., BEIGANG TOWNSHIP YUNLIN COUNTY - 651, TAIWAN','2025-11-26','2025-11-26 01:52:00','2025-11-26 08:00:00','2025-11-26 08:00:00','001 Y000001000200025200000 00000000000000000000GARLIC 070340RHKGMMTQY',25200.000,'KGM',0.000,'MTQ',1,1,'CREADO','2026-01-12 18:49:41','2026-01-12 18:49:41',10,1,5,NULL,NULL,NULL),(753,1,'SCL500532500',1,'FRUTEEC CHILE SPA AV. PRESIDENTE KENNEDY 7900, OF. 902, VITACURA, SANTIAGO, CHILE. TEL','XIAMEN C&D ESSENTIAL RESOURCES CO.,LTD. C&D INTERNATIONAL BUILDING 16/F,NO.1699 EAST HUANDAO ROAD,SIMING DISTRICT, XIAMEN. CHINA CNSHA','XIAMEN C&D ESSENTIAL RESOURCES CO.,LTD. C&D INTERNATIONAL BUILDING 16/F,NO.1699 EAST HUANDAO ROAD,SIMING DISTRICT, XIAMEN. CHINA CNSHA','2025-11-26','2025-11-26 01:52:00','2025-11-26 08:00:00','2025-11-26 08:00:00','001 Y000001000200025410000 00000000000000000000PRUNES 081340HCKGMMTQY',25410.000,'KGM',0.000,'MTQ',1,1,'CREADO','2026-01-12 18:49:41','2026-01-12 18:49:41',10,1,6,NULL,NULL,NULL),(754,1,'SCL500533100',1,'AZUL NATURAL BEEF S.A. LAS PELARGONIAS 842 OF 1309 CLSCL','SHANGHAI ALL FOOD WIN CO., LTD ROOM 1607, BUILDING 5, NO. 1628, JINSHA JIANG ROAD, PUTUO DISTRICT, SHANGHAI, 200333, CHINA. CNSHA','SHANGHAI ALL FOOD WIN CO., LTD ROOM 1607, BUILDING 5, NO. 1628, JINSHA JIANG ROAD, PUTUO DISTRICT, SHANGHAI, 200333, CHINA. CNSHA','2025-11-26','2025-11-26 01:52:00','2025-11-26 08:00:00','2025-11-26 08:00:00','001 Y000001000200022792990 00000500000000050000BONELESS 020140RHKGMMTQY',22792.990,'KGM',50.000,'MTQ',1,1,'CREADO','2026-01-12 18:49:41','2026-01-12 18:49:41',10,1,6,NULL,NULL,NULL),(755,1,'SCL500534700',1,'INTER-TANK SPA AV. OSSA 235 OF. 1065 SANTIAGO, CHILE 77.870.680-6 CLSCL','CARGO MOVING SUPPLY CHAIN','CARGO MOVING SUPPLY CHAIN','2025-11-26','2025-11-26 01:52:00','2025-11-26 08:00:00','2025-11-26 08:00:00','001 Y000002000400047444600 00000916800000091680IN CONTAINERS HOLDING 2 L OR LESS 220440HCKGMMTQY',47444.600,'KGM',91.680,'MTQ',2,1,'CREADO','2026-01-12 18:49:41','2026-01-12 18:49:41',10,1,4,NULL,NULL,NULL),(756,1,'SCL500538000',1,'PACIFIC NUT COMPANY CHILE S.A. CAMINO PADRE HURTADO 19956 SAN BERNARDO, SANTIAGO, CHILE CLSCL','WUHAN HOLLY FOODS COMPANY LIMITED SPECIAL NO.1','WUHAN HOLLY FOODS COMPANY LIMITED SPECIAL NO.1','2025-11-26','2025-11-26 01:52:00','2025-11-26 08:00:00','2025-11-26 08:00:00','001 Y000001000100020920000 00000170000000017000FRUIT, EDIBLE; GRAPES, DRIED 150 20GPKGMMTQY',20920.000,'KGM',17.000,'MTQ',1,1,'CREADO','2026-01-12 18:49:41','2026-01-12 18:49:41',10,1,7,NULL,NULL,NULL),(757,1,'SCL500538400',1,'INTER-TANK SPA RUT 77.250.332-6 AV. OSSA 235 OF. 1065 SANTIAGO, CHILE CLSCL','MANUPORT LIQUIDS HONG KONG LIMITED UNIT 7-9, 16/F, TOWER B, 83 KING LAM STREET, CHEUNG SHA WAN, KOWLOON, HONG KONG HKHKG','MANUPORT LIQUIDS HONG KONG LIMITED UNIT 7-9, 16/F, TOWER B, 83 KING LAM STREET, CHEUNG SHA WAN, KOWLOON, HONG KONG HKHKG','2025-11-26','2025-11-26 01:52:00','2025-11-26 08:00:00','2025-11-26 08:00:00','001 Y000001000200024129300 00000460000000046000IN CONTAINERS HOLDING 2 L OR LESS 220440HCKGMMTQY',24129.300,'KGM',46.000,'MTQ',1,1,'CREADO','2026-01-12 18:49:41','2026-01-12 18:49:41',10,1,3,NULL,NULL,NULL),(758,1,'SCL500538500',1,'INTER-TANK SPA RUT 77.250.332-6 AV. OSSA 235 OF. 1065 SANTIAGO, CHILE CLSCL','LYSEO CHINA COMPANY LIMITED. NINGBO BRANCH RM.502,','LYSEO CHINA COMPANY LIMITED. NINGBO BRANCH RM.502,','2025-11-26','2025-11-26 01:52:00','2025-11-26 08:00:00','2025-11-26 08:00:00','001 Y000001000100011000000 00000220000000022000IN CONTAINERS HOLDING 2 L OR LESS 220420GPKGMMTQY',11000.000,'KGM',22.000,'MTQ',1,1,'CREADO','2026-01-12 18:49:41','2026-01-12 18:49:41',10,1,7,NULL,NULL,NULL),(759,1,'SCL500538900',1,'PACIFIC NUT COMPANY CHILE S.A. CAMINO PADRE HURTADO 19956 SAN BERNARDO, SANTIAGO, CHILE CLSCL','SHENZHEN CITY GOLD MARK THE FOOD LIMITED COMPANY ROOM 201, BUILDING 7, TONGXINDE INDUSTRIAL PARK, NO292,JIHUA ROAD, SHUIJING COMMUNITY, JIHUA CNSZX','SHENZHEN CITY GOLD MARK THE FOOD LIMITED COMPANY ROOM 201, BUILDING 7, TONGXINDE INDUSTRIAL PARK, NO292,JIHUA ROAD, SHUIJING COMMUNITY, JIHUA CNSZX','2025-11-26','2025-11-26 01:52:00','2025-11-26 08:00:00','2025-11-26 08:00:00','001 Y000001000200024485600 00000650000000065000PRUNES 081340HCKGMMTQY',24485.600,'KGM',65.000,'MTQ',1,1,'CREADO','2026-01-12 18:49:41','2026-01-12 18:49:41',10,1,4,NULL,NULL,NULL),(760,1,'SCL500539400',1,'BODEGAS Y VINEDOS BENEDETTI SRL RUTA 61 KM 19 S/N 0 LOS BARRIALES MENDOZA-ARGENTINA ARBUE','JL BIO INTERNATIONAL CO. 5F, NO.52 ZHOUZI STREET, NEIHU DISTRICT, TAIPEI 114','JL BIO INTERNATIONAL CO. 5F, NO.52 ZHOUZI STREET, NEIHU DISTRICT, TAIPEI 114','2025-11-26','2025-11-26 01:52:00','2025-11-26 08:00:00','2025-11-26 08:00:00','001 Y000001000200023076000 00000000000000000000JUICE; GRAPE, OF A BRIX VALUE EXCEEDING 30, UNFE200940HCKGMMTQY',23076.000,'KGM',0.000,'MTQ',1,1,'CREADO','2026-01-12 18:49:41','2026-01-12 18:49:41',10,1,5,NULL,NULL,NULL),(761,1,'SCL500539800',1,'INTER-TANK SPA RUT 77.250.332-6 AV. OSSA 235 OF. 1065 SANTIAGO, CHILE CLSCL','LYSEO CHINA COMPANY LIMITED. NINGBO BRANCH RM.502,','LYSEO CHINA COMPANY LIMITED. NINGBO BRANCH RM.502,','2025-11-26','2025-11-26 01:52:00','2025-11-26 08:00:00','2025-11-26 08:00:00','001 Y000001000200025207060 00000415500000041550IN CONTAINERS HOLDING 2 L OR LESS 220440HCKGMMTQY',25207.060,'KGM',41.550,'MTQ',1,1,'CREADO','2026-01-12 18:49:41','2026-01-12 18:49:41',10,1,4,NULL,NULL,NULL),(762,1,'SCL500540500',1,'AGRICOLA Y COMERCIAL CABILFRUT S.A. JUAN BAUTISTA PASTENE N 3111 VITACURA SANTIAGO CHILE RUT.79.906.370-0 CLSCL','SHANGHAI HUI ZHAN INTERNATIONAL TRADE CO., LTD FLOOR 4, NO. 288 DINGJIN ROAD, JINHUI TOWN FENGXIAN DISTRICT, SHANGHAI CHINA CNSHA','SHANGHAI SUPAFRESH TRADING CO., LTD 88B NO. 879 SHUANGBAI ROAD, MINHANGDISTRICT, SHANGHAI, 201108, CHINA. CNSHA','2025-11-26','2025-11-26 01:52:00','2025-11-26 08:00:00','2025-11-26 08:00:00','001 Y000001000200025074000 00000000000000000000AVOCADOS 080440RHKGMMTQY',25074.000,'KGM',0.000,'MTQ',1,1,'CREADO','2026-01-12 18:49:41','2026-01-12 18:49:41',10,1,6,NULL,NULL,NULL),(763,1,'SCL500540600',1,'AGRICOLA Y COMERCIAL CABILFRUT S.A. JUAN BAUTISTA PASTENE N 3111 VITACURA SANTIAGO CHILE RUT.79.906.370-0 CLSCL','SHANGHAI HUI ZHAN INTERNATIONAL TRADE CO., LTD FLOOR 4, NO. 288 DINGJIN ROAD, JINHUI TOWN FENGXIAN DISTRICT, SHANGHAI CHINA CNSHA','SHANGHAI SUPAFRESH TRADING CO., LTD 88B NO. 879 SHUANGBAI ROAD, MINHANGDISTRICT, SHANGHAI, 201108, CHINA. CNSHA','2025-11-26','2025-11-26 01:52:00','2025-11-26 08:00:00','2025-11-26 08:00:00','001 Y000001000200025074000 00000000000000000000AVOCADOS 080440RHKGMMTQY',25074.000,'KGM',0.000,'MTQ',1,1,'CREADO','2026-01-12 18:49:41','2026-01-12 18:49:41',10,1,6,NULL,NULL,NULL),(764,1,'SCL500541200',1,'JORGE SCHMIDT EXPORTS SPA CARRETERA INTERIOR NRO 2 VILLA CHAGRES, CATEMU, SAN FELIPE,CHILE RUT','SHENZHEN SHANGSHANG JIAPIN SUPPLY CHAIN CO., LTD. TECHNOLOGY BUILDING 6A-1151, HAIBEI 2ND. ROAD,PENGWAN COMMUNITY HAISHAN STREET,YANTIAN DISTRICT, CNSZX','YIBITONG','2025-11-26','2025-11-26 01:52:00','2025-11-26 08:00:00','2025-11-26 08:00:00','001 Y000001000200026400000 00000000000000000000AVOCADOS 080440RHKGMMTQY',26400.000,'KGM',0.000,'MTQ',1,1,'CREADO','2026-01-12 18:49:41','2026-01-12 18:49:41',10,1,3,NULL,NULL,NULL),(765,1,'SCL500542700',1,'FRUTEEC CHILE SPA AV. PRESIDENTE KENNEDY 7900, OF. 902, VITACURA, SANTIAGO, CHILE. TEL','XIAMEN C&D ESSENTIAL RESOURCES CO.,LTD. C&D INTERNATIONAL BUILDING 16/F,NO.1699 EAST HUANDAO ROAD,SIMING DISTRICT, XIAMEN. CHINA CNSHA','XIAMEN C&D ESSENTIAL RESOURCES CO.,LTD. C&D INTERNATIONAL BUILDING 16/F,NO.1699 EAST HUANDAO ROAD,SIMING DISTRICT, XIAMEN. CHINA CNSHA','2025-11-26','2025-11-26 01:52:00','2025-11-26 08:00:00','2025-11-26 08:00:00','001 Y000001000200025410000 00000000000000000000PRUNES 081340HCKGMMTQY',25410.000,'KGM',0.000,'MTQ',1,1,'CREADO','2026-01-12 18:49:41','2026-01-12 18:49:41',10,1,6,NULL,NULL,NULL),(766,1,'SCL500543200',1,'EXPORTADORA Y COMERCIALIZADORA SAN ANSELMO DEL ALGARROBAL SPA RUT','SHENZHEN CITY GOLD MARK THE FOOD LIMITED COMPANY USCI','SHENZHEN CITY GOLD MARK THE FOOD LIMITED COMPANY USCI','2025-11-26','2025-11-26 01:52:00','2025-11-26 08:00:00','2025-11-26 08:00:00','001 Y000001000200020160000 00000600000000060000PRUNES 081340HCKGMMTQY',20160.000,'KGM',60.000,'MTQ',1,1,'CREADO','2026-01-12 18:49:41','2026-01-12 18:49:41',10,1,4,NULL,NULL,NULL),(767,1,'SCL500562000',1,'MANUPORT LOGISTICS CHILE SPA AVENIDA SUECIA 0142 CLSAI','MANUPORT LIQUIDS HONG KONG LIMITED UNIT 7-9, 16/F, TOWER B, 83 KING LAM STREET, CHEUNG SHA WAN, KOWLOON, HKHKG','MANUPORT LIQUIDS HONG KONG LIMITED UNIT 7-9, 16/F, TOWER B, 83 KING LAM STREET, CHEUNG SHA WAN, KOWLOON, HKHKG','2025-11-26','2025-11-26 01:52:00','2025-11-26 08:00:00','2025-11-26 08:00:00','001 Y000001000100006998085 00000116600000011660IN CONTAINERS HOLDING 2 L OR LESS 220420GPKGMMTQY',6998.085,'KGM',11.660,'MTQ',1,1,'CREADO','2026-01-12 18:49:41','2026-01-12 18:49:41',10,1,3,NULL,NULL,NULL),(768,1,'SCL500563700',1,'INTER-TANK SPA AV. OSSA 235 OF. 1065 SANTIAGO, CHILE 77.870.680-6 CLSCL','GUANGZHOU HAYONEX LOGISTICS CO.,LTD 24/ FJINHUI BUILDING NO.123 JIEFANGSOUTH ROAD YUEXIU DISTRICT GUANGZHOU CNHUA','GUANGZHOU HAYONEX LOGISTICS CO.,LTD 24/ FJINHUI BUILDING NO.123 JIEFANGSOUTH ROAD YUEXIU DISTRICT GUANGZHOU CNHUA','2025-11-26','2025-11-26 01:52:00','2025-11-26 08:00:00','2025-11-26 08:00:00','001 Y000001000100012020000 00000210500000021050IN CONTAINERS HOLDING 2 L OR LESS 220420GPKGMMTQY',12020.000,'KGM',21.050,'MTQ',1,1,'CREADO','2026-01-12 18:49:41','2026-01-12 18:49:41',10,1,6,NULL,NULL,NULL),(769,1,'SCL5M0006400',1,'AGROSUPER S.A. CAMINO LA ESTRELLA NO 401 OF. 56 SECTOR PUNTA DE CORTES - RANCAGUA -REGION DEL LIBERTADOR GRAL. CLSCL','PACIFIC GROCERS GUAM 196 US ARMY JUAN C FEJERAN STREET BARRIGADA,GU 96913-1425 MR. WON S. HAN 671-649-6976 NZAKL','PACIFIC GROCERS GUAM 196 US ARMY JUAN C FEJERAN STREET BARRIGADA,GU 96913-1425 MR. WON S. HAN 671-649-6976 NZAKL','2025-11-26','2025-11-26 01:52:00','2025-11-26 08:00:00','2025-11-26 08:00:00','001 Y000001000200022852168 00000670000000067000MEAT AND EDIBLE MEAT OFFAL 020240RHKGMMTQY',22852.168,'KGM',67.000,'MTQ',1,1,'CREADO','2026-01-12 18:49:41','2026-01-12 18:49:41',10,1,8,NULL,NULL,NULL),(770,1,'SCL5M0006500',1,'AGROSUPER S.A. CAMINO LA ESTRELLA NO 401 OF. 56 SECTOR PUNTA DE CORTES - RANCAGUA -REGION DEL LIBERTADOR GRAL. CLSCL','PACIFIC GROCERS GUAM 196 US ARMY JUAN C FEJERAN STREET BARRIGADA,GU 96913-1425 MR. WON S. HAN 671-649-6976 NZAKL','PACIFIC GROCERS GUAM 196 US ARMY JUAN C FEJERAN STREET BARRIGADA,GU 96913-1425 MR. WON S. HAN 671-649-6976 NZAKL','2025-11-26','2025-11-26 01:52:00','2025-11-26 08:00:00','2025-11-26 08:00:00','001 Y000001000200022790968 00000670000000067000MEAT AND EDIBLE MEAT OFFAL 020240RHKGMMTQY',22790.968,'KGM',67.000,'MTQ',1,1,'CREADO','2026-01-12 18:49:41','2026-01-12 18:49:41',10,1,8,NULL,NULL,NULL);
/*!40000 ALTER TABLE `bls` ENABLE KEYS */;
UNLOCK TABLES;

--
-- Table structure for table `itinerarios`
--

DROP TABLE IF EXISTS `itinerarios`;
/*!40101 SET @saved_cs_client     = @@character_set_client */;
/*!50503 SET character_set_client = utf8mb4 */;
CREATE TABLE `itinerarios` (
  `id` int NOT NULL AUTO_INCREMENT,
  `manifiesto_id` int NOT NULL,
  `puerto_id` int NOT NULL,
  `port_type` enum('LOAD','DISCHARGE') NOT NULL,
  `eta` datetime DEFAULT NULL,
  `ets` datetime DEFAULT NULL,
  `orden` int DEFAULT '1',
  `created_at` timestamp NULL DEFAULT CURRENT_TIMESTAMP,
  PRIMARY KEY (`id`),
  KEY `manifiesto_id` (`manifiesto_id`),
  KEY `puerto_id` (`puerto_id`),
  CONSTRAINT `itinerarios_ibfk_1` FOREIGN KEY (`manifiesto_id`) REFERENCES `manifiestos` (`id`) ON DELETE CASCADE,
  CONSTRAINT `itinerarios_ibfk_2` FOREIGN KEY (`puerto_id`) REFERENCES `puertos` (`id`)
) ENGINE=InnoDB AUTO_INCREMENT=4 DEFAULT CHARSET=utf8mb4 COLLATE=utf8mb4_0900_ai_ci;
/*!40101 SET character_set_client = @saved_cs_client */;

--
-- Dumping data for table `itinerarios`
--

LOCK TABLES `itinerarios` WRITE;
/*!40000 ALTER TABLE `itinerarios` DISABLE KEYS */;
INSERT INTO `itinerarios` VALUES (1,1,1,'LOAD',NULL,NULL,1,'2026-01-05 15:54:30'),(2,1,3,'DISCHARGE',NULL,NULL,2,'2026-01-05 15:54:30'),(3,1,8,'DISCHARGE',NULL,NULL,3,'2026-01-05 15:54:30');
/*!40000 ALTER TABLE `itinerarios` ENABLE KEYS */;
UNLOCK TABLES;

--
-- Table structure for table `manifiestos`
--

DROP TABLE IF EXISTS `manifiestos`;
/*!40101 SET @saved_cs_client     = @@character_set_client */;
/*!50503 SET character_set_client = utf8mb4 */;
CREATE TABLE `manifiestos` (
  `id` int NOT NULL AUTO_INCREMENT,
  `viaje` varchar(30) NOT NULL,
  `tipo_operacion` enum('EX','IM','CROSS') NOT NULL,
  `operador_nave` varchar(50) NOT NULL,
  `status` varchar(30) DEFAULT 'En edición',
  `remark` text,
  `emisor_documento` varchar(50) DEFAULT NULL,
  `representante` varchar(80) DEFAULT NULL,
  `fecha_manifiesto_aduana` date DEFAULT NULL,
  `numero_manifiesto_aduana` varchar(40) DEFAULT NULL,
  `servicio_id` int DEFAULT NULL,
  `nave_id` int DEFAULT NULL,
  `puerto_central_id` int DEFAULT NULL,
  `created_at` timestamp NULL DEFAULT CURRENT_TIMESTAMP,
  `updated_at` timestamp NULL DEFAULT CURRENT_TIMESTAMP ON UPDATE CURRENT_TIMESTAMP,
  PRIMARY KEY (`id`),
  KEY `servicio_id` (`servicio_id`),
  KEY `nave_id` (`nave_id`),
  KEY `puerto_central_id` (`puerto_central_id`),
  CONSTRAINT `manifiestos_ibfk_1` FOREIGN KEY (`servicio_id`) REFERENCES `servicios` (`id`),
  CONSTRAINT `manifiestos_ibfk_2` FOREIGN KEY (`nave_id`) REFERENCES `naves` (`id`),
  CONSTRAINT `manifiestos_ibfk_3` FOREIGN KEY (`puerto_central_id`) REFERENCES `puertos` (`id`)
) ENGINE=InnoDB AUTO_INCREMENT=3 DEFAULT CHARSET=utf8mb4 COLLATE=utf8mb4_0900_ai_ci;
/*!40101 SET character_set_client = @saved_cs_client */;

--
-- Dumping data for table `manifiestos`
--

LOCK TABLES `manifiestos` WRITE;
/*!40000 ALTER TABLE `manifiestos` DISABLE KEYS */;
INSERT INTO `manifiestos` VALUES (1,'028W','EX','1234','En edición','HOLA','1234','AJBROOM','2025-12-30','1234',1,1,1,'2026-01-05 15:54:30','2026-01-15 12:03:43'),(2,'029W','EX','OP123','En edición',NULL,'EMI456','AJBROOM','2025-12-29','MFT-1234',1,4,1,'2026-01-05 15:54:30','2026-01-05 15:54:30');
/*!40000 ALTER TABLE `manifiestos` ENABLE KEYS */;
UNLOCK TABLES;

--
-- Table structure for table `naves`
--

DROP TABLE IF EXISTS `naves`;
/*!40101 SET @saved_cs_client     = @@character_set_client */;
/*!50503 SET character_set_client = utf8mb4 */;
CREATE TABLE `naves` (
  `id` int NOT NULL AUTO_INCREMENT,
  `codigo` varchar(20) DEFAULT NULL,
  `nombre` varchar(100) NOT NULL,
  `imo` varchar(20) DEFAULT NULL,
  `bandera` varchar(50) DEFAULT NULL,
  `capacidad_teus` int DEFAULT NULL,
  `created_at` timestamp NULL DEFAULT CURRENT_TIMESTAMP,
  `updated_at` timestamp NULL DEFAULT CURRENT_TIMESTAMP ON UPDATE CURRENT_TIMESTAMP,
  PRIMARY KEY (`id`),
  UNIQUE KEY `codigo` (`codigo`)
) ENGINE=InnoDB AUTO_INCREMENT=6 DEFAULT CHARSET=utf8mb4 COLLATE=utf8mb4_0900_ai_ci;
/*!40101 SET character_set_client = @saved_cs_client */;

--
-- Dumping data for table `naves`
--

LOCK TABLES `naves` WRITE;
/*!40000 ALTER TABLE `naves` DISABLE KEYS */;
INSERT INTO `naves` VALUES (1,'EVLOY','EVER LOYAL',NULL,NULL,NULL,'2026-01-05 15:54:30','2026-01-05 15:54:30'),(2,'WH721','WAN HAI 721',NULL,NULL,NULL,'2026-01-05 15:54:30','2026-01-05 15:54:30'),(3,'KOODY','KOTA ODYSSEY',NULL,NULL,NULL,'2026-01-05 15:54:30','2026-01-05 15:54:30'),(4,'EVFEA','EVER FEAT','IMO9876543','Panamá',14000,'2026-01-05 15:54:30','2026-01-12 20:33:10');
/*!40000 ALTER TABLE `naves` ENABLE KEYS */;
UNLOCK TABLES;

--
-- Table structure for table `pms_archivos`
--

DROP TABLE IF EXISTS `pms_archivos`;
/*!40101 SET @saved_cs_client     = @@character_set_client */;
/*!50503 SET character_set_client = utf8mb4 */;
CREATE TABLE `pms_archivos` (
  `id` int NOT NULL AUTO_INCREMENT,
  `manifiesto_id` int NOT NULL,
  `nombre_original` varchar(255) NOT NULL,
  `path_archivo` varchar(255) NOT NULL,
  `created_at` timestamp NULL DEFAULT CURRENT_TIMESTAMP,
  PRIMARY KEY (`id`),
  KEY `fk_pms_archivos_manifiesto` (`manifiesto_id`),
  CONSTRAINT `fk_pms_archivos_manifiesto` FOREIGN KEY (`manifiesto_id`) REFERENCES `manifiestos` (`id`) ON DELETE CASCADE
) ENGINE=InnoDB AUTO_INCREMENT=8 DEFAULT CHARSET=utf8mb4 COLLATE=utf8mb4_0900_ai_ci;
/*!40101 SET character_set_client = @saved_cs_client */;

--
-- Dumping data for table `pms_archivos`
--

LOCK TABLES `pms_archivos` WRITE;
/*!40000 ALTER TABLE `pms_archivos` DISABLE KEYS */;
INSERT INTO `pms_archivos` VALUES (1,1,'VEFT0028W_PIL_CL00_Manifest_202511260152_v403 (3) (1).pms','C:\\Users\\Ignacio Riffo\\Documents\\GitHub\\Formulario_Navieras\\expo-bl-api\\uploads\\pms\\manifiesto_1_1767638998261.pms','2026-01-05 18:49:58'),(2,1,'VEFT0028W_PIL_CL00_Manifest_202511260152_v403 (3) (1).pms','C:\\Users\\Ignacio Riffo\\Documents\\GitHub\\Formulario_Navieras\\expo-bl-api\\uploads\\pms\\manifiesto_1_1767639329565.pms','2026-01-05 18:55:29'),(3,1,'VEFT0028W_PIL_CL00_Manifest_202511260152_v403 (3) (1).pms','C:\\Users\\Ignacio Riffo\\Documents\\GitHub\\Formulario_Navieras\\expo-bl-api\\uploads\\pms\\manifiesto_1_1767641382265.pms','2026-01-05 19:29:42'),(4,2,'4) MULTIPLES-VYEL0090W_PIL_CL00_Manifest_202512262304_v403 (1).pms','C:\\Users\\Ignacio Riffo\\Documents\\GitHub\\Formulario_Navieras\\expo-bl-api\\uploads\\pms\\manifiesto_2_1767715728978.pms','2026-01-06 16:08:48'),(5,1,'6) TBDOS-VYEL0090W_PIL_CL00_Manifest_202512262311_v403 (1).pms','C:\\Users\\Ignacio Riffo\\Documents\\GitHub\\Formulario_Navieras\\expo-bl-api\\uploads\\pms\\manifiesto_1_1768243164682.pms','2026-01-12 18:39:24'),(6,1,'4) MULTIPLES-VYEL0090W_PIL_CL00_Manifest_202512262304_v403 (1).pms','C:\\Users\\Ignacio Riffo\\Documents\\GitHub\\Formulario_Navieras\\expo-bl-api\\uploads\\pms\\manifiesto_1_1768243399639.pms','2026-01-12 18:43:19'),(7,1,'VEFT0028W_PIL_CL00_Manifest_202511260152_v403 (3) (1).pms','C:\\Users\\Ignacio Riffo\\Documents\\GitHub\\Formulario_Navieras\\expo-bl-api\\uploads\\pms\\manifiesto_1_1768243412266.pms','2026-01-12 18:43:32');
/*!40000 ALTER TABLE `pms_archivos` ENABLE KEYS */;
UNLOCK TABLES;

--
-- Table structure for table `puertos`
--

DROP TABLE IF EXISTS `puertos`;
/*!40101 SET @saved_cs_client     = @@character_set_client */;
/*!50503 SET character_set_client = utf8mb4 */;
CREATE TABLE `puertos` (
  `id` int NOT NULL AUTO_INCREMENT,
  `codigo` varchar(20) NOT NULL,
  `nombre` varchar(100) NOT NULL,
  `pais` varchar(50) DEFAULT NULL,
  `created_at` timestamp NULL DEFAULT CURRENT_TIMESTAMP,
  `updated_at` timestamp NULL DEFAULT CURRENT_TIMESTAMP ON UPDATE CURRENT_TIMESTAMP,
  PRIMARY KEY (`id`),
  UNIQUE KEY `codigo` (`codigo`)
) ENGINE=InnoDB AUTO_INCREMENT=16 DEFAULT CHARSET=utf8mb4 COLLATE=utf8mb4_0900_ai_ci;
/*!40101 SET character_set_client = @saved_cs_client */;

--
-- Dumping data for table `puertos`
--

LOCK TABLES `puertos` WRITE;
/*!40000 ALTER TABLE `puertos` DISABLE KEYS */;
INSERT INTO `puertos` VALUES (1,'CLVAP','VALPARAISO','Chile','2026-01-05 15:54:30','2026-01-05 15:54:30'),(2,'CLSAI','SAN ANTONIO','Chile','2026-01-05 15:54:30','2026-01-05 15:54:30'),(3,'HKHKG','HONG KONG','China','2026-01-05 15:54:30','2026-01-12 18:47:49'),(4,'CNYTN','YANTIAN','China','2026-01-05 15:54:30','2026-01-05 15:54:30'),(5,'TWKHH','KAOHSIUNG','Taiwan','2026-01-05 15:54:30','2026-01-05 15:54:30'),(6,'CNSHA','SHANGHAI','China','2026-01-05 15:54:30','2026-01-05 15:54:30'),(7,'CNNGB','NINGBO','China','2026-01-05 15:54:30','2026-01-05 15:54:30'),(8,'GUGUM','GUAM','Guam','2026-01-05 15:54:30','2026-01-05 15:54:30'),(9,'PECLL','CALLAO','Perú','2026-01-05 15:54:30','2026-01-05 15:54:30'),(10,'CLSCL','SANTIAGO','Chile','2026-01-12 16:22:17','2026-01-12 16:22:55'),(11,'IDSRG','SEMARANG',NULL,'2026-01-12 18:49:36','2026-01-12 18:49:36'),(12,'CNJXN','JIAOXIN',NULL,'2026-01-12 18:49:36','2026-01-12 18:49:36'),(13,'CNSWA','SHANTOU',NULL,'2026-01-12 18:49:36','2026-01-12 18:49:36'),(14,'CLAF','ANTOFAGASTA',NULL,'2026-01-14 12:59:28','2026-01-14 12:59:46'),(15,'CLLA','LOS ÁNGELES',NULL,'2026-01-15 12:03:08','2026-01-15 12:03:08');
/*!40000 ALTER TABLE `puertos` ENABLE KEYS */;
UNLOCK TABLES;

--
-- Table structure for table `servicios`
--

DROP TABLE IF EXISTS `servicios`;
/*!40101 SET @saved_cs_client     = @@character_set_client */;
/*!50503 SET character_set_client = utf8mb4 */;
CREATE TABLE `servicios` (
  `id` int NOT NULL AUTO_INCREMENT,
  `codigo` varchar(20) NOT NULL,
  `nombre` varchar(100) NOT NULL,
  `descripcion` text,
  `frecuencia` varchar(50) DEFAULT NULL,
  `created_at` timestamp NULL DEFAULT CURRENT_TIMESTAMP,
  `updated_at` timestamp NULL DEFAULT CURRENT_TIMESTAMP ON UPDATE CURRENT_TIMESTAMP,
  PRIMARY KEY (`id`),
  UNIQUE KEY `codigo` (`codigo`)
) ENGINE=InnoDB AUTO_INCREMENT=6 DEFAULT CHARSET=utf8mb4 COLLATE=utf8mb4_0900_ai_ci;
/*!40101 SET character_set_client = @saved_cs_client */;

--
-- Dumping data for table `servicios`
--

LOCK TABLES `servicios` WRITE;
/*!40000 ALTER TABLE `servicios` DISABLE KEYS */;
INSERT INTO `servicios` VALUES (1,'WSA','West South America Service','Servicio Asia → Costa Oeste Sudamérica','Weekly','2026-01-05 15:54:30','2026-01-05 15:54:30'),(2,'WS6','West South America Service 6','Servicio Asia → Costa Oeste Sudamérica','Weekly','2026-01-05 15:54:30','2026-01-05 15:54:30'),(3,'PAX','Pacific Express','Servicio Pacífico','Bi-weekly','2026-01-05 15:54:30','2026-01-05 15:54:30'),(4,'EUX','Europe Express','Servicio Europa - Sudamérica',NULL,'2026-01-05 15:54:30','2026-01-05 15:54:30'),(5,'CSA','Caribbean South America','Servicio Caribe',NULL,'2026-01-05 15:54:30','2026-01-05 15:54:30');
/*!40000 ALTER TABLE `servicios` ENABLE KEYS */;
UNLOCK TABLES;

--
-- Table structure for table `tipos_servicio`
--

DROP TABLE IF EXISTS `tipos_servicio`;
/*!40101 SET @saved_cs_client     = @@character_set_client */;
/*!50503 SET character_set_client = utf8mb4 */;
CREATE TABLE `tipos_servicio` (
  `id` int NOT NULL AUTO_INCREMENT,
  `codigo` varchar(2) NOT NULL,
  `nombre` varchar(20) NOT NULL,
  `descripcion` varchar(100) DEFAULT NULL,
  PRIMARY KEY (`id`),
  UNIQUE KEY `uk_tipos_servicio_codigo` (`codigo`)
) ENGINE=InnoDB AUTO_INCREMENT=3 DEFAULT CHARSET=utf8mb4 COLLATE=utf8mb4_0900_ai_ci;
/*!40101 SET character_set_client = @saved_cs_client */;

--
-- Dumping data for table `tipos_servicio`
--

LOCK TABLES `tipos_servicio` WRITE;
/*!40000 ALTER TABLE `tipos_servicio` DISABLE KEYS */;
INSERT INTO `tipos_servicio` VALUES (1,'FF','FCL/FCL',NULL),(2,'MM','EMPTY',NULL);
/*!40000 ALTER TABLE `tipos_servicio` ENABLE KEYS */;
UNLOCK TABLES;

--
-- Table structure for table `usuarios`
--

DROP TABLE IF EXISTS `usuarios`;
/*!40101 SET @saved_cs_client     = @@character_set_client */;
/*!50503 SET character_set_client = utf8mb4 */;
CREATE TABLE `usuarios` (
  `id` int NOT NULL AUTO_INCREMENT,
  `nombre` varchar(100) DEFAULT NULL,
  `email` varchar(100) DEFAULT NULL,
  `password` varchar(255) DEFAULT NULL,
  `reset_code` varchar(6) DEFAULT NULL,
  `reset_code_expires` datetime DEFAULT NULL,
  `google_id` varchar(100) DEFAULT NULL,
  `foto_perfil` varchar(500) DEFAULT NULL,
  `rol` enum('admin','usuario','operador') DEFAULT 'usuario',
  `activo` tinyint(1) DEFAULT '1',
  `ultimo_acceso` timestamp NULL DEFAULT NULL,
  `created_at` timestamp NULL DEFAULT CURRENT_TIMESTAMP,
  PRIMARY KEY (`id`),
  UNIQUE KEY `email` (`email`),
  UNIQUE KEY `google_id` (`google_id`)
) ENGINE=InnoDB AUTO_INCREMENT=14 DEFAULT CHARSET=utf8mb4 COLLATE=utf8mb4_0900_ai_ci;
/*!40101 SET character_set_client = @saved_cs_client */;

--
-- Dumping data for table `usuarios`
--

LOCK TABLES `usuarios` WRITE;
/*!40000 ALTER TABLE `usuarios` DISABLE KEYS */;
INSERT INTO `usuarios` VALUES (1,'Admin','admin@test.com','HASH',NULL,NULL,NULL,NULL,'admin',1,NULL,'2026-01-05 15:54:30'),(2,'Administrador','admin@broomgroup.cl','$2b$10$3h//Z3ZqLptkeWgCjG2OZumqHGzmnBHf59baX.tOSc5z4slGPVZ6y',NULL,NULL,NULL,NULL,'admin',1,'2026-01-15 13:42:18','2026-01-05 15:57:25'),(3,'Usuario Demo','usuario@broomgroup.cl','$2b$10$vZYqrc/ybflxZ9jwkWQzH.BSPrfxb4C7md2F6FxhUu0ML3fHSwSDK',NULL,NULL,NULL,NULL,'usuario',1,NULL,'2026-01-05 15:57:25'),(4,'Operador PIL','operador@broomgroup.cl','$2b$10$JOWZGjoiQDS.UbpVysRqW.aaaKPtsvtNGqFKDvm.e4v2aNm4UsaC6',NULL,NULL,NULL,NULL,'usuario',1,NULL,'2026-01-05 15:57:25'),(11,'ALMENDRA . PAVEZ BRIONES','alm.pavez@duocuc.cl','$2b$10$7JuZvKSpr83D6nsED85q7eEKNOPQnWwPAWzbHQmPTqL/wau7nnEhu',NULL,NULL,'109974620391524188812','https://lh3.googleusercontent.com/a/ACg8ocJX9NpuUVtjCQ8MJblKShTEFYv3PNf39oilwZyoqb5rs-SJRheK=s96-c','usuario',1,'2026-01-15 12:05:32','2026-01-14 19:35:31'),(12,'Almendra Pavez','sujuu.aesthetic@gmail.com',NULL,NULL,NULL,'105074930850393443271','https://lh3.googleusercontent.com/a/ACg8ocJbjauv5cDjV7sUX2U04YnnbmPpzFtk6_maM6XovfyHtMp20VCt=s96-c','usuario',1,'2026-01-14 19:45:04','2026-01-14 19:45:04'),(13,'Almendra Pavez','apavez@broomgroup.com','$2b$10$yWQiaIlxrCxsshN.ufEryuc6RSY2PqiWi1Hg6Oayjtxlc.jpm9T86',NULL,NULL,'110618013735854447228','https://lh3.googleusercontent.com/a/ACg8ocKm6aiKTAYIgpklib37xzzBnUw8OyEF2869SC2TS-s5U1q_=s96-c','admin',1,'2026-01-15 13:49:18','2026-01-14 19:52:52');
/*!40000 ALTER TABLE `usuarios` ENABLE KEYS */;
UNLOCK TABLES;
/*!40103 SET TIME_ZONE=@OLD_TIME_ZONE */;

/*!40101 SET SQL_MODE=@OLD_SQL_MODE */;
/*!40014 SET FOREIGN_KEY_CHECKS=@OLD_FOREIGN_KEY_CHECKS */;
/*!40014 SET UNIQUE_CHECKS=@OLD_UNIQUE_CHECKS */;
/*!40101 SET CHARACTER_SET_CLIENT=@OLD_CHARACTER_SET_CLIENT */;
/*!40101 SET CHARACTER_SET_RESULTS=@OLD_CHARACTER_SET_RESULTS */;
/*!40101 SET COLLATION_CONNECTION=@OLD_COLLATION_CONNECTION */;
/*!40111 SET SQL_NOTES=@OLD_SQL_NOTES */;

-- Dump completed on 2026-01-15 10:53:32
