-- MySQL dump 10.13  Distrib 8.0.44, for Win64 (x86_64)
--
-- Host: 127.0.0.1    Database: sga
-- ------------------------------------------------------
-- Server version	8.0.44

/*!40101 SET @OLD_CHARACTER_SET_CLIENT=@@CHARACTER_SET_CLIENT */;
/*!40101 SET @OLD_CHARACTER_SET_RESULTS=@@CHARACTER_SET_RESULTS */;
/*!40101 SET @OLD_COLLATION_CONNECTION=@@COLLATION_CONNECTION */;
/*!50503 SET NAMES utf8 */;
/*!40103 SET @OLD_TIME_ZONE=@@TIME_ZONE */;
/*!40103 SET TIME_ZONE='+00:00' */;
/*!40014 SET @OLD_UNIQUE_CHECKS=@@UNIQUE_CHECKS, UNIQUE_CHECKS=0 */;
/*!40014 SET @OLD_FOREIGN_KEY_CHECKS=@@FOREIGN_KEY_CHECKS, FOREIGN_KEY_CHECKS=0 */;
/*!40101 SET @OLD_SQL_MODE=@@SQL_MODE, SQL_MODE='NO_AUTO_VALUE_ON_ZERO' */;
/*!40111 SET @OLD_SQL_NOTES=@@SQL_NOTES, SQL_NOTES=0 */;

--
-- Table structure for table `bl_contenedor_sellos`
--

DROP TABLE IF EXISTS `bl_contenedor_sellos`;
/*!40101 SET @saved_cs_client     = @@character_set_client */;
/*!50503 SET character_set_client = utf8mb4 */;
CREATE TABLE `bl_contenedor_sellos` (
  `id` bigint unsigned NOT NULL AUTO_INCREMENT,
  `contenedor_id` bigint unsigned NOT NULL,
  `sello` varchar(35) NOT NULL,
  `created_at` timestamp NULL DEFAULT CURRENT_TIMESTAMP,
  PRIMARY KEY (`id`),
  UNIQUE KEY `uq_contenedor_sello` (`contenedor_id`,`sello`),
  KEY `idx_sello` (`sello`),
  CONSTRAINT `fk_sello_contenedor` FOREIGN KEY (`contenedor_id`) REFERENCES `bl_contenedores` (`id`) ON DELETE CASCADE
) ENGINE=InnoDB AUTO_INCREMENT=71 DEFAULT CHARSET=utf8mb4 COLLATE=utf8mb4_0900_ai_ci;
/*!40101 SET character_set_client = @saved_cs_client */;

--
-- Dumping data for table `bl_contenedor_sellos`
--

LOCK TABLES `bl_contenedor_sellos` WRITE;
/*!40000 ALTER TABLE `bl_contenedor_sellos` DISABLE KEYS */;
INSERT INTO `bl_contenedor_sellos` VALUES (57,73,'CL006015','2026-01-16 13:22:37'),(58,74,'CL006115','2026-01-16 13:22:37'),(59,75,'CL006113','2026-01-16 13:22:37'),(60,76,'CL006114','2026-01-16 13:22:37'),(61,82,'CL007774','2026-01-16 13:25:16'),(62,85,'CL006234','2026-01-16 13:25:16'),(63,89,'CL006146','2026-01-16 13:25:16'),(64,91,'CL006147','2026-01-16 13:25:16'),(65,92,'CL006235','2026-01-16 13:25:16'),(66,99,'CL007865','2026-01-16 13:25:16'),(67,100,'CL006249','2026-01-16 13:25:16'),(68,101,'CL006200','2026-01-16 13:25:16'),(69,102,'CL006240','2026-01-16 13:25:16'),(70,103,'CL006238','2026-01-16 13:25:16');
/*!40000 ALTER TABLE `bl_contenedor_sellos` ENABLE KEYS */;
UNLOCK TABLES;

--
-- Table structure for table `bl_contenedores`
--

DROP TABLE IF EXISTS `bl_contenedores`;
/*!40101 SET @saved_cs_client     = @@character_set_client */;
/*!50503 SET character_set_client = utf8mb4 */;
CREATE TABLE `bl_contenedores` (
  `id` bigint unsigned NOT NULL AUTO_INCREMENT,
  `bl_id` int NOT NULL,
  `item_id` bigint unsigned DEFAULT NULL,
  `codigo` varchar(11) NOT NULL,
  `sigla` char(4) DEFAULT NULL,
  `numero` char(6) DEFAULT NULL,
  `digito` char(1) DEFAULT NULL,
  `tipo_cnt` varchar(10) DEFAULT NULL,
  `carga_cnt` char(1) DEFAULT NULL,
  `peso` decimal(12,3) DEFAULT NULL,
  `unidad_peso` char(3) DEFAULT NULL,
  `volumen` decimal(12,3) DEFAULT NULL,
  `unidad_volumen` char(3) DEFAULT NULL,
  `created_at` timestamp NULL DEFAULT CURRENT_TIMESTAMP,
  `updated_at` timestamp NULL DEFAULT CURRENT_TIMESTAMP ON UPDATE CURRENT_TIMESTAMP,
  PRIMARY KEY (`id`),
  UNIQUE KEY `uq_bl_container` (`bl_id`,`codigo`),
  KEY `idx_cont_bl` (`bl_id`),
  KEY `idx_cont_item` (`item_id`),
  CONSTRAINT `fk_cont_bl` FOREIGN KEY (`bl_id`) REFERENCES `bls` (`id`) ON DELETE CASCADE,
  CONSTRAINT `fk_cont_item` FOREIGN KEY (`item_id`) REFERENCES `bl_items` (`id`) ON DELETE SET NULL
) ENGINE=InnoDB AUTO_INCREMENT=108 DEFAULT CHARSET=utf8mb4 COLLATE=utf8mb4_0900_ai_ci;
/*!40101 SET character_set_client = @saved_cs_client */;

--
-- Dumping data for table `bl_contenedores`
--

LOCK TABLES `bl_contenedores` WRITE;
/*!40000 ALTER TABLE `bl_contenedores` DISABLE KEYS */;
INSERT INTO `bl_contenedores` VALUES (73,853,11,'CAAU2099571','CAAU','209957','1','22G1','S',11646.000,'KGM',17.920,'MTQ','2026-01-16 13:22:37','2026-01-16 13:22:37'),(74,853,12,'CAAU5148875','CAAU','514887','5','45G1','S',22882.000,'KGM',35.200,'MTQ','2026-01-16 13:22:37','2026-01-16 13:22:37'),(75,853,12,'PCIU9104536','PCIU','910453','6','45G1','S',20312.000,'KGM',38.300,'MTQ','2026-01-16 13:22:37','2026-01-16 13:22:37'),(76,853,12,'BSIU8004381','BSIU','800438','1','45G1','S',22882.000,'KGM',35.200,'MTQ','2026-01-16 13:22:37','2026-01-16 13:22:37'),(77,854,13,'PCIU6145022','PCIU','614502','2','45R1','S',NULL,'KGM',NULL,'MTQ','2026-01-16 13:25:16','2026-01-16 13:25:16'),(78,855,14,'FBIU5713580','FBIU','571358','0','45R1','S',NULL,'KGM',NULL,'MTQ','2026-01-16 13:25:16','2026-01-16 13:25:16'),(79,856,15,'PIDU2013592','PIDU','201359','2','22G1','S',10819.800,'KGM',19.150,'MTQ','2026-01-16 13:25:16','2026-01-16 13:25:16'),(80,857,16,'PCIU1315743','PCIU','131574','3','22G1','S',10805.000,'KGM',29.700,'MTQ','2026-01-16 13:25:16','2026-01-16 13:25:16'),(81,858,17,'PCIU1952588','PCIU','195258','8','22G1','S',13800.000,'KGM',23.000,'MTQ','2026-01-16 13:25:16','2026-01-16 13:25:16'),(82,859,18,'GCXU8010899','GCXU','801089','9','45R1','S',NULL,'KGM',NULL,'MTQ','2026-01-16 13:25:16','2026-01-16 13:25:16'),(83,860,19,'PIDU4486547','PIDU','448654','7','45G1','S',NULL,'KGM',NULL,'MTQ','2026-01-16 13:25:16','2026-01-16 13:25:16'),(84,861,20,'PIDU4055555','PIDU','405555','5','45G1','S',NULL,'KGM',NULL,'MTQ','2026-01-16 13:25:16','2026-01-16 13:25:16'),(85,862,21,'PIDU4348194','PIDU','434819','4','45G1','S',NULL,'KGM',NULL,'MTQ','2026-01-16 13:25:16','2026-01-16 13:25:16'),(86,863,22,'FBIU5413176','FBIU','541317','6','45R1','S',NULL,'KGM',NULL,'MTQ','2026-01-16 13:25:16','2026-01-16 13:25:16'),(87,864,23,'PCIU6144047','PCIU','614404','7','45R1','S',NULL,'KGM',NULL,'MTQ','2026-01-16 13:25:16','2026-01-16 13:25:16'),(88,865,24,'OTPU6612597','OTPU','661259','7','45R1','S',NULL,'KGM',NULL,'MTQ','2026-01-16 13:25:16','2026-01-16 13:25:16'),(89,866,25,'FFAU6246653','FFAU','624665','3','45G1','S',NULL,'KGM',NULL,'MTQ','2026-01-16 13:25:16','2026-01-16 13:25:16'),(90,867,26,'FBIU5165090','FBIU','516509','0','45R1','S',NULL,'KGM',NULL,'MTQ','2026-01-16 13:25:16','2026-01-16 13:25:16'),(91,868,27,'CAAU7968580','CAAU','796858','0','45G1','S',23705.480,'KGM',45.920,'MTQ','2026-01-16 13:25:16','2026-01-16 13:25:16'),(92,868,27,'CAAU8282785','CAAU','828278','5','45G1','S',23739.120,'KGM',45.760,'MTQ','2026-01-16 13:25:16','2026-01-16 13:25:16'),(93,869,28,'CAIU3316993','CAIU','331699','3','22G1','S',20920.000,'KGM',17.000,'MTQ','2026-01-16 13:25:16','2026-01-16 13:25:16'),(94,870,29,'FFAU5810368','FFAU','581036','8','45G1','S',24129.300,'KGM',46000774.951,'MTQ','2026-01-16 13:25:16','2026-01-16 13:25:16'),(95,871,30,'PCIU0131660','PCIU','013166','0','22G1','S',11000.000,'KGM',22.000,'MTQ','2026-01-16 13:25:16','2026-01-16 13:25:16'),(96,872,31,'PIDU4479527','PIDU','447952','7','45G1','S',NULL,'KGM',NULL,'MTQ','2026-01-16 13:25:16','2026-01-16 13:25:16'),(97,873,32,'FFAU5291030','FFAU','529103','0','45G1','S',NULL,'KGM',NULL,'MTQ','2026-01-16 13:25:16','2026-01-16 13:25:16'),(98,874,33,'FFAU4954247','FFAU','495424','7','45G1','S',25207.060,'KGM',41.550,'MTQ','2026-01-16 13:25:16','2026-01-16 13:25:16'),(99,875,34,'BEAU9733520','BEAU','973352','0','45R1','S',25074.000,'KGM',0.000,'MTQ','2026-01-16 13:25:16','2026-01-16 13:25:16'),(100,876,35,'PCIU6135169','PCIU','613516','9','45R1','S',25074.000,'KGM',0.000,'MTQ','2026-01-16 13:25:16','2026-01-16 13:25:16'),(101,877,36,'PCIU6126341','PCIU','612634','1','45R1','S',26400.000,'KGM',0.000,'MTQ','2026-01-16 13:25:16','2026-01-16 13:25:16'),(102,878,37,'PIDU4507320','PIDU','450732','0','45G1','S',NULL,'KGM',NULL,'MTQ','2026-01-16 13:25:16','2026-01-16 13:25:16'),(103,879,38,'FFAU7522015','FFAU','752201','5','45G1','S',NULL,'KGM',NULL,'MTQ','2026-01-16 13:25:16','2026-01-16 13:25:16'),(104,880,39,'PCIU1592455','PCIU','159245','5','22G1','S',6998.085,'KGM',116603.115,'MTQ','2026-01-16 13:25:16','2026-01-16 13:25:16'),(105,881,40,'PIDU2018906','PIDU','201890','6','22G1','S',12020.000,'KGM',21.050,'MTQ','2026-01-16 13:25:16','2026-01-16 13:25:16'),(106,882,41,'PCIU6106725','PCIU','610672','5','45R1','S',NULL,'KGM',NULL,'MTQ','2026-01-16 13:25:16','2026-01-16 13:25:16'),(107,883,42,'FBIU5240358','FBIU','524035','8','45R1','S',NULL,'KGM',NULL,'MTQ','2026-01-16 13:25:16','2026-01-16 13:25:16');
/*!40000 ALTER TABLE `bl_contenedores` ENABLE KEYS */;
UNLOCK TABLES;

--
-- Table structure for table `bl_items`
--

DROP TABLE IF EXISTS `bl_items`;
/*!40101 SET @saved_cs_client     = @@character_set_client */;
/*!50503 SET character_set_client = utf8mb4 */;
CREATE TABLE `bl_items` (
  `id` bigint unsigned NOT NULL AUTO_INCREMENT,
  `bl_id` int NOT NULL,
  `numero_item` int unsigned NOT NULL,
  `descripcion` text,
  `marcas` text,
  `carga_peligrosa` char(1) DEFAULT NULL,
  `tipo_bulto` varchar(10) DEFAULT NULL,
  `cantidad` int unsigned DEFAULT NULL,
  `peso_bruto` decimal(12,3) DEFAULT NULL,
  `unidad_peso` varchar(3) DEFAULT NULL,
  `volumen` decimal(12,3) DEFAULT NULL,
  `unidad_volumen` varchar(3) DEFAULT NULL,
  `created_at` timestamp NULL DEFAULT CURRENT_TIMESTAMP,
  `updated_at` timestamp NULL DEFAULT CURRENT_TIMESTAMP ON UPDATE CURRENT_TIMESTAMP,
  PRIMARY KEY (`id`),
  UNIQUE KEY `uq_bl_item` (`bl_id`,`numero_item`),
  KEY `idx_bl_items_bl` (`bl_id`),
  CONSTRAINT `fk_bl_items_bl` FOREIGN KEY (`bl_id`) REFERENCES `bls` (`id`) ON DELETE CASCADE
) ENGINE=InnoDB AUTO_INCREMENT=43 DEFAULT CHARSET=utf8mb4 COLLATE=utf8mb4_0900_ai_ci;
/*!40101 SET character_set_client = @saved_cs_client */;

--
-- Dumping data for table `bl_items`
--

LOCK TABLES `bl_items` WRITE;
/*!40000 ALTER TABLE `bl_items` DISABLE KEYS */;
INSERT INTO `bl_items` VALUES (11,853,1,'11160 CASES IN TOTAL          1X20ST, 3X40HC CONTAINER(S) SAID TO CONTAIN:                1 X 40 HC                     20 PALLETS                    2.520CARTON CASES 06X750ML WINE ASC PROFESSIONAL            CHOICE CHARDONNAY 2025 12,5 360CARTON CASES 06X750ML WINE ASC PROFESSIONAL              CHOICE CABERNET SAUVIGNON 2025 13,0                         2.880TOTAL CASES              OP-012721                     CLIENT ORDER: 2025-009-ASC-SH 1 X 40 HC 20 PALLETS                    3.300CARTON CASES 06X750ML WINE ASC PROFESSIONAL            CHOICE CABERNET SAUVIGNON 2025 13,0                         3.300TOTAL CASES              OP-012721                     CLIENT ORDER: 2025-009-ASC-SH 1 X 40 HC                     20 PALLETS                    3.300CARTON CASES 06X750ML WINE ASC PROFESSIONAL            CHOICE CABERNET SAUVIGNON 2025 13,0                         3.300TOTAL CASES              OP-012721 CLIENT ORDER: 2025-009-ASC-SH 1 X 20 DRY                    10 PALLETS                    1.680CARTON CASES 06X750ML WINE ASC PROFESSIONAL            CHOICE CABERNET SAUVIGNON 2025 13,0                         1.680TOTAL CASES OP-012721                     CLIENT ORDER: 2025-009-ASC-SH P.A. 220421                   ALSO CONSIGNEE AND NOTIFY     TEL: +86 21 51607804 FAX:86-21-61397337                     USCI CODE/TAX ID:913101097547872848 RONAN@WENRANSHIPPING.COM      SHIPPER\'S LOAD STOW COUNT WEIGH & SEAL                      SHIPPED ON BOARD','NM','N','73',1,11646.000,'KGM',17.920,'MTQ','2026-01-16 13:22:37','2026-01-16 13:22:37'),(12,853,2,NULL,NULL,'N','76',3,66076.000,'KGM',108.700,'MTQ','2026-01-16 13:22:37','2026-01-16 13:22:37'),(13,854,1,'808 CARTONS IN TOTAL          1X40RH CONTAINER(S) SAID TO CONTAIN:                        FROZEN BONELESS BEEF ROBBED FOREQUARTER                     TOTAL CARTONS: 808            TOTAL NET WEIGHT: 21.977,600 KGS TOTAL GROSS WEIGHT: 22.722,550 KGS                          REC: PJ8YN05CDV-PJ8YN05CEV-PJ8YN05BRV                       HEALTH CERTIFICATE: ECB197232025                            NCM: 0202.30.00               FREIGHT PREPAID TEMPERATURE -21 C             SHIPPER\'S LOAD STOW COUNT WEIGH & SEAL                      SHIPPED ON BOARD','VETERINARIAN        SEAL:SENACSA        PARAGUAY 0891874','N',NULL,1,22722.550,'KGM',50.000,'MTQ','2026-01-16 13:25:16','2026-01-16 13:25:16'),(14,855,1,'809 CARTONS IN TOTAL          1X40RH CONTAINER(S) SAID TO CONTAIN:                        FROZEN BONELESS BEEF ROBBED FOREQUARTER                     TOTAL CARTONS: 809            TOTAL NET WEIGHT: 22.004,800 KGS TOTAL GROSS WEIGHT: 22.773,470 KGS                          REC: PGNYN014QV-PGNYN010WV-PGNYN010VV                       HEALTH CERTIFICATE: ECB194082025                            NCM: 0202.30.00               FREIGHT PREPAID TEMPERATURE -21C              SHIPPER\'S LOAD STOW COUNT WEIGH & SEAL                      SHIPPED ON BOARD','VETERINARIAN        SEAL:SENACSA        PARAGUAY 0892992','N',NULL,1,22773.470,'KGM',50.000,'MTQ','2026-01-16 13:25:16','2026-01-16 13:25:16'),(15,856,1,'1380 CASES IN TOTAL           1X20GP CONTAINER(S) SAID TO CONTAIN:                        1380 TOTAL CASES              780 TOTAL CASES OF WINE, WITH 06 BOTTLES OF 750 ML EACH     600 TOTAL CASES OF WINE, WITH 24 BOTTLES OF 187,5 ML EACH 10 PALLET                     E25216                        PO: E25216                    HS CODE: 2204.21              ALSO CONSIGNEE / NOTIFY       USCI: 91330212309039384J      SHIPPER\'S LOAD STOW COUNT WEIGH & SEAL SHIPPED ON BOARD','NM','N','73',1,10819.800,'KGM',19.150,'MTQ','2026-01-16 13:25:16','2026-01-16 13:25:16'),(16,857,1,'1500 CASES IN TOTAL           1X20GP CONTAINER(S) SAID TO CONTAIN:                        10 PALLET WITH: 1.500 CASES   450 CASES DOUBLE LION CABERNET SAUVIGNON 6X750 ML 2025      600 CASES DOUBLE LION MERLOT 6X750ML 2024 450 CASES AND3S MONT MERLOT 6X750ML 2024                    REF. 3984 / 2025              PO: ML-2025NBF010             H.S. CODE: 2204.21            ALSO CONSIGNEE / NOTIFY       USCI: 91330212309039384J      SHIPPER\'S LOAD STOW COUNT WEIG H & SEAL                      SHIPPED ON BOARD','NM','N','73',1,10805.000,'KGM',29.700,'MTQ','2026-01-16 13:25:16','2026-01-16 13:25:16'),(17,858,1,'1445 CASES IN TOTAL           1X20GP CONTAINER(S) SAID TO CONTAIN:                        1445 CASES OF WINE ON 10 PALLETS                            1445 CASES OF WINES IN BOTTLES 6X750ML                      REF: NINGBO FREE TRAD NV 26266 PO: A05102025CN               H.S. CODE: 2204.21            ALSO CONSIGNEE / NOTIFY       USCI: 91330212309039384J      SHIPPER\'S LOAD STOW COUNT WEIGH & SEAL                      SHIPPED ON BOARD','NM','N','73',1,13800.000,'KGM',23.000,'MTQ','2026-01-16 13:25:16','2026-01-16 13:25:16'),(18,859,1,'784 CARTONS IN TOTAL          1X40RH CONTAINER(S) SAID TO CONTAIN:                        FROZEN BONELESS BEEF SHANK A  263 CTNS 7.237,770 KGS N.W 7.453,480 KGS G.W.               FROZEN BONELESS BEEF SHANK B  142 CTNS 3.887,680 KGS N.W 4.0 05,380 KGS G.W.               FROZEN BONELESS BEEF SHIN C   136 CTNS 3.730,640 KGS N.W 3.846,240 KGS G.W.               FROZEN BONELESS BEEF SHIN D   58 CTNS1.590,420 KGS N.W 1.639,720 KGS G.W.                 FROZEN BONELESS BEEF SHIN F 185 CTNS 5.080,140 KGS N.W 5.237,950 KGS G.W.               TOTAL CARTONS: 784            TOTAL NET WEIGHT: 21.526,650 KGS                            TOTAL GROSS WEIGHT: 22.182,770 KGS                          REC: PJBYN00PAV-PJBYN00PEV-PJB YN00PFV                       HEALTH CERTIFICATE: ECB200822025                            NCM: 0202.30.00               FREIGHT PREPAID               TEMPERATURE -18 C             SHIPPER\'S LOAD STOW COUNT WEIGH & SEAL SHIPPED ON BOARD','VETERINARIAN SEAL:  SENACSA PARAGUAY    0891900','N',NULL,1,22182.770,'KGM',50.000,'MTQ','2026-01-16 13:25:16','2026-01-16 13:25:16'),(19,860,1,'21 PALLETS IN TOTAL           1X40HC CONTAINER(S) SAID TO CONTAIN:                        21 PALLETS.                   840 BAGS ORAFTI HSI 25KG (IP 1T)                            21.000 KGS. NET.              TARIFF CODE H.S.: 1108.2000 ORDERS  2200805264            DHKPO001459-1                 FREIGHT PREPAID               CONTINUED SHIPPER:            LIMITED RUT. 77.894.990-3     PHONE: (56-42) 2458039        CT: MS. NATALY SOLIS.         CONTINUED CONSIGNEE & NOTIFY: BUSINESS REGISTRATION NUMBER: 91110105322176535H            PH: 020-87677195/010-58674850 CT. MS. AMANDA NIE.           EMAIL:  AMANDA.N@DPOINTERNATIONAL.COM                       SHIPPER\'S LOAD STOW COUNT WEIGH & SEAL SHIPPED ON BOARD','N/M','N','76',1,21630.000,'KGM',42.840,'MTQ','2026-01-16 13:25:16','2026-01-16 13:25:16'),(20,861,1,'21 PALLETS IN TOTAL           1X40HC CONTAINER(S) SAID TO CONTAIN:                        21 PALLETS.                   840 BAGS ORAFTI GR BAG 25KG (1T)                            21.000 KGS. NET.              ORDERS  2200805265 PO. DHKPO001460-1             TARIFF CODE H.S.: 11082000    CONTINUED SHIPPER:            LIMITED RUT. 77.894.990-3     CT: MS. NATALY SOLIS.         CONTINUED CONSIGNEE & NOTIFY: BUSINESS REGISTRATION NUMBER: 91110105322176535H PH: 020-87677195/010-58674850 CT. MS. AMANDA NIE.           EMAIL:  AMANDA.N@DPOINTERNATIONAL.COM                       SHIPPER\'S LOAD STOW COUNT WEIGH & SEAL                      SHIPPED ON BOARD','N/M','N','76',1,21630.000,'KGM',0.000,'MTQ','2026-01-16 13:25:16','2026-01-16 13:25:16'),(21,862,1,'1000 BAGS IN TOTAL            1X40HC CONTAINER(S) SAID TO CONTAIN:                        1000 BAGS                     1000 BAGS SACKS NATURAL CONDITION DEHYDRATED                PLUMS SIZE +144 WITH 25 KG NET EACH ONE REF: 6002273                  H.S. CODE: 0813.20            FREIGHT PREPAID               ALSO SHIPPER                  LOGISTICA@GOODVALLEY.CL       FONO: +56 966465157           ALSO CONSIGNEE / NOTIFY       TELEFONO:0086 15814229808 SUNIA@REFINEINGREDIENTS.COM   SHIPPER\'S LOAD STOW COUNT WEIGH & SEAL                      SHIPPED ON BOARD','NM','N','76',1,25150.000,'KGM',0.000,'MTQ','2026-01-16 13:25:16','2026-01-16 13:25:16'),(22,863,1,'1200 BAGS IN TOTAL            1X40RH CONTAINER(S) SAID TO CONTAIN:                        1200 BAGS OF FRESH PURPLE GARLIC  X 20 KG EACH              NET WEIGHT: 24.000 KGS        PE: 25038EC01024259T          SEAL IN ARGENTINA BAF08470 NCM: 0703.20.90               TEMPERATURE: 0 C              VENTILATION: 20CBM            HUMIDITY: 70%                 2DO NOTIFY                    CYBELE FOOD LOGISTIC LLC      7208 SAND LAKE ROAD, SUITE 304, ORLANDO, FL 32819 - USA                OFFICE@CYBELEFOODLOGISTIC.COM TAX ID: 88-3822506            ALSO CONSIGNEE AND NOTIFY     TAX ID: 13003043 TEL: 88657921565                           SHIPPER\'S LOAD STOW COUNT WEIGH & SEAL SHIPPED ON BOARD','N/M','N',NULL,1,25200.000,'KGM',0.000,'MTQ','2026-01-16 13:25:16','2026-01-16 13:25:16'),(23,864,1,'1200 BAGS IN TOTAL            1X40RH CONTAINER(S) SAID TO CONTAIN:                        1200 BAGS OF FRESH PURPLE GARLIC  X 20 KG EACH              NET WEIGHT: 24.000 KGS        PE: 25038EC01024256Z          SEAL IN ARGENTINA JG65288 NCM: 0703.20.90               TEMPERATURE: 0 C              VENTILATION: 20CBM            HUMIDITY: 70%                 2DO NOTIFY                    CYBELE FOOD LOGISTIC LLC      7208 SAND LAKE ROAD, SUITE 304, ORLANDO, FL 32819 - USA                OFFICE@CYBELEFOODLOGISTIC.COM TAX ID: 88-3822506            ALSO CONSIGNEE AND NOTIFY     TAX ID:13003043 TEL: 88657921565                            SHIPPER\'S LOAD STOW COUNT WEIGH & SEAL SHIPPED ON BOARD','N/M','N',NULL,1,25200.000,'KGM',0.000,'MTQ','2026-01-16 13:25:16','2026-01-16 13:25:16'),(24,865,1,'1200 BAGS IN TOTAL            1X40RH CONTAINER(S) SAID TO CONTAIN:                        1200 BAGS OF FRESH PURPLE GARLIC  X 20 KG EACH              NET WEIGHT: 24.000 KGS        PE: 25038EC01024262N          SEAL IN ARGENTINA JG65468 NCM: 0703.20.90               TEMPERATURE: 0 C              VENTILATION: 20CBM            HUMIDITY: 70%                 2DO NOTIFY                    CYBELE FOOD LOGISTIC LLC      7208 SAND LAKE ROAD, SUITE 304, ORLANDO, FL 32819 - USA                OFFICE@CYBELEFOODLOGISTIC.COM TAX ID: 88-3822506            ALSO CONSIGNEE AND NOTIFY     TAX ID:13003043 TEL: 88657921565                            SHIPPER\'S LOAD STOW COUNT WEIGH & SEAL SHIPPED ON BOARD','N/M','N',NULL,1,25200.000,'KGM',0.000,'MTQ','2026-01-16 13:25:16','2026-01-16 13:25:16'),(25,866,1,'1000 BAGS IN TOTAL            1X40HC CONTAINER(S) SAID TO CONTAIN:                        1000 BAGS ON 20 PALLETS WITH: 25.000 KG. PRUNES / NATURAL   CONDITION                     SIZE 40-50                    25 KG PER BAG REF. EX319-1-B03CN            FREIGHT PREPAID               ALSO SHIPPER:                 RUT:76.695.412-K              ALSO CONSIGNEE AND NOTIFY:    POST CODE: 361008             CONTACT PERSON: SOPHIE WEI    TEL+86 21-61636702 CONTACT PERSON: FANG JIANG    TEL+86 592-2592372 /18850516303                             USCI: 91350200556202740E      E-MAIL: WEIJING@CHINACND.COM, YANGFAN1@CHINACND.COM         E-MAIL: FANZHANG@CHINACND.COM,E-MAIL: JANICE@CHINACND.COM; XUETING@CHINACND.COM          SHIPPER\'S LOAD STOW COUNT WEIGH & SEAL                      SHIPPED ON BOARD','NM','N','76',1,25410.000,'KGM',0.000,'MTQ','2026-01-16 13:25:16','2026-01-16 13:25:16'),(26,867,1,'1097 CARTONS IN TOTAL         1X40RH CONTAINER(S) SAID TO CONTAIN:                        1097 CARTONS IN 20 PALLETSCHILLED BONELESS BEEF             MEATTOTAL NET WEIGHT: 21419.00 KGSTOTAL GROSS               WEIGHT WITHOUT PALLETS: 22,792 .99 KGSTOTAL WEIGHT           PALLETS: 707.01 KGSP.E: 25037EC01011363KNCM:                020130MARK: DEVESATEMPERATURE MAINTAINED AT -1,6            CFREIGHT PREPAID STOWED IN REFRIGERATED CONTAINER           SHIPPER\'S LOAD STOW COUNT WEIG H & SEAL                      SHIPPED ON BOARD','NM','N',NULL,1,22792.990,'KGM',50.000,'MTQ','2026-01-16 13:25:16','2026-01-16 13:25:16'),(27,868,1,'5960 CASES IN TOTAL           2X40HC CONTAINER(S) SAID TO CONTAIN:                        02X40 HC CONTAINER 42 PALLET WITH 5.960 CASES               CAAU 828278-5                 1.320 CASES OF 06 BOTTLES OF PINOT NOIR SELECTION 2023. 13,5%V. 750 ML. WAVING GOLDFISH                       1.176 CASES OF 06 BOTTLES OF SEMI SWEET CABERNET            SAUVIGNON SELECTION 2025.13,5%V. 750 ML. WAVING             GOLDFISH                      480 CASES OF 06 BOTTLES OF SYR AH RESERVA                    2024.14,0%V. 750 ML. WAVING GOLDFISH                        (G. W: 23.739,12 KGS. / 45.76 M3 21 PALLETS WITH            2.976 CASES)                  CAAU796858-0                  1180 CASES OF 06 BOTTLES OF PI NOT NOIR SELECTION            2023. 13,5%V. 750 ML. WAVING GOLDFISH                       1324 CASES OF 06 BOTTLES OF SEMI SWEET CABERNET             SAUVIGNON SELECTION 2025.13,5%V. 750 ML. WAVING             GOLDFISH 480 CASES OF 06 BOTTLES OF SYRAH RESERVA                    2024.14,0%V. 750 ML. WAVING GOLDFISH                        (G. W: 23.705,48 KGS. / 45.92 M3 21 PALLETS WITH            2.984 CASES)                  REF: CH BH 0125 CONTRACT # 20250923           ALSO CONSIGNEE / NOTIFY       USCI:91440300MA5FEF197L       SHIPPER\'S LOAD STOW COUNT WEIGH & SEAL                      SHIPPED ON BOARD','NM','N','76',2,47444.600,'KGM',91.680,'MTQ','2026-01-16 13:25:16','2026-01-16 13:25:16'),(28,869,1,'2000 CASES IN TOTAL           1X20GP CONTAINER(S) SAID TO CONTAIN:                        20000.00 KG SEEDLESS RAISINS  THOMPSON JUMBO IN CASES OF    10 KG NW CROP 2025            TOTAL CASES: 2000.00          TOTAL NET WEIGHT: 20000.00 TOTAL GROSS WEIGHT: 20920.00  HS CODE 080620                FREIGHT: PREPAID              * CONTINUE FROM CNEE/NTFY:    DISTRICT, WUHAN, CHINA        USCI: 9142010030357727XJ -    TEL 0086 13926523143          EMAIL:PENGYUNSHAN@HOLLY-FOODS. COM                           SHIPPER\'S LOAD STOW COUNT WEIGH & SEAL                      SHIPPED ON BOARD','PACIFIC NUT','N','73',1,20920.000,'KGM',17.000,'MTQ','2026-01-16 13:25:16','2026-01-16 13:25:16'),(29,870,1,'3222 CASES IN TOTAL           1X40HC CONTAINER(S) SAID TO CONTAIN:                        1092 CASES RED WINE, CABERNET SAUVIGNON 2023                LOS VASCOS (6X750 ML.) 14.0   1716 CASES RED WINE, CROMAS CABERNET SAUVIGNON GRAN RESERVA                  2022 LOS VASCOS (6X750 ML.) 14.0                            156 CASES RED WINE, CABERNET SAUVIGNON 2023                 LAS HUERTAS (6X750 ML.) 14.0  90 CASES WHITE WINE, SAUVIGNON BLANC 2025 LAS HUERTAS (6X750 ML.) 12.0  TOTAL PALLETS: 20             TOTAL VOLUME: 44,20 M3        TOTAL CASES: 3054             PDA. ARANCELARIA: 2204.2161  2204.2141                      P. O.: 25000374               REF. V-0178/25 GW: 22970,10                  168 TOTAL CASES ON 1 PALLET STANDARD                        168 CASES OF WINE 6X750 ML    NCM: 2204.21                  REF. 10014393                 25000376                      GW: 1159,20 M3: 1,80                      ALSO CONSIGNEE / NOTIFY       TEL: (852) 2251 9318          E-MAIL: A.LEUNG@MANUPORT-LIQUIDS.HK                         BUSINESS REGISTRATION         NO.:75779903-000-10-24-4      SHIPPER\'S LOAD STOW COUNT WEIG H & SEAL                      SHIPPED ON BOARD','NM','N','76',1,24129.300,'KGM',46.000,'MTQ','2026-01-16 13:25:16','2026-01-16 13:25:16'),(30,871,1,'1400 CASES IN TOTAL           1X20GP CONTAINER(S) SAID TO CONTAIN:                        1400 CASES OF WINE ON 10 PALLETS                            1400 CASES OF WINES IN BOTTLES 6X750ML                      REF: WENZHOU ZHILI NV 26265 PO: A11092025CL               P.A. 220421                   ALSO CONSIGNEE / NOTIFY       USCI: 91330212309039384J      SHIPPER\'S LOAD STOW COUNT WEIGH & SEAL                      SHIPPED ON BOARD','NM','N','73',1,11000.000,'KGM',22.000,'MTQ','2026-01-16 13:25:16','2026-01-16 13:25:16'),(31,872,1,'960 BAGS IN TOTAL             1X40HC CONTAINER(S) SAID TO CONTAIN:                        24000.00 KG NATURAL CONDITION PRUNES 144/155 IN BAGS OF     25 KG NW CROP 2025            TOTAL BAGS: 960.00            TOTAL PALLETS: 20.00 TOTAL NET WEIGHT: 24000.00    TOTAL GROSS WEIGHT: 24485.60  HS CODE 081320                FREIGHT: PREPAID              * CONTINUE FROM CNEE/ NTFY:   STREETLONGGANG DISTRICT, SHENZHEN                           GUANGDONG TAX ID 914403007488616797     CONTACT PERSON: CUI WENWEI    EMAIL: 2894944586@QQ.COM      TELEPHONE:+8613802236499      CHINA                         SHIPPER\'S LOAD STOW COUNT WEIGH & SEAL                      SHIPPED ON BOARD','PACIFIC NUT','N','76',1,24485.600,'KGM',65.000,'MTQ','2026-01-16 13:25:16','2026-01-16 13:25:16'),(32,873,1,'72 DRUMS IN TOTAL             1X40HC CONTAINER(S) SAID TO CONTAIN:                        16056 LITERS WHITE GRAPE JUICECONCENTRATE 68 BRIX           QUANTITY: 72 DRUMS 300KG NET WEIGHT / 313 KG                GROSS WEIGHT / 18 PALLETS 540 KG                            NET WEIGHT: 21.600 KG.        GROSS WEIGHT 23.076 KG.       TOTAL NET WEIGHT: 21.600 KG   TOTAL GROSS WEIGHT: 23.076 KG INVOICE: E TICKET N A-135     NCN O PA: 2009.69.00.910D     TOTAL: 21.6 TN NO. DE PERMISO DE EMBARQUE    25038EC03007510M              CONTINUED SHIPPER:            TEL: + +54 263 4461107        CONTACTO: CAROLINA BENEDETTI  C.U.I.T. 30-70788880-2        CONTINUED CONSIGNEE-NOTIFY:   NAME: VANESSA KO PHONE: +886 2 2657 9169 EXT. #108                           EMAIL: VANESSA.KO@LNTCORPORATION.COM.TW                     TAX ID: 82810160              SHIPPER\'S LOAD STOW COUNT WEIGH & SEAL                      SHIPPED ON BOARD','N/M','N','76',1,23076.000,'KGM',0.000,'MTQ','2026-01-16 13:25:16','2026-01-16 13:25:16'),(33,874,1,'3166 CASES IN TOTAL           1X40HC CONTAINER(S) SAID TO CONTAIN:                        3166 CASES ON 21 PALLETS      1149 CASES OF WINE 6X750ML P1216 BLEND                      697CASES OF WINE 6X750ML STONE MANOR RESERVA CABERNET SAUVIGNON 2024       336 CASES OF WINE 6X750ML VIA MELFI ESTATE                  CABERNET SAUVIGNON 2023       264 CASES OF WINE 6X750ML VIA MELFI ESTATE                  CHARDONNAY 2024               720 CASES OF WINE 6X750ML FELI Z VINEYARD RESERVA            SYRAH 2023                    REF: TZZC246-G                H.S.CODE: 2204.21             ALSO CONSIGNEE / NOTIFY       USCI: 91330212309039384J      SHIPPER\'S LOAD STOW COUNT WEIGH & SEAL SHIPPED ON BOARD','NM','N','76',1,25207.060,'KGM',41.550,'MTQ','2026-01-16 13:25:16','2026-01-16 13:25:16'),(34,875,1,'3492 CASES IN TOTAL           1X40RH CONTAINER(S) SAID TO CONTAIN:                        3492 CASES FRESH AVOCADOS     ON 20 PALLETS                 H.S 0804.40                   REF. PH133                    CONTROLLED ATMOSPHERE CO2 6% O2 4%                  TEMP: 5 C                     VENT: 0 CBM                   ***CONTINUE CONSIGNEE         USCI 91310112MA1GBTFP24       PH: +86-13684990259           ATTN:CAO SHIYING              E-MAIL:OP02-SZ@HUIZHANGUOMAO.C OM                            NOTIFY                        USCI: 913101120781953034      PH: 86-021-64979998           ATTN: RILEY WANG              IMPORT@SUPAFRESH.CN           3492 CASES CERTIFICATED GLOBALGAP FREIGHT PREPAID               SHIPPER\'S LOAD STOW COUNT WEIGH & SEAL                      SHIPPED ON BOARD','CABILFRUT','N',NULL,1,25074.000,'KGM',0.000,'MTQ','2026-01-16 13:25:16','2026-01-16 13:25:16'),(35,876,1,'3492 CASES IN TOTAL           1X40RH CONTAINER(S) SAID TO CONTAIN:                        3492 CASES FRESH AVOCADOS     ON 20 PALLETS                 H.S 0804.40                   REF. PH137                    CONTROLLED ATMOSPHERE CO2 6% O2 4%                  TEMP: 5 C                     VENT: 0 CBM                   ***CONTINUE CONSIGNEE         USCI 91310112MA1GBTFP24       PH: +86-13684990259           ATTN:CAO SHIYING              E-MAIL:OP02-SZ@HUIZHANGUOMAO.C OM                            NOTIFY                        USCI: 913101120781953034      PH: 86-021-64979998           ATTN: RILEY WANG              IMPORT@SUPAFRESH.CN           3492 CASES CERTIFICATED GLOBALGAP FREIGHT PREPAID               SHIPPER\'S LOAD STOW COUNT WEIGH & SEAL                      SHIPPED ON BOARD','CABILFRUT','N',NULL,1,25074.000,'KGM',0.000,'MTQ','2026-01-16 13:25:16','2026-01-16 13:25:16'),(36,877,1,'2400 CASES IN TOTAL           1X40RH CONTAINER(S) SAID TO CONTAIN:                        CASES FRESH AVOCADOS          ON 20 PALLETS                 CONTROLLED ATMOSPHERE         FREIGHT COLLECT               REFRIGERATED CARGO INST. 600-JE                  PALLET : 5490168631           THERMOGRAPH: PBQ6N00FKV       PALLET : 5490168388           THERMOGRAPH: PBQ6N00DCV       **ALSO CONSIGNEE**            SHANZHEN, CHINA. USCI 91440300MAD17M0R0C CONTACT: MR. CHEN / YBT_163_CHEN@VIP.163.COM                **ALSO NOTIFY**               USCI 9144300MAD3JER5L         CONTACT: MR. CHEN / YBT_163_CHEN@VIP.163.COM                SHIPPER\'S LOAD STOW COUNT WEIGH & SEAL SHIPPED ON BOARD','NM','N',NULL,1,26400.000,'KGM',0.000,'MTQ','2026-01-16 13:25:16','2026-01-16 13:25:16'),(37,878,1,'1000 BAGS IN TOTAL            1X40HC CONTAINER(S) SAID TO CONTAIN:                        1000 BAGS                     25.000 KG. PRUNES / NATURAL   CONDITION                     SIZE 40-50                    25 KG. PER BAG REF.  EX321-1-B03CN           FREIGHT PREPAID               ALSO SHIPPER:                 RUT:76.695.412-K              ALSO CONSIGNEE AND NOTIFY:    POST CODE: 361008             USCI: 91350200556202740E      CONTACT PERSON: SOPHIE WEI TEL+86 21-61636702            CONTACT PERSON: FANG JIANG    TEL+86 592-2592372 /18850516303                             E-MAIL: WEIJING@CHINACND.COM, YANGFAN1@CHINACND.COM,        FANZHANG@CHINACND.COM,        JANICE@CHINACND.COM; XUETING@CHINACND.COM          SHIPPER\'S LOAD STOW COUNT WEIGH & SEAL                      SHIPPED ON BOARD','NM','N','76',1,25410.000,'KGM',0.000,'MTQ','2026-01-16 13:25:16','2026-01-16 13:25:16'),(38,879,1,'800 BAGS IN TOTAL             1X40HC CONTAINER(S) SAID TO CONTAIN:                        20000 KGS NET WEIGHT UNPITTED NC PRUNES                     SIZE 40/50, IN 800 BAGS OF 25 KN EACH ONE                   CONTRACT NUMBER: 0810-25 CROP 2025, ORIGIN CHILE.      OP: SAE-M-041125              HS CODE: 081320               SHIPPER CONTINUATION:         ATTN.: FRANCISCO SEGUEL       PH.: +56 9 9825 1797          CONSIGNEE & NOTIFY CONTINUATION: ROAD, SHUIJING COMMUNITY, JIHUA                             STREERLONGGANG DISTRICT, SHENZHEN,                          GUANGDONG, CHINA.             TEL: +86-15-112059839         CONTACT: ZHAN JIXIAO          SHIPPER\'S LOAD STOW COUNT WEIG H & SEAL                      SHIPPED ON BOARD','NM','N','76',1,20160.000,'KGM',60.000,'MTQ','2026-01-16 13:25:16','2026-01-16 13:25:16'),(39,880,1,'695 CASES IN TOTAL            1X20GP CONTAINER(S) SAID TO CONTAIN:                        691 CASES OF WINE ON 10 PALLETS                             AND 4 SAMPLES                 SHIPPER\'S LOAD STOW COUNT WEIGH & SEAL SHIPPED ON BOARD','NM','N','73',1,6998.085,'KGM',11.660,'MTQ','2026-01-16 13:25:16','2026-01-16 13:25:16'),(40,881,1,'1400 CASES IN TOTAL           1X20GP CONTAINER(S) SAID TO CONTAIN:                        300 CASES OF RED WINE LIAY-LIAY CABERNET                    SAUVIGNON 2024 (6X750ML) 13.5% - CENTRAL VALLEY             300 CASES OF RED WINE LIAY-LIA Y MERLOT 2024                 (6X750ML) 13.5% - CENTRAL VALLEY                            200 CASES OF RED WINE LIAY-LIAY RESERVA CABERNET            SAUVIGNON 2023 (6X750ML) 14.5% - MAIPO VALLEY               200 CASES OF RED WINE LIAY-LIA Y RESERVA CARMENERE           2023 (6X750ML) 14.5% - MAIPO VALLEY                         200 CASES OF  WHITE WINE LIAY-LIAY RESERVA                  CHARDONNAY 2024 (6X750ML) 13.9% - CENTRAL VALLEY            200 CASES OF  RED WINE LIAY-LI AY GRAN RESERVA               CABERNET SAUVIGNON 2022 (6X750ML) 14.5% - MAIPO VALLEY      TOTAL 1400 CASES ON 10 PALLETSPO: SHTVS002-25 / REF: OV 1755HS CODE 2204.21               SHIPPER\'S LOAD STOW COUNT WEIGH & SEAL SHIPPED ON BOARD','NM','N','73',1,12020.000,'KGM',21.050,'MTQ','2026-01-16 13:25:16','2026-01-16 13:25:16'),(41,882,1,'1152 CARTONS IN TOTAL         1X40RH CONTAINER(S) SAID TO CONTAIN:                        IN 21 PALLETS WITH            8.000,000 LBS / 3,632 MT ALA MEDIA DE POLLO CONGELADA IQF   (BOLSAS 5 LBS). CONTIENE HASTA UN 15% DE AGUA, POLIFOSFATOS DE SODIO Y SAL.  10.040,000 LBS / 4,554 MT FROZEN CHICKEN WINGS / FIRST AND  SECOND SEGMENT WING (5 LB./2.27 KG. BAG).                   ALITAS DE POLLO CONGELADA / PRIMER Y SEGUNDO                SEGMENTO DEL ALA (BOLSA 5LB./2 ,27 KG.).                     28.040,000 LBS / 12,719 MT CHICKEN WING DRUMMETTES (5LBS).  MUSLITOS DE ALA DE POLLO (2,27 KG).                         PO AGS251102                  REF.: 40550239                20.905,088 KGS.NET 22.852,168 KGS.GROSS          46.080,000 LBS.NET            50.379,604 LBS.GROSS          FREIGHT PREPAID               **ALSO SHIPPER**              BERNARDO O\'HIGGINS- CHILE.    TELEFONO: 722 333400 FAX: (56-72) 2201297 ON BEHALF OF AMPAC TRADING INTERNATIONAL,                   11936 ALTAMAR PL.CALIFORNIA, 90670, SANTA FE SPRINGS,       UNITED STATES, DIRECT 562-777-0022.                         **ALSO CONSIGNEE AND NOTIFY** CONTACT: MR. WON S. HAN , , SHIPPER\'S LOAD STOW COUNT WEIGH & SEAL                      SHIPPED ON BOARD','AGROSUPER           S/ 031637','N',NULL,1,22852.168,'KGM',67.000,'MTQ','2026-01-16 13:25:16','2026-01-16 13:25:16'),(42,883,1,'1152 CARTONS IN TOTAL         1X40RH CONTAINER(S) SAID TO CONTAIN:                        IN 21 PALLETS WITH            12.040,000 LBS / 5,461 MT CHICKEN WING DRUMMETTES (5LBS).   MUSLITOS DE ALA DE POLLO (2,27 KG) 4.000,000 LBS / 1,814 MT CHICKEN BREAST TENDERLOINS (10 LBS).                             FILETES DE PECHUGA DE POLLO (4.54 KG).                      4.000,000 LBS / 1,814 MT FROZEN BONELESS SKINLESS CHICKEN   BREAST 6 OZ (10 LBS). PECHUGA DE POLLO DESHUESADA SIN PIEL  CONGELADA 6 OZ (4.54 KG).     12.000,000 LBS / 5,448 MT ALA MEDIA DE POLLO CONGELADA      IQF (BOLSAS 5 LBS). CONTIENE HASTA UN 15% DE AGUA, POLIFOSFATOS                           DE SODIO Y SAL. 14.040,000 LBS / 6,369 MT FROZEN CHICKEN WINGS / FIRST AND  SECOND SEGMENT WING (5 LB./2.27 KG. BAG).                   ALITAS DE POLLO CONGELADA / PRIMER Y SEGUNDO                SEGMENTO DEL ALA (BOLSA 5LB./2,27 KG.). PO AGS251201                  REF.: 40531871                20.906,688 KGS.NET            22.790,968 KGS.GROSS          46.080,000 LBS.NET            50.244,604 LBS.GROSS          FREIGHT PREPAID               **ALSO SHIPPER** BERNARDO O\'HIGGINS- CHILE.    TELEFONO: 722 333400 FAX: (56-72) 2201297                   ON BEHALF OF AMPAC TRADING INTERNATIONAL,                   11936 ALTAMAR PL.CALIFORNIA, 90670, SANTA FE SPRINGS,       UNITED STATES, DIRECT 562-777- 0022.                         **ALSO CONSIGNEE / NOTIFY**   CONTACT: MR. WON S. HAN , ,   SHIPPER\'S LOAD STOW COUNT WEIGH & SEAL                      SHIPPED ON BOARD','AGROSUPER           S/ 042070','N',NULL,1,22790.968,'KGM',67.000,'MTQ','2026-01-16 13:25:16','2026-01-16 13:25:16');
/*!40000 ALTER TABLE `bl_items` ENABLE KEYS */;
UNLOCK TABLES;

--
-- Table structure for table `bls`
--

DROP TABLE IF EXISTS `bls`;
/*!40101 SET @saved_cs_client     = @@character_set_client */;
/*!50503 SET character_set_client = utf8mb4 */;
CREATE TABLE `bls` (
  `id` int NOT NULL AUTO_INCREMENT,
  `manifiesto_id` int NOT NULL,
  `bl_number` varchar(50) NOT NULL,
  `tipo_servicio_id` int DEFAULT NULL,
  `shipper` varchar(255) DEFAULT NULL,
  `consignee` varchar(255) DEFAULT NULL,
  `notify_party` varchar(255) DEFAULT NULL,
  `fecha_emision` date DEFAULT NULL,
  `fecha_presentacion` datetime DEFAULT NULL,
  `fecha_embarque` datetime DEFAULT NULL,
  `fecha_zarpe` datetime DEFAULT NULL,
  `descripcion_carga` text,
  `peso_bruto` decimal(12,3) DEFAULT NULL,
  `unidad_peso` varchar(3) DEFAULT NULL,
  `volumen` decimal(12,3) DEFAULT NULL,
  `unidad_volumen` varchar(3) DEFAULT NULL,
  `bultos` int DEFAULT NULL,
  `total_items` int DEFAULT NULL,
  `status` enum('CREADO','VALIDADO','ENVIADO','ANULADO') DEFAULT 'CREADO',
  `created_at` timestamp NULL DEFAULT CURRENT_TIMESTAMP,
  `updated_at` timestamp NULL DEFAULT CURRENT_TIMESTAMP ON UPDATE CURRENT_TIMESTAMP,
  `lugar_emision_id` int DEFAULT NULL,
  `puerto_embarque_id` int DEFAULT NULL,
  `puerto_descarga_id` int DEFAULT NULL,
  `lugar_destino_id` int DEFAULT NULL,
  `lugar_entrega_id` int DEFAULT NULL,
  `lugar_recepcion_id` int DEFAULT NULL,
  PRIMARY KEY (`id`),
  UNIQUE KEY `uk_bl_manifiesto` (`manifiesto_id`,`bl_number`),
  KEY `fk_bls_tipo_servicio` (`tipo_servicio_id`),
  KEY `fk_bls_le` (`lugar_emision_id`),
  KEY `fk_bls_pe` (`puerto_embarque_id`),
  KEY `fk_bls_pd` (`puerto_descarga_id`),
  KEY `fk_bls_ld` (`lugar_destino_id`),
  KEY `fk_bls_lem` (`lugar_entrega_id`),
  KEY `fk_bls_lrm` (`lugar_recepcion_id`),
  CONSTRAINT `fk_bls_ld` FOREIGN KEY (`lugar_destino_id`) REFERENCES `puertos` (`id`),
  CONSTRAINT `fk_bls_le` FOREIGN KEY (`lugar_emision_id`) REFERENCES `puertos` (`id`),
  CONSTRAINT `fk_bls_lem` FOREIGN KEY (`lugar_entrega_id`) REFERENCES `puertos` (`id`),
  CONSTRAINT `fk_bls_lrm` FOREIGN KEY (`lugar_recepcion_id`) REFERENCES `puertos` (`id`),
  CONSTRAINT `fk_bls_manifiesto` FOREIGN KEY (`manifiesto_id`) REFERENCES `manifiestos` (`id`) ON DELETE CASCADE,
  CONSTRAINT `fk_bls_pd` FOREIGN KEY (`puerto_descarga_id`) REFERENCES `puertos` (`id`),
  CONSTRAINT `fk_bls_pe` FOREIGN KEY (`puerto_embarque_id`) REFERENCES `puertos` (`id`),
  CONSTRAINT `fk_bls_tipo_servicio` FOREIGN KEY (`tipo_servicio_id`) REFERENCES `tipos_servicio` (`id`)
) ENGINE=InnoDB AUTO_INCREMENT=884 DEFAULT CHARSET=utf8mb4 COLLATE=utf8mb4_0900_ai_ci;
/*!40101 SET character_set_client = @saved_cs_client */;

--
-- Dumping data for table `bls`
--

LOCK TABLES `bls` WRITE;
/*!40000 ALTER TABLE `bls` DISABLE KEYS */;
INSERT INTO `bls` VALUES (853,2,'SCL500567400',1,'INTER-TANK SPA RUT 77.250.332-6 AV. OSSA 235 OF.1065 SANTIAGO, CHILE CLSCL','WEN RAN SHIPPING CO.,LTD. ADD','WEN RAN SHIPPING CO.,LTD. ADD','2025-12-06','2025-12-26 23:04:00','2025-12-06 15:00:00','2025-12-06 15:00:00','001 Y000001000100011646000 00000179200000017920IN CONTAINERS HOLDING 2 L OR LESS 220420GPKGMMTQY | 002 Y000003000600066076000 00001087000000108700IN CONTAINERS HOLDING 2 L OR LESS 220440HCKGMMTQY',77722.000,'KGM',126.620,'MTQ',4,2,'CREADO','2026-01-16 13:22:37','2026-01-16 13:22:37',10,2,6,NULL,NULL,NULL),(854,1,'SCL500494400',1,'ONBOARD LOGISTICS PARAGUAY SA AVIADORES DEL CHACO 1669 C/ SAN MARTIN, EDIF. AYMAC I, PISO 4, LADO A 0 CLSCL','ROHLIG TAIWAN CO., LTD 13F.-7, NO.8, SEC. 7, CIVIC BOULEVARD, NANGANG DISTRICT','ROHLIG TAIWAN CO., LTD 13F.-7, NO.8, SEC. 7, CIVIC BOULEVARD, NANGANG DISTRICT','2025-11-26','2025-11-26 01:52:00','2025-11-26 08:00:00','2025-11-26 08:00:00','001 Y000001000200022722550 00000500000000050000BONELESS 020140RHKGMMTQY',22722.550,'KGM',50.000,'MTQ',1,1,'CREADO','2026-01-16 13:25:16','2026-01-16 13:25:16',10,1,5,NULL,NULL,NULL),(855,1,'SCL500496000',1,'ONBOARD LOGISTICS PARAGUAY SA AVIADORES DEL CHACO 1669 C/ SAN MARTIN, EDIF. AYMAC I, PISO 4, LADO A 0 CLSCL','ROHLIG TAIWAN CO., LTD 13F.-7, NO.8, SEC. 7, CIVIC BOULEVARD, NANGANG DISTRICT','ROHLIG TAIWAN CO., LTD 13F.-7, NO.8, SEC. 7, CIVIC BOULEVARD, NANGANG DISTRICT','2025-11-26','2025-11-26 01:52:00','2025-11-26 08:00:00','2025-11-26 08:00:00','001 Y000001000200022773470 00000500000000050000BONELESS 020140RHKGMMTQY',22773.470,'KGM',50.000,'MTQ',1,1,'CREADO','2026-01-16 13:25:16','2026-01-16 13:25:16',10,1,5,NULL,NULL,NULL),(856,1,'SCL500508900',1,'INTER-TANK SPA RUT 77.250.332-6 AV. OSSA 235 OF. 1065 SANTIAGO, CHILE CLSCL','LYSEO CHINA COMPANY LIMITED. NINGBO BRANCH RM.502,','LYSEO CHINA COMPANY LIMITED. NINGBO BRANCH RM.502,','2025-11-26','2025-11-26 01:52:00','2025-11-26 08:00:00','2025-11-26 08:00:00','001 Y000001000100010819800 00000191500000019150IN CONTAINERS HOLDING 2 L OR LESS 220420GPKGMMTQY',10819.800,'KGM',19.150,'MTQ',1,1,'CREADO','2026-01-16 13:25:16','2026-01-16 13:25:16',10,1,7,NULL,NULL,NULL),(857,1,'SCL500513400',1,'INTER-TANK SPA RUT 77.250.332-6 AV. OSSA 235 OF. 1065 SANTIAGO, CHILE CLSCL','LYSEO CHINA COMPANY LIMITED. NINGBO BRANCH RM.502,','LYSEO CHINA COMPANY LIMITED. NINGBO BRANCH RM.502,','2025-11-26','2025-11-26 01:52:00','2025-11-26 08:00:00','2025-11-26 08:00:00','001 Y000001000100010805000 00000297000000029700IN CONTAINERS HOLDING 2 L OR LESS 220420GPKGMMTQY',10805.000,'KGM',29.700,'MTQ',1,1,'CREADO','2026-01-16 13:25:16','2026-01-16 13:25:16',10,1,7,NULL,NULL,NULL),(858,1,'SCL500513500',1,'INTER-TANK SPA RUT 77.250.332-6 AV. OSSA 235 OF. 1065 SANTIAGO, CHILE CLSCL','LYSEO CHINA COMPANY LIMITED. NINGBO BRANCH RM.502,','LYSEO CHINA COMPANY LIMITED. NINGBO BRANCH RM.502,','2025-11-26','2025-11-26 01:52:00','2025-11-26 08:00:00','2025-11-26 08:00:00','001 Y000001000100013800000 00000230000000023000IN CONTAINERS HOLDING 2 L OR LESS 220420GPKGMMTQY',13800.000,'KGM',23.000,'MTQ',1,1,'CREADO','2026-01-16 13:25:16','2026-01-16 13:25:16',10,1,7,NULL,NULL,NULL),(859,1,'SCL500518700',1,'ONBOARD LOGISTICS PARAGUAY SA AVIADORES DEL CHACO 1669 C/ SAN MARTIN, EDIF. AYMAC I, PISO 4, LADO A 0 CLSCL','ROHLIG TAIWAN CO., LTD 13F.-7, NO.8, SEC. 7, CIVIC BOULEVARD, NANGANG DISTRICT','ROHLIG TAIWAN CO., LTD 13F.-7, NO.8, SEC. 7, CIVIC BOULEVARD, NANGANG DISTRICT','2025-11-26','2025-11-26 01:52:00','2025-11-26 08:00:00','2025-11-26 08:00:00','001 Y000001000200022182770 00000500000000050000BONELESS 020140RHKGMMTQY',22182.770,'KGM',50.000,'MTQ',1,1,'CREADO','2026-01-16 13:25:16','2026-01-16 13:25:16',10,1,5,NULL,NULL,NULL),(860,1,'SCL500524800',1,'ORAFTI CHILE S.A. ON BEHALF OF DPO INTERNATIONAL KM. 445 RUTA 5 SUR PEMUCO-CHILE CLSCL','DPO BEIJING COMPANY LIMITED. NO.2111 TOWER A, FREETOWN,58 SOUTH ROAD, DONGSANHUAN, CHAOYANG DISTRICT 100022 BEIJING, CHINA CNCAN','DPO BEIJING COMPANY LIMITED. NO.2111 TOWER A, FREETOWN,58 SOUTH ROAD, DONGSANHUAN, CHAOYANG DISTRICT 100022 BEIJING, CHINA CNCAN','2025-11-26','2025-11-26 01:52:00','2025-11-26 08:00:00','2025-11-26 08:00:00','001 Y000001000200021630000 00000428400000042840INULIN 110840HCKGMMTQY',21630.000,'KGM',42.840,'MTQ',1,1,'CREADO','2026-01-16 13:25:16','2026-01-16 13:25:16',10,1,12,NULL,NULL,NULL),(861,1,'SCL500524900',1,'ORAFTI CHILE S.A. ON BEHALF OF DPO INTERNATIONAL KM. 445 RUTA 5 SUR PEMUCO-CHILE CLSCL','DPO BEIJING COMPANY LIMITED. NO.2111 TOWER A, FREETOWN,58 SOUTH ROAD, DONGSANHUAN, CHAOYANG DISTRICT 100022 BEIJING, CHINA CNCAN','DPO BEIJING COMPANY LIMITED. NO.2111 TOWER A, FREETOWN,58 SOUTH ROAD, DONGSANHUAN, CHAOYANG DISTRICT 100022 BEIJING, CHINA CNCAN','2025-11-26','2025-11-26 01:52:00','2025-11-26 08:00:00','2025-11-26 08:00:00','001 Y000001000200021630000 00000000000000000000INULIN 110840HCKGMMTQY',21630.000,'KGM',0.000,'MTQ',1,1,'CREADO','2026-01-16 13:25:16','2026-01-16 13:25:16',10,1,12,NULL,NULL,NULL),(862,1,'SCL500529300',1,'PROCESADORA Y DESHIDRATADORA COLCHAGUA S.A. CAMINO PICHILEMU S/N, PALMILLA, SANTA CRUZ, CHILE - MACARENA POBLETE LIRA CLSAI','GUANGDONG YUAN HENG FOOD CO., LTD TAX ID','GUANGDONG YUAN HENG FOOD CO., LTD TAX ID','2025-11-26','2025-11-26 01:52:00','2025-11-26 08:00:00','2025-11-26 08:00:00','001 Y000001000200025150000 00000000000000000000PRUNES 081340HCKGMMTQY',25150.000,'KGM',0.000,'MTQ',1,1,'CREADO','2026-01-16 13:25:16','2026-01-16 13:25:16',10,1,13,NULL,NULL,NULL),(863,1,'SCL500531000',1,'MENDOZA EXPORTS S.A. FLORIDA 890 PISO 12 DPTO S-T-M C.A.B.A. - ARGENTINA CUIT','PER-UNION ENTERPRISE CO., LTD 1F., NO.11, LANE 23, CINGHUA ST., BEIGANG TOWNSHIP YUNLIN COUNTY - 651, TAIWAN','PER-UNION ENTERPRISE CO., LTD 1F., NO.11, LANE 23, CINGHUA ST., BEIGANG TOWNSHIP YUNLIN COUNTY - 651, TAIWAN','2025-11-26','2025-11-26 01:52:00','2025-11-26 08:00:00','2025-11-26 08:00:00','001 Y000001000200025200000 00000000000000000000GARLIC 070340RHKGMMTQY',25200.000,'KGM',0.000,'MTQ',1,1,'CREADO','2026-01-16 13:25:16','2026-01-16 13:25:16',10,1,5,NULL,NULL,NULL),(864,1,'SCL500531001',1,'MENDOZA EXPORTS S.A. FLORIDA 890 PISO 12 DPTO S-T-M C.A.B.A. - ARGENTINA CUIT','PER-UNION ENTERPRISE CO., LTD 1F., NO.11, LANE 23, CINGHUA ST., BEIGANG TOWNSHIP YUNLIN COUNTY - 651, TAIWAN','PER-UNION ENTERPRISE CO., LTD 1F., NO.11, LANE 23, CINGHUA ST., BEIGANG TOWNSHIP YUNLIN COUNTY - 651, TAIWAN','2025-11-26','2025-11-26 01:52:00','2025-11-26 08:00:00','2025-11-26 08:00:00','001 Y000001000200025200000 00000000000000000000GARLIC 070340RHKGMMTQY',25200.000,'KGM',0.000,'MTQ',1,1,'CREADO','2026-01-16 13:25:16','2026-01-16 13:25:16',10,1,5,NULL,NULL,NULL),(865,1,'SCL500531002',1,'MENDOZA EXPORTS S.A. FLORIDA 890 PISO 12 DPTO S-T-M C.A.B.A. - ARGENTINA CUIT','PER-UNION ENTERPRISE CO., LTD 1F., NO.11, LANE 23, CINGHUA ST., BEIGANG TOWNSHIP YUNLIN COUNTY - 651, TAIWAN','PER-UNION ENTERPRISE CO., LTD 1F., NO.11, LANE 23, CINGHUA ST., BEIGANG TOWNSHIP YUNLIN COUNTY - 651, TAIWAN','2025-11-26','2025-11-26 01:52:00','2025-11-26 08:00:00','2025-11-26 08:00:00','001 Y000001000200025200000 00000000000000000000GARLIC 070340RHKGMMTQY',25200.000,'KGM',0.000,'MTQ',1,1,'CREADO','2026-01-16 13:25:16','2026-01-16 13:25:16',10,1,5,NULL,NULL,NULL),(866,1,'SCL500532500',1,'FRUTEEC CHILE SPA AV. PRESIDENTE KENNEDY 7900, OF. 902, VITACURA, SANTIAGO, CHILE. TEL','XIAMEN C&D ESSENTIAL RESOURCES CO.,LTD. C&D INTERNATIONAL BUILDING 16/F,NO.1699 EAST HUANDAO ROAD,SIMING DISTRICT, XIAMEN. CHINA CNSHA','XIAMEN C&D ESSENTIAL RESOURCES CO.,LTD. C&D INTERNATIONAL BUILDING 16/F,NO.1699 EAST HUANDAO ROAD,SIMING DISTRICT, XIAMEN. CHINA CNSHA','2025-11-26','2025-11-26 01:52:00','2025-11-26 08:00:00','2025-11-26 08:00:00','001 Y000001000200025410000 00000000000000000000PRUNES 081340HCKGMMTQY',25410.000,'KGM',0.000,'MTQ',1,1,'CREADO','2026-01-16 13:25:16','2026-01-16 13:25:16',10,1,6,NULL,NULL,NULL),(867,1,'SCL500533100',1,'AZUL NATURAL BEEF S.A. LAS PELARGONIAS 842 OF 1309 CLSCL','SHANGHAI ALL FOOD WIN CO., LTD ROOM 1607, BUILDING 5, NO. 1628, JINSHA JIANG ROAD, PUTUO DISTRICT, SHANGHAI, 200333, CHINA. CNSHA','SHANGHAI ALL FOOD WIN CO., LTD ROOM 1607, BUILDING 5, NO. 1628, JINSHA JIANG ROAD, PUTUO DISTRICT, SHANGHAI, 200333, CHINA. CNSHA','2025-11-26','2025-11-26 01:52:00','2025-11-26 08:00:00','2025-11-26 08:00:00','001 Y000001000200022792990 00000500000000050000BONELESS 020140RHKGMMTQY',22792.990,'KGM',50.000,'MTQ',1,1,'CREADO','2026-01-16 13:25:16','2026-01-16 13:25:16',10,1,6,NULL,NULL,NULL),(868,1,'SCL500534700',1,'INTER-TANK SPA AV. OSSA 235 OF. 1065 SANTIAGO, CHILE 77.870.680-6 CLSCL','CARGO MOVING SUPPLY CHAIN','CARGO MOVING SUPPLY CHAIN','2025-11-26','2025-11-26 01:52:00','2025-11-26 08:00:00','2025-11-26 08:00:00','001 Y000002000400047444600 00000916800000091680IN CONTAINERS HOLDING 2 L OR LESS 220440HCKGMMTQY',47444.600,'KGM',91.680,'MTQ',2,1,'CREADO','2026-01-16 13:25:16','2026-01-16 13:25:16',10,1,4,NULL,NULL,NULL),(869,1,'SCL500538000',1,'PACIFIC NUT COMPANY CHILE S.A. CAMINO PADRE HURTADO 19956 SAN BERNARDO, SANTIAGO, CHILE CLSCL','WUHAN HOLLY FOODS COMPANY LIMITED SPECIAL NO.1','WUHAN HOLLY FOODS COMPANY LIMITED SPECIAL NO.1','2025-11-26','2025-11-26 01:52:00','2025-11-26 08:00:00','2025-11-26 08:00:00','001 Y000001000100020920000 00000170000000017000FRUIT, EDIBLE; GRAPES, DRIED 150 20GPKGMMTQY',20920.000,'KGM',17.000,'MTQ',1,1,'CREADO','2026-01-16 13:25:16','2026-01-16 13:25:16',10,1,7,NULL,NULL,NULL),(870,1,'SCL500538400',1,'INTER-TANK SPA RUT 77.250.332-6 AV. OSSA 235 OF. 1065 SANTIAGO, CHILE CLSCL','MANUPORT LIQUIDS HONG KONG LIMITED UNIT 7-9, 16/F, TOWER B, 83 KING LAM STREET, CHEUNG SHA WAN, KOWLOON, HONG KONG HKHKG','MANUPORT LIQUIDS HONG KONG LIMITED UNIT 7-9, 16/F, TOWER B, 83 KING LAM STREET, CHEUNG SHA WAN, KOWLOON, HONG KONG HKHKG','2025-11-26','2025-11-26 01:52:00','2025-11-26 08:00:00','2025-11-26 08:00:00','001 Y000001000200024129300 00000460000000046000IN CONTAINERS HOLDING 2 L OR LESS 220440HCKGMMTQY',24129.300,'KGM',46.000,'MTQ',1,1,'CREADO','2026-01-16 13:25:16','2026-01-16 13:25:16',10,1,3,NULL,NULL,NULL),(871,1,'SCL500538500',1,'INTER-TANK SPA RUT 77.250.332-6 AV. OSSA 235 OF. 1065 SANTIAGO, CHILE CLSCL','LYSEO CHINA COMPANY LIMITED. NINGBO BRANCH RM.502,','LYSEO CHINA COMPANY LIMITED. NINGBO BRANCH RM.502,','2025-11-26','2025-11-26 01:52:00','2025-11-26 08:00:00','2025-11-26 08:00:00','001 Y000001000100011000000 00000220000000022000IN CONTAINERS HOLDING 2 L OR LESS 220420GPKGMMTQY',11000.000,'KGM',22.000,'MTQ',1,1,'CREADO','2026-01-16 13:25:16','2026-01-16 13:25:16',10,1,7,NULL,NULL,NULL),(872,1,'SCL500538900',1,'PACIFIC NUT COMPANY CHILE S.A. CAMINO PADRE HURTADO 19956 SAN BERNARDO, SANTIAGO, CHILE CLSCL','SHENZHEN CITY GOLD MARK THE FOOD LIMITED COMPANY ROOM 201, BUILDING 7, TONGXINDE INDUSTRIAL PARK, NO292,JIHUA ROAD, SHUIJING COMMUNITY, JIHUA CNSZX','SHENZHEN CITY GOLD MARK THE FOOD LIMITED COMPANY ROOM 201, BUILDING 7, TONGXINDE INDUSTRIAL PARK, NO292,JIHUA ROAD, SHUIJING COMMUNITY, JIHUA CNSZX','2025-11-26','2025-11-26 01:52:00','2025-11-26 08:00:00','2025-11-26 08:00:00','001 Y000001000200024485600 00000650000000065000PRUNES 081340HCKGMMTQY',24485.600,'KGM',65.000,'MTQ',1,1,'CREADO','2026-01-16 13:25:16','2026-01-16 13:25:16',10,1,4,NULL,NULL,NULL),(873,1,'SCL500539400',1,'BODEGAS Y VINEDOS BENEDETTI SRL RUTA 61 KM 19 S/N 0 LOS BARRIALES MENDOZA-ARGENTINA ARBUE','JL BIO INTERNATIONAL CO. 5F, NO.52 ZHOUZI STREET, NEIHU DISTRICT, TAIPEI 114','JL BIO INTERNATIONAL CO. 5F, NO.52 ZHOUZI STREET, NEIHU DISTRICT, TAIPEI 114','2025-11-26','2025-11-26 01:52:00','2025-11-26 08:00:00','2025-11-26 08:00:00','001 Y000001000200023076000 00000000000000000000JUICE; GRAPE, OF A BRIX VALUE EXCEEDING 30, UNFE200940HCKGMMTQY',23076.000,'KGM',0.000,'MTQ',1,1,'CREADO','2026-01-16 13:25:16','2026-01-16 13:25:16',10,1,5,NULL,NULL,NULL),(874,1,'SCL500539800',1,'INTER-TANK SPA RUT 77.250.332-6 AV. OSSA 235 OF. 1065 SANTIAGO, CHILE CLSCL','LYSEO CHINA COMPANY LIMITED. NINGBO BRANCH RM.502,','LYSEO CHINA COMPANY LIMITED. NINGBO BRANCH RM.502,','2025-11-26','2025-11-26 01:52:00','2025-11-26 08:00:00','2025-11-26 08:00:00','001 Y000001000200025207060 00000415500000041550IN CONTAINERS HOLDING 2 L OR LESS 220440HCKGMMTQY',25207.060,'KGM',41.550,'MTQ',1,1,'CREADO','2026-01-16 13:25:16','2026-01-16 13:25:16',10,1,4,NULL,NULL,NULL),(875,1,'SCL500540500',1,'AGRICOLA Y COMERCIAL CABILFRUT S.A. JUAN BAUTISTA PASTENE N 3111 VITACURA SANTIAGO CHILE RUT.79.906.370-0 CLSCL','SHANGHAI HUI ZHAN INTERNATIONAL TRADE CO., LTD FLOOR 4, NO. 288 DINGJIN ROAD, JINHUI TOWN FENGXIAN DISTRICT, SHANGHAI CHINA CNSHA','SHANGHAI SUPAFRESH TRADING CO., LTD 88B NO. 879 SHUANGBAI ROAD, MINHANGDISTRICT, SHANGHAI, 201108, CHINA. CNSHA','2025-11-26','2025-11-26 01:52:00','2025-11-26 08:00:00','2025-11-26 08:00:00','001 Y000001000200025074000 00000000000000000000AVOCADOS 080440RHKGMMTQY',25074.000,'KGM',0.000,'MTQ',1,1,'CREADO','2026-01-16 13:25:16','2026-01-16 13:25:16',10,1,6,NULL,NULL,NULL),(876,1,'SCL500540600',1,'AGRICOLA Y COMERCIAL CABILFRUT S.A. JUAN BAUTISTA PASTENE N 3111 VITACURA SANTIAGO CHILE RUT.79.906.370-0 CLSCL','SHANGHAI HUI ZHAN INTERNATIONAL TRADE CO., LTD FLOOR 4, NO. 288 DINGJIN ROAD, JINHUI TOWN FENGXIAN DISTRICT, SHANGHAI CHINA CNSHA','SHANGHAI SUPAFRESH TRADING CO., LTD 88B NO. 879 SHUANGBAI ROAD, MINHANGDISTRICT, SHANGHAI, 201108, CHINA. CNSHA','2025-11-26','2025-11-26 01:52:00','2025-11-26 08:00:00','2025-11-26 08:00:00','001 Y000001000200025074000 00000000000000000000AVOCADOS 080440RHKGMMTQY',25074.000,'KGM',0.000,'MTQ',1,1,'CREADO','2026-01-16 13:25:16','2026-01-16 13:25:16',10,1,6,NULL,NULL,NULL),(877,1,'SCL500541200',1,'JORGE SCHMIDT EXPORTS SPA CARRETERA INTERIOR NRO 2 VILLA CHAGRES, CATEMU, SAN FELIPE,CHILE RUT','SHENZHEN SHANGSHANG JIAPIN SUPPLY CHAIN CO., LTD. TECHNOLOGY BUILDING 6A-1151, HAIBEI 2ND. ROAD,PENGWAN COMMUNITY HAISHAN STREET,YANTIAN DISTRICT, CNSZX','YIBITONG','2025-11-26','2025-11-26 01:52:00','2025-11-26 08:00:00','2025-11-26 08:00:00','001 Y000001000200026400000 00000000000000000000AVOCADOS 080440RHKGMMTQY',26400.000,'KGM',0.000,'MTQ',1,1,'CREADO','2026-01-16 13:25:16','2026-01-16 13:25:16',10,1,3,NULL,NULL,NULL),(878,1,'SCL500542700',1,'FRUTEEC CHILE SPA AV. PRESIDENTE KENNEDY 7900, OF. 902, VITACURA, SANTIAGO, CHILE. TEL','XIAMEN C&D ESSENTIAL RESOURCES CO.,LTD. C&D INTERNATIONAL BUILDING 16/F,NO.1699 EAST HUANDAO ROAD,SIMING DISTRICT, XIAMEN. CHINA CNSHA','XIAMEN C&D ESSENTIAL RESOURCES CO.,LTD. C&D INTERNATIONAL BUILDING 16/F,NO.1699 EAST HUANDAO ROAD,SIMING DISTRICT, XIAMEN. CHINA CNSHA','2025-11-26','2025-11-26 01:52:00','2025-11-26 08:00:00','2025-11-26 08:00:00','001 Y000001000200025410000 00000000000000000000PRUNES 081340HCKGMMTQY',25410.000,'KGM',0.000,'MTQ',1,1,'CREADO','2026-01-16 13:25:16','2026-01-16 13:25:16',10,1,6,NULL,NULL,NULL),(879,1,'SCL500543200',1,'EXPORTADORA Y COMERCIALIZADORA SAN ANSELMO DEL ALGARROBAL SPA RUT','SHENZHEN CITY GOLD MARK THE FOOD LIMITED COMPANY USCI','SHENZHEN CITY GOLD MARK THE FOOD LIMITED COMPANY USCI','2025-11-26','2025-11-26 01:52:00','2025-11-26 08:00:00','2025-11-26 08:00:00','001 Y000001000200020160000 00000600000000060000PRUNES 081340HCKGMMTQY',20160.000,'KGM',60.000,'MTQ',1,1,'CREADO','2026-01-16 13:25:16','2026-01-16 13:25:16',10,1,4,NULL,NULL,NULL),(880,1,'SCL500562000',1,'MANUPORT LOGISTICS CHILE SPA AVENIDA SUECIA 0142 CLSAI','MANUPORT LIQUIDS HONG KONG LIMITED UNIT 7-9, 16/F, TOWER B, 83 KING LAM STREET, CHEUNG SHA WAN, KOWLOON, HKHKG','MANUPORT LIQUIDS HONG KONG LIMITED UNIT 7-9, 16/F, TOWER B, 83 KING LAM STREET, CHEUNG SHA WAN, KOWLOON, HKHKG','2025-11-26','2025-11-26 01:52:00','2025-11-26 08:00:00','2025-11-26 08:00:00','001 Y000001000100006998085 00000116600000011660IN CONTAINERS HOLDING 2 L OR LESS 220420GPKGMMTQY',6998.085,'KGM',11.660,'MTQ',1,1,'CREADO','2026-01-16 13:25:16','2026-01-16 13:25:16',10,1,3,NULL,NULL,NULL),(881,1,'SCL500563700',1,'INTER-TANK SPA AV. OSSA 235 OF. 1065 SANTIAGO, CHILE 77.870.680-6 CLSCL','GUANGZHOU HAYONEX LOGISTICS CO.,LTD 24/ FJINHUI BUILDING NO.123 JIEFANGSOUTH ROAD YUEXIU DISTRICT GUANGZHOU CNHUA','GUANGZHOU HAYONEX LOGISTICS CO.,LTD 24/ FJINHUI BUILDING NO.123 JIEFANGSOUTH ROAD YUEXIU DISTRICT GUANGZHOU CNHUA','2025-11-26','2025-11-26 01:52:00','2025-11-26 08:00:00','2025-11-26 08:00:00','001 Y000001000100012020000 00000210500000021050IN CONTAINERS HOLDING 2 L OR LESS 220420GPKGMMTQY',12020.000,'KGM',21.050,'MTQ',1,1,'CREADO','2026-01-16 13:25:16','2026-01-16 13:25:16',10,1,6,NULL,NULL,NULL),(882,1,'SCL5M0006400',1,'AGROSUPER S.A. CAMINO LA ESTRELLA NO 401 OF. 56 SECTOR PUNTA DE CORTES - RANCAGUA -REGION DEL LIBERTADOR GRAL. CLSCL','PACIFIC GROCERS GUAM 196 US ARMY JUAN C FEJERAN STREET BARRIGADA,GU 96913-1425 MR. WON S. HAN 671-649-6976 NZAKL','PACIFIC GROCERS GUAM 196 US ARMY JUAN C FEJERAN STREET BARRIGADA,GU 96913-1425 MR. WON S. HAN 671-649-6976 NZAKL','2025-11-26','2025-11-26 01:52:00','2025-11-26 08:00:00','2025-11-26 08:00:00','001 Y000001000200022852168 00000670000000067000MEAT AND EDIBLE MEAT OFFAL 020240RHKGMMTQY',22852.168,'KGM',67.000,'MTQ',1,1,'CREADO','2026-01-16 13:25:16','2026-01-16 13:25:16',10,1,8,NULL,NULL,NULL),(883,1,'SCL5M0006500',1,'AGROSUPER S.A. CAMINO LA ESTRELLA NO 401 OF. 56 SECTOR PUNTA DE CORTES - RANCAGUA -REGION DEL LIBERTADOR GRAL. CLSCL','PACIFIC GROCERS GUAM 196 US ARMY JUAN C FEJERAN STREET BARRIGADA,GU 96913-1425 MR. WON S. HAN 671-649-6976 NZAKL','PACIFIC GROCERS GUAM 196 US ARMY JUAN C FEJERAN STREET BARRIGADA,GU 96913-1425 MR. WON S. HAN 671-649-6976 NZAKL','2025-11-26','2025-11-26 01:52:00','2025-11-26 08:00:00','2025-11-26 08:00:00','001 Y000001000200022790968 00000670000000067000MEAT AND EDIBLE MEAT OFFAL 020240RHKGMMTQY',22790.968,'KGM',67.000,'MTQ',1,1,'CREADO','2026-01-16 13:25:16','2026-01-16 13:25:16',10,1,8,NULL,NULL,NULL);
/*!40000 ALTER TABLE `bls` ENABLE KEYS */;
UNLOCK TABLES;

--
-- Table structure for table `itinerarios`
--

DROP TABLE IF EXISTS `itinerarios`;
/*!40101 SET @saved_cs_client     = @@character_set_client */;
/*!50503 SET character_set_client = utf8mb4 */;
CREATE TABLE `itinerarios` (
  `id` int NOT NULL AUTO_INCREMENT,
  `manifiesto_id` int NOT NULL,
  `puerto_id` int NOT NULL,
  `port_type` enum('LOAD','DISCHARGE') NOT NULL,
  `eta` datetime DEFAULT NULL,
  `ets` datetime DEFAULT NULL,
  `orden` int DEFAULT '1',
  `created_at` timestamp NULL DEFAULT CURRENT_TIMESTAMP,
  PRIMARY KEY (`id`),
  KEY `manifiesto_id` (`manifiesto_id`),
  KEY `puerto_id` (`puerto_id`),
  CONSTRAINT `itinerarios_ibfk_1` FOREIGN KEY (`manifiesto_id`) REFERENCES `manifiestos` (`id`) ON DELETE CASCADE,
  CONSTRAINT `itinerarios_ibfk_2` FOREIGN KEY (`puerto_id`) REFERENCES `puertos` (`id`)
) ENGINE=InnoDB AUTO_INCREMENT=4 DEFAULT CHARSET=utf8mb4 COLLATE=utf8mb4_0900_ai_ci;
/*!40101 SET character_set_client = @saved_cs_client */;

--
-- Dumping data for table `itinerarios`
--

LOCK TABLES `itinerarios` WRITE;
/*!40000 ALTER TABLE `itinerarios` DISABLE KEYS */;
INSERT INTO `itinerarios` VALUES (1,1,1,'LOAD',NULL,NULL,1,'2026-01-05 15:54:30'),(2,1,3,'DISCHARGE',NULL,NULL,2,'2026-01-05 15:54:30'),(3,1,8,'DISCHARGE',NULL,NULL,3,'2026-01-05 15:54:30');
/*!40000 ALTER TABLE `itinerarios` ENABLE KEYS */;
UNLOCK TABLES;

--
-- Table structure for table `manifiestos`
--

DROP TABLE IF EXISTS `manifiestos`;
/*!40101 SET @saved_cs_client     = @@character_set_client */;
/*!50503 SET character_set_client = utf8mb4 */;
CREATE TABLE `manifiestos` (
  `id` int NOT NULL AUTO_INCREMENT,
  `viaje` varchar(30) NOT NULL,
  `tipo_operacion` enum('EX','IM','CROSS') NOT NULL,
  `operador_nave` varchar(50) NOT NULL,
  `status` varchar(30) DEFAULT 'En edicin',
  `remark` text,
  `emisor_documento` varchar(50) DEFAULT NULL,
  `representante` varchar(80) DEFAULT NULL,
  `fecha_manifiesto_aduana` date DEFAULT NULL,
  `numero_manifiesto_aduana` varchar(40) DEFAULT NULL,
  `servicio_id` int DEFAULT NULL,
  `nave_id` int DEFAULT NULL,
  `puerto_central_id` int DEFAULT NULL,
  `created_at` timestamp NULL DEFAULT CURRENT_TIMESTAMP,
  `updated_at` timestamp NULL DEFAULT CURRENT_TIMESTAMP ON UPDATE CURRENT_TIMESTAMP,
  PRIMARY KEY (`id`),
  KEY `servicio_id` (`servicio_id`),
  KEY `nave_id` (`nave_id`),
  KEY `puerto_central_id` (`puerto_central_id`),
  CONSTRAINT `manifiestos_ibfk_1` FOREIGN KEY (`servicio_id`) REFERENCES `servicios` (`id`),
  CONSTRAINT `manifiestos_ibfk_2` FOREIGN KEY (`nave_id`) REFERENCES `naves` (`id`),
  CONSTRAINT `manifiestos_ibfk_3` FOREIGN KEY (`puerto_central_id`) REFERENCES `puertos` (`id`)
) ENGINE=InnoDB AUTO_INCREMENT=3 DEFAULT CHARSET=utf8mb4 COLLATE=utf8mb4_0900_ai_ci;
/*!40101 SET character_set_client = @saved_cs_client */;

--
-- Dumping data for table `manifiestos`
--

LOCK TABLES `manifiestos` WRITE;
/*!40000 ALTER TABLE `manifiestos` DISABLE KEYS */;
INSERT INTO `manifiestos` VALUES (1,'028W','EX','1234','En edicin','HOLA','1234','AJBROOM','2025-12-30','1234',1,1,1,'2026-01-05 15:54:30','2026-01-15 12:03:43'),(2,'029W','EX','OP123','En edicin',NULL,'EMI456','AJBROOM','2025-12-29','MFT-1234',1,4,1,'2026-01-05 15:54:30','2026-01-05 15:54:30');
/*!40000 ALTER TABLE `manifiestos` ENABLE KEYS */;
UNLOCK TABLES;

--
-- Table structure for table `naves`
--

DROP TABLE IF EXISTS `naves`;
/*!40101 SET @saved_cs_client     = @@character_set_client */;
/*!50503 SET character_set_client = utf8mb4 */;
CREATE TABLE `naves` (
  `id` int NOT NULL AUTO_INCREMENT,
  `codigo` varchar(20) DEFAULT NULL,
  `nombre` varchar(100) NOT NULL,
  `imo` varchar(20) DEFAULT NULL,
  `bandera` varchar(50) DEFAULT NULL,
  `capacidad_teus` int DEFAULT NULL,
  `created_at` timestamp NULL DEFAULT CURRENT_TIMESTAMP,
  `updated_at` timestamp NULL DEFAULT CURRENT_TIMESTAMP ON UPDATE CURRENT_TIMESTAMP,
  PRIMARY KEY (`id`),
  UNIQUE KEY `codigo` (`codigo`)
) ENGINE=InnoDB AUTO_INCREMENT=6 DEFAULT CHARSET=utf8mb4 COLLATE=utf8mb4_0900_ai_ci;
/*!40101 SET character_set_client = @saved_cs_client */;

--
-- Dumping data for table `naves`
--

LOCK TABLES `naves` WRITE;
/*!40000 ALTER TABLE `naves` DISABLE KEYS */;
INSERT INTO `naves` VALUES (1,'EVLOY','EVER LOYAL',NULL,NULL,NULL,'2026-01-05 15:54:30','2026-01-05 15:54:30'),(2,'WH721','WAN HAI 721',NULL,NULL,NULL,'2026-01-05 15:54:30','2026-01-05 15:54:30'),(3,'KOODY','KOTA ODYSSEY',NULL,NULL,NULL,'2026-01-05 15:54:30','2026-01-05 15:54:30'),(4,'EVFEA','EVER FEAT','IMO9876543','Panam',14000,'2026-01-05 15:54:30','2026-01-12 20:33:10');
/*!40000 ALTER TABLE `naves` ENABLE KEYS */;
UNLOCK TABLES;

--
-- Table structure for table `pms_archivos`
--

DROP TABLE IF EXISTS `pms_archivos`;
/*!40101 SET @saved_cs_client     = @@character_set_client */;
/*!50503 SET character_set_client = utf8mb4 */;
CREATE TABLE `pms_archivos` (
  `id` int NOT NULL AUTO_INCREMENT,
  `manifiesto_id` int NOT NULL,
  `nombre_original` varchar(255) NOT NULL,
  `path_archivo` varchar(255) NOT NULL,
  `created_at` timestamp NULL DEFAULT CURRENT_TIMESTAMP,
  PRIMARY KEY (`id`),
  KEY `fk_pms_archivos_manifiesto` (`manifiesto_id`),
  CONSTRAINT `fk_pms_archivos_manifiesto` FOREIGN KEY (`manifiesto_id`) REFERENCES `manifiestos` (`id`) ON DELETE CASCADE
) ENGINE=InnoDB AUTO_INCREMENT=10 DEFAULT CHARSET=utf8mb4 COLLATE=utf8mb4_0900_ai_ci;
/*!40101 SET character_set_client = @saved_cs_client */;

--
-- Dumping data for table `pms_archivos`
--

LOCK TABLES `pms_archivos` WRITE;
/*!40000 ALTER TABLE `pms_archivos` DISABLE KEYS */;
INSERT INTO `pms_archivos` VALUES (1,1,'VEFT0028W_PIL_CL00_Manifest_202511260152_v403 (3) (1).pms','C:\\Users\\Ignacio Riffo\\Documents\\GitHub\\Formulario_Navieras\\expo-bl-api\\uploads\\pms\\manifiesto_1_1767638998261.pms','2026-01-05 18:49:58'),(2,1,'VEFT0028W_PIL_CL00_Manifest_202511260152_v403 (3) (1).pms','C:\\Users\\Ignacio Riffo\\Documents\\GitHub\\Formulario_Navieras\\expo-bl-api\\uploads\\pms\\manifiesto_1_1767639329565.pms','2026-01-05 18:55:29'),(3,1,'VEFT0028W_PIL_CL00_Manifest_202511260152_v403 (3) (1).pms','C:\\Users\\Ignacio Riffo\\Documents\\GitHub\\Formulario_Navieras\\expo-bl-api\\uploads\\pms\\manifiesto_1_1767641382265.pms','2026-01-05 19:29:42'),(4,2,'4) MULTIPLES-VYEL0090W_PIL_CL00_Manifest_202512262304_v403 (1).pms','C:\\Users\\Ignacio Riffo\\Documents\\GitHub\\Formulario_Navieras\\expo-bl-api\\uploads\\pms\\manifiesto_2_1767715728978.pms','2026-01-06 16:08:48'),(5,1,'6) TBDOS-VYEL0090W_PIL_CL00_Manifest_202512262311_v403 (1).pms','C:\\Users\\Ignacio Riffo\\Documents\\GitHub\\Formulario_Navieras\\expo-bl-api\\uploads\\pms\\manifiesto_1_1768243164682.pms','2026-01-12 18:39:24'),(6,1,'4) MULTIPLES-VYEL0090W_PIL_CL00_Manifest_202512262304_v403 (1).pms','C:\\Users\\Ignacio Riffo\\Documents\\GitHub\\Formulario_Navieras\\expo-bl-api\\uploads\\pms\\manifiesto_1_1768243399639.pms','2026-01-12 18:43:19'),(7,1,'VEFT0028W_PIL_CL00_Manifest_202511260152_v403 (3) (1).pms','C:\\Users\\Ignacio Riffo\\Documents\\GitHub\\Formulario_Navieras\\expo-bl-api\\uploads\\pms\\manifiesto_1_1768243412266.pms','2026-01-12 18:43:32'),(8,1,'VEFT0028W_PIL_CL00_Manifest_202511260152_v403 (3) (1).pms','C:\\Users\\Ignacio Riffo\\Documents\\GitHub\\Formulario_Navieras\\expo-bl-api\\uploads\\pms\\manifiesto_1_1768491103438.pms','2026-01-15 15:31:43'),(9,2,'4) MULTIPLES-VYEL0090W_PIL_CL00_Manifest_202512262304_v403 (1).pms','C:\\Users\\Ignacio Riffo\\Documents\\GitHub\\Formulario_Navieras\\expo-bl-api\\uploads\\pms\\manifiesto_2_1768491245931.pms','2026-01-15 15:34:05');
/*!40000 ALTER TABLE `pms_archivos` ENABLE KEYS */;
UNLOCK TABLES;

--
-- Table structure for table `puertos`
--

DROP TABLE IF EXISTS `puertos`;
/*!40101 SET @saved_cs_client     = @@character_set_client */;
/*!50503 SET character_set_client = utf8mb4 */;
CREATE TABLE `puertos` (
  `id` int NOT NULL AUTO_INCREMENT,
  `codigo` varchar(20) NOT NULL,
  `nombre` varchar(100) NOT NULL,
  `pais` varchar(50) DEFAULT NULL,
  `created_at` timestamp NULL DEFAULT CURRENT_TIMESTAMP,
  `updated_at` timestamp NULL DEFAULT CURRENT_TIMESTAMP ON UPDATE CURRENT_TIMESTAMP,
  PRIMARY KEY (`id`),
  UNIQUE KEY `codigo` (`codigo`)
) ENGINE=InnoDB AUTO_INCREMENT=16 DEFAULT CHARSET=utf8mb4 COLLATE=utf8mb4_0900_ai_ci;
/*!40101 SET character_set_client = @saved_cs_client */;

--
-- Dumping data for table `puertos`
--

LOCK TABLES `puertos` WRITE;
/*!40000 ALTER TABLE `puertos` DISABLE KEYS */;
INSERT INTO `puertos` VALUES (1,'CLVAP','VALPARAISO','Chile','2026-01-05 15:54:30','2026-01-05 15:54:30'),(2,'CLSAI','SAN ANTONIO','Chile','2026-01-05 15:54:30','2026-01-05 15:54:30'),(3,'HKHKG','HONG KONG','China','2026-01-05 15:54:30','2026-01-12 18:47:49'),(4,'CNYTN','YANTIAN','China','2026-01-05 15:54:30','2026-01-05 15:54:30'),(5,'TWKHH','KAOHSIUNG','Taiwan','2026-01-05 15:54:30','2026-01-05 15:54:30'),(6,'CNSHA','SHANGHAI','China','2026-01-05 15:54:30','2026-01-05 15:54:30'),(7,'CNNGB','NINGBO','China','2026-01-05 15:54:30','2026-01-05 15:54:30'),(8,'GUGUM','GUAM','Guam','2026-01-05 15:54:30','2026-01-05 15:54:30'),(9,'PECLL','CALLAO','Per','2026-01-05 15:54:30','2026-01-05 15:54:30'),(10,'CLSCL','SANTIAGO','Chile','2026-01-12 16:22:17','2026-01-12 16:22:55'),(11,'IDSRG','SEMARANG',NULL,'2026-01-12 18:49:36','2026-01-12 18:49:36'),(12,'CNJXN','JIAOXIN',NULL,'2026-01-12 18:49:36','2026-01-12 18:49:36'),(13,'CNSWA','SHANTOU',NULL,'2026-01-12 18:49:36','2026-01-12 18:49:36'),(14,'CLAF','ANTOFAGASTA',NULL,'2026-01-14 12:59:28','2026-01-14 12:59:46'),(15,'CLLA','LOS NGELES',NULL,'2026-01-15 12:03:08','2026-01-15 12:03:08');
/*!40000 ALTER TABLE `puertos` ENABLE KEYS */;
UNLOCK TABLES;

--
-- Table structure for table `servicios`
--

DROP TABLE IF EXISTS `servicios`;
/*!40101 SET @saved_cs_client     = @@character_set_client */;
/*!50503 SET character_set_client = utf8mb4 */;
CREATE TABLE `servicios` (
  `id` int NOT NULL AUTO_INCREMENT,
  `codigo` varchar(20) NOT NULL,
  `nombre` varchar(100) NOT NULL,
  `descripcion` text,
  `frecuencia` varchar(50) DEFAULT NULL,
  `created_at` timestamp NULL DEFAULT CURRENT_TIMESTAMP,
  `updated_at` timestamp NULL DEFAULT CURRENT_TIMESTAMP ON UPDATE CURRENT_TIMESTAMP,
  PRIMARY KEY (`id`),
  UNIQUE KEY `codigo` (`codigo`)
) ENGINE=InnoDB AUTO_INCREMENT=6 DEFAULT CHARSET=utf8mb4 COLLATE=utf8mb4_0900_ai_ci;
/*!40101 SET character_set_client = @saved_cs_client */;

--
-- Dumping data for table `servicios`
--

LOCK TABLES `servicios` WRITE;
/*!40000 ALTER TABLE `servicios` DISABLE KEYS */;
INSERT INTO `servicios` VALUES (1,'WSA','West South America Service','Servicio Asia  Costa Oeste Sudamrica','Weekly','2026-01-05 15:54:30','2026-01-05 15:54:30'),(2,'WS6','West South America Service 6','Servicio Asia  Costa Oeste Sudamrica','Weekly','2026-01-05 15:54:30','2026-01-05 15:54:30'),(3,'PAX','Pacific Express','Servicio Pacfico','Bi-weekly','2026-01-05 15:54:30','2026-01-05 15:54:30'),(4,'EUX','Europe Express','Servicio Europa - Sudamrica',NULL,'2026-01-05 15:54:30','2026-01-05 15:54:30'),(5,'CSA','Caribbean South America','Servicio Caribe',NULL,'2026-01-05 15:54:30','2026-01-05 15:54:30');
/*!40000 ALTER TABLE `servicios` ENABLE KEYS */;
UNLOCK TABLES;

--
-- Table structure for table `tipo_cnt_tipo_bulto`
--

DROP TABLE IF EXISTS `tipo_cnt_tipo_bulto`;
/*!40101 SET @saved_cs_client     = @@character_set_client */;
/*!50503 SET character_set_client = utf8mb4 */;
CREATE TABLE `tipo_cnt_tipo_bulto` (
  `id` int NOT NULL AUTO_INCREMENT,
  `tipo_cnt` varchar(10) NOT NULL,
  `tipo_bulto` varchar(10) NOT NULL,
  `activo` tinyint(1) NOT NULL DEFAULT '1',
  `created_at` timestamp NULL DEFAULT CURRENT_TIMESTAMP,
  `updated_at` timestamp NULL DEFAULT CURRENT_TIMESTAMP ON UPDATE CURRENT_TIMESTAMP,
  PRIMARY KEY (`id`),
  UNIQUE KEY `uq_tipo_cnt` (`tipo_cnt`)
) ENGINE=InnoDB AUTO_INCREMENT=3 DEFAULT CHARSET=utf8mb4 COLLATE=utf8mb4_0900_ai_ci;
/*!40101 SET character_set_client = @saved_cs_client */;

--
-- Dumping data for table `tipo_cnt_tipo_bulto`
--

LOCK TABLES `tipo_cnt_tipo_bulto` WRITE;
/*!40000 ALTER TABLE `tipo_cnt_tipo_bulto` DISABLE KEYS */;
INSERT INTO `tipo_cnt_tipo_bulto` VALUES (1,'45G1','76',1,'2026-01-15 15:12:46','2026-01-15 15:12:46'),(2,'22G1','73',1,'2026-01-15 15:12:46','2026-01-15 15:12:46');
/*!40000 ALTER TABLE `tipo_cnt_tipo_bulto` ENABLE KEYS */;
UNLOCK TABLES;

--
-- Table structure for table `tipos_servicio`
--

DROP TABLE IF EXISTS `tipos_servicio`;
/*!40101 SET @saved_cs_client     = @@character_set_client */;
/*!50503 SET character_set_client = utf8mb4 */;
CREATE TABLE `tipos_servicio` (
  `id` int NOT NULL AUTO_INCREMENT,
  `codigo` varchar(2) NOT NULL,
  `nombre` varchar(20) NOT NULL,
  `descripcion` varchar(100) DEFAULT NULL,
  PRIMARY KEY (`id`),
  UNIQUE KEY `uk_tipos_servicio_codigo` (`codigo`)
) ENGINE=InnoDB AUTO_INCREMENT=3 DEFAULT CHARSET=utf8mb4 COLLATE=utf8mb4_0900_ai_ci;
/*!40101 SET character_set_client = @saved_cs_client */;

--
-- Dumping data for table `tipos_servicio`
--

LOCK TABLES `tipos_servicio` WRITE;
/*!40000 ALTER TABLE `tipos_servicio` DISABLE KEYS */;
INSERT INTO `tipos_servicio` VALUES (1,'FF','FCL/FCL',NULL),(2,'MM','EMPTY',NULL);
/*!40000 ALTER TABLE `tipos_servicio` ENABLE KEYS */;
UNLOCK TABLES;

--
-- Table structure for table `usuarios`
--

DROP TABLE IF EXISTS `usuarios`;
/*!40101 SET @saved_cs_client     = @@character_set_client */;
/*!50503 SET character_set_client = utf8mb4 */;
CREATE TABLE `usuarios` (
  `id` int NOT NULL AUTO_INCREMENT,
  `nombre` varchar(100) DEFAULT NULL,
  `email` varchar(100) DEFAULT NULL,
  `password` varchar(255) DEFAULT NULL,
  `reset_code` varchar(6) DEFAULT NULL,
  `reset_code_expires` datetime DEFAULT NULL,
  `google_id` varchar(100) DEFAULT NULL,
  `foto_perfil` varchar(500) DEFAULT NULL,
  `rol` enum('admin','usuario','operador') DEFAULT 'usuario',
  `activo` tinyint(1) DEFAULT '1',
  `ultimo_acceso` timestamp NULL DEFAULT NULL,
  `created_at` timestamp NULL DEFAULT CURRENT_TIMESTAMP,
  PRIMARY KEY (`id`),
  UNIQUE KEY `email` (`email`),
  UNIQUE KEY `google_id` (`google_id`)
) ENGINE=InnoDB AUTO_INCREMENT=15 DEFAULT CHARSET=utf8mb4 COLLATE=utf8mb4_0900_ai_ci;
/*!40101 SET character_set_client = @saved_cs_client */;

--
-- Dumping data for table `usuarios`
--

LOCK TABLES `usuarios` WRITE;
/*!40000 ALTER TABLE `usuarios` DISABLE KEYS */;
INSERT INTO `usuarios` VALUES (1,'Admin','admin@test.com','HASH',NULL,NULL,NULL,NULL,'admin',1,NULL,'2026-01-05 15:54:30'),(2,'Administrador','admin@broomgroup.cl','$2b$10$3h//Z3ZqLptkeWgCjG2OZumqHGzmnBHf59baX.tOSc5z4slGPVZ6y',NULL,NULL,NULL,NULL,'admin',1,'2026-01-15 13:42:18','2026-01-05 15:57:25'),(3,'Usuario Demo','usuario@broomgroup.cl','$2b$10$vZYqrc/ybflxZ9jwkWQzH.BSPrfxb4C7md2F6FxhUu0ML3fHSwSDK',NULL,NULL,NULL,NULL,'usuario',1,NULL,'2026-01-05 15:57:25'),(4,'Operador PIL','operador@broomgroup.cl','$2b$10$JOWZGjoiQDS.UbpVysRqW.aaaKPtsvtNGqFKDvm.e4v2aNm4UsaC6',NULL,NULL,NULL,NULL,'usuario',1,NULL,'2026-01-05 15:57:25'),(11,'ALMENDRA . PAVEZ BRIONES','alm.pavez@duocuc.cl','$2b$10$7JuZvKSpr83D6nsED85q7eEKNOPQnWwPAWzbHQmPTqL/wau7nnEhu',NULL,NULL,'109974620391524188812','https://lh3.googleusercontent.com/a/ACg8ocJX9NpuUVtjCQ8MJblKShTEFYv3PNf39oilwZyoqb5rs-SJRheK=s96-c','usuario',1,'2026-01-15 12:05:32','2026-01-14 19:35:31'),(12,'Almendra Pavez','sujuu.aesthetic@gmail.com',NULL,NULL,NULL,'105074930850393443271','https://lh3.googleusercontent.com/a/ACg8ocJbjauv5cDjV7sUX2U04YnnbmPpzFtk6_maM6XovfyHtMp20VCt=s96-c','usuario',1,'2026-01-14 19:45:04','2026-01-14 19:45:04'),(13,'Almendra Pavez','apavez@broomgroup.com','$2b$10$yWQiaIlxrCxsshN.ufEryuc6RSY2PqiWi1Hg6Oayjtxlc.jpm9T86',NULL,NULL,'110618013735854447228','https://lh3.googleusercontent.com/a/ACg8ocKm6aiKTAYIgpklib37xzzBnUw8OyEF2869SC2TS-s5U1q_=s96-c','admin',1,'2026-01-15 13:49:18','2026-01-14 19:52:52'),(14,'Ignacio Riffo','iriffo@broomgroup.com','$2b$10$Z5juSy16cRyuLzfcEVovseYwWctwNAXk3VZ/fJVNvFZhTGrAk6Hda',NULL,NULL,'116800619475280199632','https://lh3.googleusercontent.com/a/ACg8ocK5_I2T_oyvtMK04lQaFHbYhaCquTYab5LCZRdxcJkqVDJJMg=s96-c','admin',1,'2026-01-15 14:25:41','2026-01-15 14:23:48');
/*!40000 ALTER TABLE `usuarios` ENABLE KEYS */;
UNLOCK TABLES;
/*!40103 SET TIME_ZONE=@OLD_TIME_ZONE */;

/*!40101 SET SQL_MODE=@OLD_SQL_MODE */;
/*!40014 SET FOREIGN_KEY_CHECKS=@OLD_FOREIGN_KEY_CHECKS */;
/*!40014 SET UNIQUE_CHECKS=@OLD_UNIQUE_CHECKS */;
/*!40101 SET CHARACTER_SET_CLIENT=@OLD_CHARACTER_SET_CLIENT */;
/*!40101 SET CHARACTER_SET_RESULTS=@OLD_CHARACTER_SET_RESULTS */;
/*!40101 SET COLLATION_CONNECTION=@OLD_COLLATION_CONNECTION */;
/*!40111 SET SQL_NOTES=@OLD_SQL_NOTES */;

-- Dump completed on 2026-01-16 10:27:39
